{
<<<<<<< Updated upstream
  "ema_delay": 30.799999999999997,
=======
  "ema_delay": 20.999999999999996,
>>>>>>> Stashed changes
  "alpha": 0.15,
  "samples": 2
}