{
  "method": "platt",
  "applied": true,
  "parameters": {
    "slope": 0.4803659025640123,
    "intercept": 0.2222098818375202,
    "domain": "logit"
  },
  "thresholds": {
    "default": 0.23600167202683853
  },
  "metrics": {
    "train": {
      "num_samples": 87,
      "positive_rate": 0.39080459770114945,
      "roc_auc": 1.0,
      "brier_score": 0.001924087058074777
    },
    "calibration": {
      "num_samples": 22,
      "positive_rate": 0.36363636363636365,
      "roc_auc": 0.8214285714285714,
      "brier_score": 0.17710097045491746
    }
  }
}
