{
  "method": "platt",
  "applied": true,
  "parameters": {
    "slope": 1.0503985773164126,
    "intercept": -9.693522315437564,
    "domain": "logit"
  },
  "thresholds": {
    "default": 0.9999908470668999
  },
  "metrics": {
    "train": {
      "num_samples": 88,
      "positive_rate": 0.8863636363636364,
      "roc_auc": 1.0,
      "brier_score": 3.256229993988077e-08
    },
    "calibration": {
      "num_samples": 22,
      "positive_rate": 0.9090909090909091,
      "roc_auc": 1.0,
      "brier_score": 0.09058103624063552
    }
  }
}
