{
  "method": "platt",
  "applied": true,
  "parameters": {
    "slope": 0.7399758516737348,
    "intercept": -3.297371941810996,
    "domain": "logit"
  },
  "thresholds": {
    "default": 0.9973008913345398
  },
  "metrics": {
    "train": {
      "num_samples": 196,
      "positive_rate": 0.015306122448979591,
      "roc_auc": 1.0,
      "brier_score": 8.165562269674531e-08
    },
    "calibration": {
      "num_samples": 49,
      "positive_rate": 0.02040816326530612,
      "roc_auc": 1.0,
      "brier_score": 0.018521589060737958
    }
  }
}
