{
  "method": "platt",
  "applied": true,
  "parameters": {
    "slope": 0.7398707705633785,
    "intercept": 0.03951800204917973,
    "domain": "logit"
  },
  "thresholds": {
    "default": 0.37561891720823787,
    "long": 0.37561891720823787,
    "short": 0.2946034127817559
  },
  "metrics": {
    "train": {
      "num_samples": 360,
      "positive_rate": 0.6583333333333333,
      "roc_auc": 0.9999313917189805,
      "brier_score": 0.047192463923082836
    },
    "calibration": {
      "num_samples": 120,
      "positive_rate": 0.6583333333333333,
      "roc_auc": 0.6807656684161777,
      "brier_score": 0.20573267877994625
    }
  }
}
