{
  "generated_utc": "2025-10-21T14:50:34.964705+00:00",
  "total_signals": 324,
  "trade_candidates": 17,
  "resolved_trades": 17,
  "win_rate": 0.058823529411764705,
  "assets": {
    "GOLD_CFD": {
      "signals": 13,
      "resolved": 13,
      "wins": 1,
      "win_rate": 0.07692307692307693,
      "avg_validation_rr": -0.7692307692307693
    },
    "USOIL": {
      "signals": 4,
      "resolved": 4,
      "wins": 0,
      "win_rate": 0.0,
      "avg_validation_rr": -1.0
    }
  }
}