{
  "EURUSD": {
    "close_reason": null,
    "closed_at_utc": null,
    "cooldown_until_utc": null,
    "entry": 1.17586,
    "opened_at_utc": "2025-12-29T18:51:28Z",
    "side": "short",
    "sl": 1.1876186,
    "tp1": 1.1546945199999998,
    "tp2": 1.1441117799999998
  }
}
