p_score,rel_atr,ema21_slope,bias_long,bias_short,momentum_vol_ratio,order_flow_imbalance,order_flow_pressure,order_flow_aggressor,news_sentiment,news_event_severity,realtime_confidence,volatility_ratio,volatility_regime_flag
39.99764278665592,0.0031350808798540374,0.0011928367582152684,0.0,0.0,0.8557103024057439,-0.23007777967053905,-2.4089010790210824e-06,0.0,0.0,0.0,1.0,0.0,0.0
33.770021570287184,0.0032788273819292792,0.0011609337191004288,0.0,0.0,0.05467586683232654,0.024132577670538502,-2.472533864498276e-05,0.0,0.0,0.0,1.0,0.0,0.0
