p_score,rel_atr,ema21_slope,bias_long,bias_short,momentum_vol_ratio,order_flow_imbalance,order_flow_pressure,order_flow_aggressor,news_sentiment,news_event_severity,realtime_confidence,volatility_ratio,volatility_regime_flag
39.99764278665592,0.0031350808798540374,0.0011928367582152684,0.0,0.0,0.8557103024057439,-0.23007777967053905,-2.4089010790210824e-06,0.0,0.0,0.0,1.0,0.0,0.0
33.770021570287184,0.0032788273819292792,0.0011609337191004288,0.0,0.0,0.05467586683232654,0.024132577670538502,-2.472533864498276e-05,0.0,0.0,0.0,1.0,0.0,0.0
72.36068598865984,0.0036338151122894684,0.0013617893110648973,1.0,0.0,0.05493586405875456,0.0806985036681138,0.00011243777705470057,0.0,0.0,0.0,1.0,0.0,0.0
90.68902977679092,0.004297054003464049,0.002123638538223131,1.0,0.0,0.08024646683199033,0.18089981843151576,-0.0010046684378698407,0.0,0.0,0.0,1.0,0.0,0.0
57.64532757906902,0.003193889477833068,0.002130878646872792,0.0,0.0,0.07354337932060895,-0.48250696222903283,0.0005531581178198545,0.0,0.0,0.0,1.0,0.0,0.0
