p_score,rel_atr,ema21_slope,bias_long,bias_short,momentum_vol_ratio,order_flow_imbalance,order_flow_pressure,order_flow_aggressor,news_sentiment,news_event_severity,realtime_confidence,volatility_ratio,volatility_regime_flag
2.133186068117575,0.006348107109879978,0.0006574830254686519,0.0,0.0,0.9348003012741385,-0.12399558204352724,-5.817387026408501e-05,0.0,0.0,0.0,1.0,0.0,0.0
38.33118858226254,0.007016883116883108,0.002052280601851919,0.0,0.0,0.1024891336022636,0.37718812139387814,1.5627238035257183e-05,0.0,0.0,0.0,1.0,0.0,0.0
