p_score,rel_atr,ema21_slope,bias_long,bias_short,momentum_vol_ratio,order_flow_imbalance,order_flow_pressure,order_flow_aggressor,news_sentiment,news_event_severity,realtime_confidence,volatility_ratio,volatility_regime_flag
2.133186068117575,0.006348107109879978,0.0006574830254686519,0.0,0.0,0.9348003012741385,-0.12399558204352724,-5.817387026408501e-05,0.0,0.0,0.0,1.0,0.0,0.0
38.33118858226254,0.007016883116883108,0.002052280601851919,0.0,0.0,0.1024891336022636,0.37718812139387814,1.5627238035257183e-05,0.0,0.0,0.0,1.0,0.0,0.0
51.07001721524191,0.003270538984824734,-0.006955675503394067,0.0,0.0,0.07388045175206867,0.633752151905239,-0.0001418326839527166,0.0,0.0,0.0,1.0,0.0,0.0
80.3139449951554,0.0026236389872753645,-0.006355939116694435,0.0,1.0,0.6671831832691565,-0.7142431243944249,-0.0002536086029547865,0.0,0.0,0.0,0.4,0.0,0.0
81.92081457309266,0.0024051133368476673,-0.006804578554082691,0.0,1.0,0.5833079394377356,-0.6151018216365814,8.007450016494546e-05,0.0,0.0,0.0,1.0,0.0,0.0
61.04693992139248,0.0018154211777132434,-0.0072438394371368165,0.0,1.0,0.3445335135397614,-0.2558674901740595,6.509978038338538e-06,0.0,0.0,0.0,1.0,0.0,0.0
