{
<<<<<<< Updated upstream
  "ema_delay": 37.349999999999994,
=======
  "ema_delay": 25.999999999999996,
>>>>>>> Stashed changes
  "alpha": 0.15,
  "samples": 2
}