asset,status,signal,probability,spot_latency_seconds,expected_spot_latency_seconds,signal_age_minutes,last_error
EURUSD,error,no entry,0,161760,1200,0.06474136666666667,
GOLD_CFD,error,no entry,0,107161,2700,0.048074700000000005,
USDJPY,error,no entry,0,164761,1200,0.048074700000000005,
USOIL,error,no entry,0,164762,2700,0.031408033333333335,
NVDA,error,no entry,0,168363,900,0.014741366666666667,
SRTY,error,no entry,0,168363,900,0.014741366666666667,
