asset,status,signal,probability,spot_latency_seconds,expected_spot_latency_seconds,signal_age_minutes,last_error
EURUSD,error,no entry,0,162479,1200,0.056966083333333334,
GOLD_CFD,error,no entry,0,107879,2700,0.056966083333333334,
USDJPY,error,no entry,0,165480,1200,0.04029941666666667,
USOIL,error,no entry,0,165481,2700,0.023632749999999998,
NVDA,error,no entry,0,169081,900,0.023632749999999998,
SRTY,error,no entry,0,169082,900,0.006966083333333333,
