asset,status,signal,probability,spot_latency_seconds,expected_spot_latency_seconds,signal_age_minutes,last_error
EURUSD,error,no entry,0,150921,1200,0.052599183333333334,
GOLD_CFD,error,no entry,0,96321,2700,0.052599183333333334,
USDJPY,error,no entry,0,153922,1200,0.035932516666666664,
USOIL,error,no entry,0,153922,2700,0.035932516666666664,
NVDA,error,no entry,0,157523,900,0.019265849999999998,
SRTY,error,no entry,0,157524,900,0.0025991833333333333,
