asset,status,signal,probability,spot_latency_seconds,expected_spot_latency_seconds,signal_age_minutes,last_error
EURUSD,error,no entry,0,153644,1200,0.058840050000000005,
GOLD_CFD,error,no entry,0,99045,2700,0.042173383333333335,
USDJPY,error,no entry,0,156645,1200,0.042173383333333335,
USOIL,error,no entry,0,156646,2700,0.025506716666666665,
NVDA,error,no entry,0,160246,900,0.025506716666666665,
SRTY,error,no entry,0,160247,900,0.008840049999999999,
