asset,status,signal,probability,spot_latency_seconds,expected_spot_latency_seconds,signal_age_minutes,last_error
EURUSD,error,no entry,0,155849,1200,0.06313053333333334,
GOLD_CFD,error,no entry,0,101250,2700,0.046463866666666666,
USDJPY,error,no entry,0,158850,1200,0.046463866666666666,
USOIL,error,no entry,0,158851,2700,0.029797200000000003,
NVDA,error,no entry,0,162452,900,0.013130533333333333,
SRTY,error,no entry,0,162452,900,0.013130533333333333,
