asset,status,signal,probability,spot_latency_seconds,expected_spot_latency_seconds,signal_age_minutes,last_error
EURUSD,error,no entry,0,164789,1200,0.06049726666666667,
GOLD_CFD,error,no entry,0,110190,2700,0.043830600000000004,
USDJPY,error,no entry,0,167790,1200,0.043830600000000004,
USOIL,error,no entry,0,167791,2700,0.027163933333333334,
NVDA,error,no entry,0,171391,900,0.010497266666666666,
SRTY,error,no entry,0,171392,900,0.010497266666666666,
