{
  "generated_utc": "2025-12-17T21:43:12.543703+00:00",
  "evaluated_trades": 214,
  "resolved_trades": 162,
  "wins": 89,
  "losses": 73,
  "ambiguous": 0,
  "win_rate": 0.5493827160493827,
  "avg_validation_rr": 0.3786603349070683,
  "max_drawdown_rr": 4.9317658372201905,
  "rule_based_performance": {
    "trades": 214,
    "resolved": 162,
    "wins": 89,
    "losses": 73,
    "ambiguous": 0,
    "win_rate": 0.5493827160493827,
    "avg_validation_rr": 0.3786603349070683,
    "max_drawdown_rr": 4.9317658372201905
  },
  "assets": {
    "BTCUSD": {
      "trades": 55,
      "resolved": 37,
      "win_rate": 0.43243243243243246,
      "avg_validation_rr": -0.13932372371550417
    },
    "EURUSD": {
      "trades": 48,
      "resolved": 41,
      "win_rate": 0.1951219512195122,
      "avg_validation_rr": -0.06573255882084544
    },
    "GOLD_CFD": {
      "trades": 30,
      "resolved": 16,
      "win_rate": 1.0,
      "avg_validation_rr": 0.689224963603244
    },
    "NVDA": {
      "trades": 4,
      "resolved": 4,
      "win_rate": 0.5,
      "avg_validation_rr": 0.40249999999999553
    },
    "USOIL": {
      "trades": 16,
      "resolved": 9,
      "win_rate": 0.0,
      "avg_validation_rr": -0.9559062148897175
    },
    "XAGUSD": {
      "trades": 61,
      "resolved": 55,
      "win_rate": 0.8545454545454545,
      "avg_validation_rr": 1.1847007901896174
    }
  }
}
