{
  "generated_utc": "2025-12-19T15:46:16.588576+00:00",
  "evaluated_trades": 326,
  "resolved_trades": 148,
  "wins": 83,
  "losses": 64,
  "ambiguous": 1,
  "win_rate": 0.5608108108108109,
  "avg_validation_rr": 0.14105001941878964,
  "max_drawdown_rr": 20.463338096910505,
  "rule_based_performance": {
    "trades": 326,
    "resolved": 148,
    "wins": 83,
    "losses": 64,
    "ambiguous": 1,
    "win_rate": 0.5608108108108109,
    "avg_validation_rr": 0.14105001941878964,
    "max_drawdown_rr": 20.463338096910505
  },
  "assets": {
    "BTCUSD": {
      "trades": 72,
      "resolved": 24,
      "win_rate": 0.3333333333333333,
      "avg_validation_rr": 0.04200500014970463
    },
    "EURUSD": {
      "trades": 60,
      "resolved": 18,
      "win_rate": 0.2222222222222222,
      "avg_validation_rr": -0.12026520871003853
    },
    "GOLD_CFD": {
      "trades": 53,
      "resolved": 28,
      "win_rate": 0.9642857142857143,
      "avg_validation_rr": 0.18260469317015823
    },
    "NVDA": {
      "trades": 7,
      "resolved": 4,
      "win_rate": 0.25,
      "avg_validation_rr": -0.4698759031024214
    },
    "USOIL": {
      "trades": 34,
      "resolved": 21,
      "win_rate": 0.38095238095238093,
      "avg_validation_rr": -0.3226803551216869
    },
    "XAGUSD": {
      "trades": 100,
      "resolved": 53,
      "win_rate": 0.660377358490566,
      "avg_validation_rr": 0.4825455903465911
    }
  }
}
