{
  "generated_utc": "2025-12-15T21:07:34.888063+00:00",
  "evaluated_trades": 67,
  "resolved_trades": 48,
  "wins": 33,
  "losses": 14,
  "ambiguous": 1,
  "win_rate": 0.6875,
  "avg_validation_rr": 0.6350439510546716,
  "max_drawdown_rr": 4.8883224207961256,
  "rule_based_performance": {
    "trades": 67,
    "resolved": 48,
    "wins": 33,
    "losses": 14,
    "ambiguous": 1,
    "win_rate": 0.6875,
    "avg_validation_rr": 0.6350439510546716,
    "max_drawdown_rr": 4.8883224207961256
  },
  "assets": {
    "BTCUSD": {
      "trades": 25,
      "resolved": 25,
      "win_rate": 0.8,
      "avg_validation_rr": 1.200555892319434
    },
    "EURUSD": {
      "trades": 10,
      "resolved": 10,
      "win_rate": 0.6,
      "avg_validation_rr": 0.012871810832902439
    },
    "GOLD_CFD": {
      "trades": 15,
      "resolved": 1,
      "win_rate": 0.0,
      "avg_validation_rr": -1.0
    },
    "USOIL": {
      "trades": 7,
      "resolved": 3,
      "win_rate": 1.0,
      "avg_validation_rr": 0.7945537954503116
    },
    "XAGUSD": {
      "trades": 10,
      "resolved": 9,
      "win_rate": 0.4444444444444444,
      "avg_validation_rr": -0.11601857244906347
    }
  }
}
