{
  "generated_utc": "2025-12-15T17:49:42.780292+00:00",
  "evaluated_trades": 55,
  "resolved_trades": 38,
  "wins": 20,
  "losses": 18,
  "ambiguous": 0,
  "win_rate": 0.5263157894736842,
  "avg_validation_rr": 0.3842920593513367,
  "max_drawdown_rr": 4.320542859117996,
  "rule_based_performance": {
    "trades": 55,
    "resolved": 38,
    "wins": 20,
    "losses": 18,
    "ambiguous": 0,
    "win_rate": 0.5263157894736842,
    "avg_validation_rr": 0.3842920593513367,
    "max_drawdown_rr": 4.320542859117996
  },
  "assets": {
    "BTCUSD": {
      "trades": 20,
      "resolved": 20,
      "win_rate": 0.55,
      "avg_validation_rr": 0.8098367653733118
    },
    "EURUSD": {
      "trades": 7,
      "resolved": 7,
      "win_rate": 0.42857142857142855,
      "avg_validation_rr": -0.019920192877645602
    },
    "GOLD_CFD": {
      "trades": 14,
      "resolved": 1,
      "win_rate": 0.0,
      "avg_validation_rr": -1.0
    },
    "USOIL": {
      "trades": 7,
      "resolved": 3,
      "win_rate": 1.0,
      "avg_validation_rr": 0.7250623739937726
    },
    "XAGUSD": {
      "trades": 7,
      "resolved": 7,
      "win_rate": 0.42857142857142855,
      "avg_validation_rr": -0.3756261177076059
    }
  }
}
