{
  "generated_utc": "2025-12-15T23:51:05.687457+00:00",
  "evaluated_trades": 78,
  "resolved_trades": 61,
  "wins": 43,
  "losses": 18,
  "ambiguous": 0,
  "win_rate": 0.7049180327868853,
  "avg_validation_rr": 0.5884420509491567,
  "max_drawdown_rr": 2.276498541137549,
  "rule_based_performance": {
    "trades": 78,
    "resolved": 61,
    "wins": 43,
    "losses": 18,
    "ambiguous": 0,
    "win_rate": 0.7049180327868853,
    "avg_validation_rr": 0.5884420509491567,
    "max_drawdown_rr": 2.276498541137549
  },
  "assets": {
    "BTCUSD": {
      "trades": 29,
      "resolved": 29,
      "win_rate": 0.6551724137931034,
      "avg_validation_rr": 0.9661313618564782
    },
    "EURUSD": {
      "trades": 13,
      "resolved": 13,
      "win_rate": 0.6923076923076923,
      "avg_validation_rr": 0.02437060327368952
    },
    "GOLD_CFD": {
      "trades": 17,
      "resolved": 4,
      "win_rate": 0.5,
      "avg_validation_rr": -0.16024629778934735
    },
    "USOIL": {
      "trades": 7,
      "resolved": 3,
      "win_rate": 1.0,
      "avg_validation_rr": 0.7945537954503116
    },
    "XAGUSD": {
      "trades": 12,
      "resolved": 12,
      "win_rate": 0.8333333333333334,
      "avg_validation_rr": 0.48480513135909836
    }
  }
}
