{
  "generated_utc": "2025-12-18T03:45:14.047874+00:00",
  "evaluated_trades": 236,
  "resolved_trades": 162,
  "wins": 75,
  "losses": 87,
  "ambiguous": 0,
  "win_rate": 0.46296296296296297,
  "avg_validation_rr": 0.22659289872724742,
  "max_drawdown_rr": 13.885861969413604,
  "rule_based_performance": {
    "trades": 236,
    "resolved": 162,
    "wins": 75,
    "losses": 87,
    "ambiguous": 0,
    "win_rate": 0.46296296296296297,
    "avg_validation_rr": 0.22659289872724742,
    "max_drawdown_rr": 13.885861969413604
  },
  "assets": {
    "BTCUSD": {
      "trades": 58,
      "resolved": 31,
      "win_rate": 0.3870967741935484,
      "avg_validation_rr": -0.23183774443575372
    },
    "EURUSD": {
      "trades": 54,
      "resolved": 42,
      "win_rate": 0.11904761904761904,
      "avg_validation_rr": -0.07764454317564778
    },
    "GOLD_CFD": {
      "trades": 34,
      "resolved": 18,
      "win_rate": 0.6111111111111112,
      "avg_validation_rr": 0.35815993693907777
    },
    "NVDA": {
      "trades": 4,
      "resolved": 4,
      "win_rate": 0.5,
      "avg_validation_rr": 0.40249999999999553
    },
    "USOIL": {
      "trades": 18,
      "resolved": 11,
      "win_rate": 0.09090909090909091,
      "avg_validation_rr": -0.7063198480070277
    },
    "XAGUSD": {
      "trades": 68,
      "resolved": 56,
      "win_rate": 0.7857142857142857,
      "avg_validation_rr": 0.8369416062120284
    }
  }
}
