{
  "generated_utc": "2025-12-16T20:02:22.453470+00:00",
  "evaluated_trades": 149,
  "resolved_trades": 124,
  "wins": 80,
  "losses": 44,
  "ambiguous": 0,
  "win_rate": 0.6451612903225806,
  "avg_validation_rr": 0.2394135490252022,
  "max_drawdown_rr": 15.697382054184672,
  "rule_based_performance": {
    "trades": 149,
    "resolved": 124,
    "wins": 80,
    "losses": 44,
    "ambiguous": 0,
    "win_rate": 0.6451612903225806,
    "avg_validation_rr": 0.2394135490252022,
    "max_drawdown_rr": 15.697382054184672
  },
  "assets": {
    "BTCUSD": {
      "trades": 43,
      "resolved": 37,
      "win_rate": 0.4594594594594595,
      "avg_validation_rr": 0.31208820223893735
    },
    "EURUSD": {
      "trades": 38,
      "resolved": 37,
      "win_rate": 0.7567567567567568,
      "avg_validation_rr": 0.022843295430533424
    },
    "GOLD_CFD": {
      "trades": 23,
      "resolved": 9,
      "win_rate": 0.8888888888888888,
      "avg_validation_rr": 0.16509330425056115
    },
    "NVDA": {
      "trades": 4,
      "resolved": 4,
      "win_rate": 0.25,
      "avg_validation_rr": -0.2780254562964791
    },
    "USOIL": {
      "trades": 8,
      "resolved": 4,
      "win_rate": 1.0,
      "avg_validation_rr": 1.8599999999999997
    },
    "XAGUSD": {
      "trades": 33,
      "resolved": 33,
      "win_rate": 0.6666666666666666,
      "avg_validation_rr": 0.2873053561298642
    }
  }
}
