{
  "generated_utc": "2025-12-19T04:10:22.763861+00:00",
  "evaluated_trades": 300,
  "resolved_trades": 150,
  "wins": 41,
  "losses": 109,
  "ambiguous": 0,
  "win_rate": 0.2733333333333333,
  "avg_validation_rr": -0.22926306348389408,
  "max_drawdown_rr": 41.69832745362061,
  "rule_based_performance": {
    "trades": 300,
    "resolved": 150,
    "wins": 41,
    "losses": 109,
    "ambiguous": 0,
    "win_rate": 0.2733333333333333,
    "avg_validation_rr": -0.22926306348389408,
    "max_drawdown_rr": 41.69832745362061
  },
  "assets": {
    "BTCUSD": {
      "trades": 69,
      "resolved": 26,
      "win_rate": 0.23076923076923078,
      "avg_validation_rr": -0.19916572919040051
    },
    "EURUSD": {
      "trades": 58,
      "resolved": 19,
      "win_rate": 0.21052631578947367,
      "avg_validation_rr": -0.10248991706167977
    },
    "GOLD_CFD": {
      "trades": 45,
      "resolved": 22,
      "win_rate": 0.09090909090909091,
      "avg_validation_rr": -0.2881845697825398
    },
    "NVDA": {
      "trades": 7,
      "resolved": 7,
      "win_rate": 1.0,
      "avg_validation_rr": 1.252776070402028
    },
    "USOIL": {
      "trades": 28,
      "resolved": 19,
      "win_rate": 0.7368421052631579,
      "avg_validation_rr": 0.3429936497504072
    },
    "XAGUSD": {
      "trades": 93,
      "resolved": 57,
      "win_rate": 0.14035087719298245,
      "avg_validation_rr": -0.6352647972336464
    }
  }
}
