{
  "generated_utc": "2025-12-16T06:44:56.312500+00:00",
  "evaluated_trades": 96,
  "resolved_trades": 77,
  "wins": 31,
  "losses": 46,
  "ambiguous": 0,
  "win_rate": 0.4025974025974026,
  "avg_validation_rr": 0.18453048731516067,
  "max_drawdown_rr": 16.82304910103658,
  "rule_based_performance": {
    "trades": 96,
    "resolved": 77,
    "wins": 31,
    "losses": 46,
    "ambiguous": 0,
    "win_rate": 0.4025974025974026,
    "avg_validation_rr": 0.18453048731516067,
    "max_drawdown_rr": 16.82304910103658
  },
  "assets": {
    "BTCUSD": {
      "trades": 35,
      "resolved": 33,
      "win_rate": 0.5151515151515151,
      "avg_validation_rr": 0.6610860091179306
    },
    "EURUSD": {
      "trades": 17,
      "resolved": 17,
      "win_rate": 0.35294117647058826,
      "avg_validation_rr": -0.0072427820423198
    },
    "GOLD_CFD": {
      "trades": 20,
      "resolved": 7,
      "win_rate": 0.14285714285714285,
      "avg_validation_rr": -0.45885149931100194
    },
    "USOIL": {
      "trades": 7,
      "resolved": 3,
      "win_rate": 1.0,
      "avg_validation_rr": 1.1246263209846934
    },
    "XAGUSD": {
      "trades": 17,
      "resolved": 17,
      "win_rate": 0.23529411764705882,
      "avg_validation_rr": -0.44975187945188055
    }
  }
}
