{
  "generated_utc": "2025-12-19T09:45:12.263430+00:00",
  "evaluated_trades": 316,
  "resolved_trades": 155,
  "wins": 75,
  "losses": 80,
  "ambiguous": 0,
  "win_rate": 0.4838709677419355,
  "avg_validation_rr": -0.01925203779294217,
  "max_drawdown_rr": 30.892940373785112,
  "rule_based_performance": {
    "trades": 316,
    "resolved": 155,
    "wins": 75,
    "losses": 80,
    "ambiguous": 0,
    "win_rate": 0.4838709677419355,
    "avg_validation_rr": -0.01925203779294217,
    "max_drawdown_rr": 30.892940373785112
  },
  "assets": {
    "BTCUSD": {
      "trades": 72,
      "resolved": 27,
      "win_rate": 0.2962962962962963,
      "avg_validation_rr": -0.1591150912579973
    },
    "EURUSD": {
      "trades": 58,
      "resolved": 18,
      "win_rate": 0.16666666666666666,
      "avg_validation_rr": -0.17459138689720083
    },
    "GOLD_CFD": {
      "trades": 49,
      "resolved": 25,
      "win_rate": 0.36,
      "avg_validation_rr": -0.09171418175016056
    },
    "NVDA": {
      "trades": 7,
      "resolved": 7,
      "win_rate": 1.0,
      "avg_validation_rr": 1.252776070402028
    },
    "USOIL": {
      "trades": 34,
      "resolved": 22,
      "win_rate": 0.9090909090909091,
      "avg_validation_rr": 0.42011733770388954
    },
    "XAGUSD": {
      "trades": 96,
      "resolved": 56,
      "win_rate": 0.5,
      "avg_validation_rr": -0.20115130014886148
    }
  }
}
