{
  "generated_utc": "2025-12-18T23:36:14.010979+00:00",
  "evaluated_trades": 291,
  "resolved_trades": 149,
  "wins": 70,
  "losses": 79,
  "ambiguous": 0,
  "win_rate": 0.4697986577181208,
  "avg_validation_rr": 0.0536222729921917,
  "max_drawdown_rr": 10.840123638600197,
  "rule_based_performance": {
    "trades": 291,
    "resolved": 149,
    "wins": 70,
    "losses": 79,
    "ambiguous": 0,
    "win_rate": 0.4697986577181208,
    "avg_validation_rr": 0.0536222729921917,
    "max_drawdown_rr": 10.840123638600197
  },
  "assets": {
    "BTCUSD": {
      "trades": 66,
      "resolved": 23,
      "win_rate": 0.6521739130434783,
      "avg_validation_rr": 0.7243383674151921
    },
    "EURUSD": {
      "trades": 58,
      "resolved": 22,
      "win_rate": 0.18181818181818182,
      "avg_validation_rr": -0.10336823025780156
    },
    "GOLD_CFD": {
      "trades": 44,
      "resolved": 21,
      "win_rate": 0.5714285714285714,
      "avg_validation_rr": 0.06166223960553835
    },
    "NVDA": {
      "trades": 7,
      "resolved": 7,
      "win_rate": 1.0,
      "avg_validation_rr": 1.252776070402028
    },
    "USOIL": {
      "trades": 27,
      "resolved": 19,
      "win_rate": 0.7368421052631579,
      "avg_validation_rr": 0.15362041389269865
    },
    "XAGUSD": {
      "trades": 89,
      "resolved": 57,
      "win_rate": 0.3157894736842105,
      "avg_validation_rr": -0.3399840367988246
    }
  }
}
