{
  "generated_utc": "2025-12-15T22:23:01.468839+00:00",
  "evaluated_trades": 74,
  "resolved_trades": 57,
  "wins": 42,
  "losses": 15,
  "ambiguous": 0,
  "win_rate": 0.7368421052631579,
  "avg_validation_rr": 0.6318905778880222,
  "max_drawdown_rr": 2.0,
  "rule_based_performance": {
    "trades": 74,
    "resolved": 57,
    "wins": 42,
    "losses": 15,
    "ambiguous": 0,
    "win_rate": 0.7368421052631579,
    "avg_validation_rr": 0.6318905778880222,
    "max_drawdown_rr": 2.0
  },
  "assets": {
    "BTCUSD": {
      "trades": 27,
      "resolved": 27,
      "win_rate": 0.7037037037037037,
      "avg_validation_rr": 1.0810098318917156
    },
    "EURUSD": {
      "trades": 12,
      "resolved": 12,
      "win_rate": 0.5833333333333334,
      "avg_validation_rr": 0.009804521100008843
    },
    "GOLD_CFD": {
      "trades": 16,
      "resolved": 3,
      "win_rate": 0.6666666666666666,
      "avg_validation_rr": -0.3108704927762595
    },
    "USOIL": {
      "trades": 7,
      "resolved": 3,
      "win_rate": 1.0,
      "avg_validation_rr": 0.6555709525372214
    },
    "XAGUSD": {
      "trades": 12,
      "resolved": 12,
      "win_rate": 0.9166666666666666,
      "avg_validation_rr": 0.4732284871714953
    }
  }
}
