{
  "generated_utc": "2025-12-17T03:33:25.349885+00:00",
  "evaluated_trades": 163,
  "resolved_trades": 133,
  "wins": 65,
  "losses": 68,
  "ambiguous": 0,
  "win_rate": 0.48872180451127817,
  "avg_validation_rr": 0.46133563529593674,
  "max_drawdown_rr": 4.031510547517051,
  "rule_based_performance": {
    "trades": 163,
    "resolved": 133,
    "wins": 65,
    "losses": 68,
    "ambiguous": 0,
    "win_rate": 0.48872180451127817,
    "avg_validation_rr": 0.46133563529593674,
    "max_drawdown_rr": 4.031510547517051
  },
  "assets": {
    "BTCUSD": {
      "trades": 45,
      "resolved": 33,
      "win_rate": 0.36363636363636365,
      "avg_validation_rr": -0.07366694126445528
    },
    "EURUSD": {
      "trades": 40,
      "resolved": 40,
      "win_rate": 0.1,
      "avg_validation_rr": -0.10645979354768376
    },
    "GOLD_CFD": {
      "trades": 24,
      "resolved": 11,
      "win_rate": 0.9090909090909091,
      "avg_validation_rr": 0.2879214010138964
    },
    "NVDA": {
      "trades": 4,
      "resolved": 4,
      "win_rate": 0.25,
      "avg_validation_rr": -0.2780254562964791
    },
    "USOIL": {
      "trades": 11,
      "resolved": 7,
      "win_rate": 0.7142857142857143,
      "avg_validation_rr": 0.8762609450225617
    },
    "XAGUSD": {
      "trades": 39,
      "resolved": 38,
      "win_rate": 0.868421052631579,
      "avg_validation_rr": 1.5752152657070808
    }
  }
}
