{
  "generated_utc": "2025-12-15T03:17:40.505137+00:00",
  "evaluated_trades": 32,
  "resolved_trades": 14,
  "wins": 5,
  "losses": 9,
  "ambiguous": 0,
  "win_rate": 0.35714285714285715,
  "avg_validation_rr": 0.02933417557953127,
  "max_drawdown_rr": 6.173251415418701,
  "rule_based_performance": {
    "trades": 32,
    "resolved": 14,
    "wins": 5,
    "losses": 9,
    "ambiguous": 0,
    "win_rate": 0.35714285714285715,
    "avg_validation_rr": 0.02933417557953127,
    "max_drawdown_rr": 6.173251415418701
  },
  "assets": {
    "BTCUSD": {
      "trades": 15,
      "resolved": 14,
      "win_rate": 0.35714285714285715,
      "avg_validation_rr": 0.02933417557953127
    },
    "GOLD_CFD": {
      "trades": 13,
      "resolved": 0,
      "win_rate": null,
      "avg_validation_rr": null
    },
    "USOIL": {
      "trades": 4,
      "resolved": 0,
      "win_rate": null,
      "avg_validation_rr": null
    }
  }
}
