{
  "generated_utc": "2025-12-18T22:07:22.117637+00:00",
  "evaluated_trades": 289,
  "resolved_trades": 157,
  "wins": 55,
  "losses": 102,
  "ambiguous": 0,
  "win_rate": 0.3503184713375796,
  "avg_validation_rr": -0.12553817459873545,
  "max_drawdown_rr": 39.1401736297059,
  "rule_based_performance": {
    "trades": 289,
    "resolved": 157,
    "wins": 55,
    "losses": 102,
    "ambiguous": 0,
    "win_rate": 0.3503184713375796,
    "avg_validation_rr": -0.12553817459873545,
    "max_drawdown_rr": 39.1401736297059
  },
  "assets": {
    "BTCUSD": {
      "trades": 66,
      "resolved": 25,
      "win_rate": 0.16,
      "avg_validation_rr": -0.5230337540516581
    },
    "EURUSD": {
      "trades": 58,
      "resolved": 25,
      "win_rate": 0.16,
      "avg_validation_rr": -0.1501591843020282
    },
    "GOLD_CFD": {
      "trades": 43,
      "resolved": 21,
      "win_rate": 0.3333333333333333,
      "avg_validation_rr": 0.02204720704747228
    },
    "NVDA": {
      "trades": 7,
      "resolved": 7,
      "win_rate": 1.0,
      "avg_validation_rr": 1.252776070402028
    },
    "USOIL": {
      "trades": 27,
      "resolved": 19,
      "win_rate": 0.7368421052631579,
      "avg_validation_rr": 0.15362041389269865
    },
    "XAGUSD": {
      "trades": 88,
      "resolved": 60,
      "win_rate": 0.31666666666666665,
      "avg_validation_rr": -0.25051469429886164
    }
  }
}
