{
  "generated_utc": "2025-12-18T01:09:14.251267+00:00",
  "evaluated_trades": 224,
  "resolved_trades": 158,
  "wins": 85,
  "losses": 73,
  "ambiguous": 0,
  "win_rate": 0.5379746835443038,
  "avg_validation_rr": 0.38341742780335575,
  "max_drawdown_rr": 5.100261396716185,
  "rule_based_performance": {
    "trades": 224,
    "resolved": 158,
    "wins": 85,
    "losses": 73,
    "ambiguous": 0,
    "win_rate": 0.5379746835443038,
    "avg_validation_rr": 0.38341742780335575,
    "max_drawdown_rr": 5.100261396716185
  },
  "assets": {
    "BTCUSD": {
      "trades": 55,
      "resolved": 31,
      "win_rate": 0.5161290322580645,
      "avg_validation_rr": 0.06292877667045459
    },
    "EURUSD": {
      "trades": 52,
      "resolved": 41,
      "win_rate": 0.2682926829268293,
      "avg_validation_rr": -0.052532786319245774
    },
    "GOLD_CFD": {
      "trades": 33,
      "resolved": 19,
      "win_rate": 0.6842105263157895,
      "avg_validation_rr": 0.41210690222849267
    },
    "NVDA": {
      "trades": 4,
      "resolved": 4,
      "win_rate": 0.5,
      "avg_validation_rr": 0.40249999999999553
    },
    "USOIL": {
      "trades": 16,
      "resolved": 9,
      "win_rate": 0.0,
      "avg_validation_rr": -0.9559062148897175
    },
    "XAGUSD": {
      "trades": 64,
      "resolved": 54,
      "win_rate": 0.7962962962962963,
      "avg_validation_rr": 1.1101135286463204
    }
  }
}
