{
  "generated_utc": "2025-12-17T08:06:37.195602+00:00",
  "evaluated_trades": 172,
  "resolved_trades": 140,
  "wins": 62,
  "losses": 78,
  "ambiguous": 0,
  "win_rate": 0.44285714285714284,
  "avg_validation_rr": 0.30615897375590545,
  "max_drawdown_rr": 4.448346484935449,
  "rule_based_performance": {
    "trades": 172,
    "resolved": 140,
    "wins": 62,
    "losses": 78,
    "ambiguous": 0,
    "win_rate": 0.44285714285714284,
    "avg_validation_rr": 0.30615897375590545,
    "max_drawdown_rr": 4.448346484935449
  },
  "assets": {
    "BTCUSD": {
      "trades": 46,
      "resolved": 32,
      "win_rate": 0.28125,
      "avg_validation_rr": -0.3155141538282021
    },
    "EURUSD": {
      "trades": 41,
      "resolved": 41,
      "win_rate": 0.12195121951219512,
      "avg_validation_rr": -0.26287054708769986
    },
    "GOLD_CFD": {
      "trades": 25,
      "resolved": 12,
      "win_rate": 0.8333333333333334,
      "avg_validation_rr": 0.2771991795275082
    },
    "NVDA": {
      "trades": 4,
      "resolved": 4,
      "win_rate": 0.25,
      "avg_validation_rr": -0.2780254562964791
    },
    "USOIL": {
      "trades": 12,
      "resolved": 8,
      "win_rate": 0.375,
      "avg_validation_rr": 0.3010374829410619
    },
    "XAGUSD": {
      "trades": 44,
      "resolved": 43,
      "win_rate": 0.7906976744186046,
      "avg_validation_rr": 1.374739848517494
    }
  }
}
