{
  "generated_utc": "2025-12-15T08:07:07.493938+00:00",
  "evaluated_trades": 34,
  "resolved_trades": 17,
  "wins": 6,
  "losses": 11,
  "ambiguous": 0,
  "win_rate": 0.35294117647058826,
  "avg_validation_rr": -0.24991687765557313,
  "max_drawdown_rr": 7.304713996103476,
  "rule_based_performance": {
    "trades": 34,
    "resolved": 17,
    "wins": 6,
    "losses": 11,
    "ambiguous": 0,
    "win_rate": 0.35294117647058826,
    "avg_validation_rr": -0.24991687765557313,
    "max_drawdown_rr": 7.304713996103476
  },
  "assets": {
    "BTCUSD": {
      "trades": 17,
      "resolved": 17,
      "win_rate": 0.35294117647058826,
      "avg_validation_rr": -0.24991687765557313
    },
    "GOLD_CFD": {
      "trades": 13,
      "resolved": 0,
      "win_rate": null,
      "avg_validation_rr": null
    },
    "USOIL": {
      "trades": 4,
      "resolved": 0,
      "win_rate": null,
      "avg_validation_rr": null
    }
  }
}
