{
  "generated_utc": "2025-12-15T18:39:46.175884+00:00",
  "evaluated_trades": 60,
  "resolved_trades": 42,
  "wins": 20,
  "losses": 22,
  "ambiguous": 0,
  "win_rate": 0.47619047619047616,
  "avg_validation_rr": 0.32045167366481486,
  "max_drawdown_rr": 5.572417555382081,
  "rule_based_performance": {
    "trades": 60,
    "resolved": 42,
    "wins": 20,
    "losses": 22,
    "ambiguous": 0,
    "win_rate": 0.47619047619047616,
    "avg_validation_rr": 0.32045167366481486,
    "max_drawdown_rr": 5.572417555382081
  },
  "assets": {
    "BTCUSD": {
      "trades": 22,
      "resolved": 21,
      "win_rate": 0.5714285714285714,
      "avg_validation_rr": 0.7407959831846697
    },
    "EURUSD": {
      "trades": 9,
      "resolved": 9,
      "win_rate": 0.2222222222222222,
      "avg_validation_rr": -0.04395438392165654
    },
    "GOLD_CFD": {
      "trades": 14,
      "resolved": 1,
      "win_rate": 0.0,
      "avg_validation_rr": -1.0
    },
    "USOIL": {
      "trades": 7,
      "resolved": 3,
      "win_rate": 1.0,
      "avg_validation_rr": 0.7250623739937726
    },
    "XAGUSD": {
      "trades": 8,
      "resolved": 8,
      "win_rate": 0.375,
      "avg_validation_rr": -0.35966787745528084
    }
  }
}
