{
  "generated_utc": "2025-12-14T21:49:17.410195+00:00",
  "evaluated_trades": 29,
  "resolved_trades": 12,
  "wins": 10,
  "losses": 2,
  "ambiguous": 0,
  "win_rate": 0.8333333333333334,
  "avg_validation_rr": 0.6488651555376904,
  "max_drawdown_rr": 1.6578328134474276,
  "rule_based_performance": {
    "trades": 29,
    "resolved": 12,
    "wins": 10,
    "losses": 2,
    "ambiguous": 0,
    "win_rate": 0.8333333333333334,
    "avg_validation_rr": 0.6488651555376904,
    "max_drawdown_rr": 1.6578328134474276
  },
  "assets": {
    "BTCUSD": {
      "trades": 12,
      "resolved": 12,
      "win_rate": 0.8333333333333334,
      "avg_validation_rr": 0.6488651555376904
    },
    "GOLD_CFD": {
      "trades": 13,
      "resolved": 0,
      "win_rate": null,
      "avg_validation_rr": null
    },
    "USOIL": {
      "trades": 4,
      "resolved": 0,
      "win_rate": null,
      "avg_validation_rr": null
    }
  }
}
