{
  "generated_utc": "2025-12-18T06:45:46.500911+00:00",
  "evaluated_trades": 248,
  "resolved_trades": 162,
  "wins": 92,
  "losses": 70,
  "ambiguous": 0,
  "win_rate": 0.5679012345679012,
  "avg_validation_rr": 0.27255675417160613,
  "max_drawdown_rr": 7.957491857667087,
  "rule_based_performance": {
    "trades": 248,
    "resolved": 162,
    "wins": 92,
    "losses": 70,
    "ambiguous": 0,
    "win_rate": 0.5679012345679012,
    "avg_validation_rr": 0.27255675417160613,
    "max_drawdown_rr": 7.957491857667087
  },
  "assets": {
    "BTCUSD": {
      "trades": 60,
      "resolved": 29,
      "win_rate": 0.3448275862068966,
      "avg_validation_rr": -0.2556639422798208
    },
    "EURUSD": {
      "trades": 56,
      "resolved": 42,
      "win_rate": 0.40476190476190477,
      "avg_validation_rr": -0.034543614528195064
    },
    "GOLD_CFD": {
      "trades": 38,
      "resolved": 19,
      "win_rate": 0.5789473684210527,
      "avg_validation_rr": 0.2720688409904075
    },
    "NVDA": {
      "trades": 4,
      "resolved": 4,
      "win_rate": 0.5,
      "avg_validation_rr": 0.40249999999999553
    },
    "USOIL": {
      "trades": 20,
      "resolved": 12,
      "win_rate": 0.25,
      "avg_validation_rr": -0.6518808156626651
    },
    "XAGUSD": {
      "trades": 70,
      "resolved": 56,
      "win_rate": 0.875,
      "avg_validation_rr": 0.9654025378791687
    }
  }
}
