{
  "generated_utc": "2025-12-18T14:09:12.961456+00:00",
  "evaluated_trades": 264,
  "resolved_trades": 154,
  "wins": 90,
  "losses": 64,
  "ambiguous": 0,
  "win_rate": 0.5844155844155844,
  "avg_validation_rr": 0.2408826316748609,
  "max_drawdown_rr": 13.79347677006433,
  "rule_based_performance": {
    "trades": 264,
    "resolved": 154,
    "wins": 90,
    "losses": 64,
    "ambiguous": 0,
    "win_rate": 0.5844155844155844,
    "avg_validation_rr": 0.2408826316748609,
    "max_drawdown_rr": 13.79347677006433
  },
  "assets": {
    "BTCUSD": {
      "trades": 61,
      "resolved": 24,
      "win_rate": 0.20833333333333334,
      "avg_validation_rr": -0.266914140958386
    },
    "EURUSD": {
      "trades": 57,
      "resolved": 32,
      "win_rate": 0.5,
      "avg_validation_rr": -0.03195439648770673
    },
    "GOLD_CFD": {
      "trades": 40,
      "resolved": 18,
      "win_rate": 0.6111111111111112,
      "avg_validation_rr": 0.09205822248182188
    },
    "NVDA": {
      "trades": 4,
      "resolved": 4,
      "win_rate": 1.0,
      "avg_validation_rr": 1.8049999999999975
    },
    "USOIL": {
      "trades": 24,
      "resolved": 17,
      "win_rate": 0.6470588235294118,
      "avg_validation_rr": 0.09117414300993743
    },
    "XAGUSD": {
      "trades": 78,
      "resolved": 59,
      "win_rate": 0.7288135593220338,
      "avg_validation_rr": 0.5779219815710973
    }
  }
}
