{
  "generated_utc": "2025-12-16T00:22:58.628986+00:00",
  "evaluated_trades": 80,
  "resolved_trades": 62,
  "wins": 43,
  "losses": 19,
  "ambiguous": 0,
  "win_rate": 0.6935483870967742,
  "avg_validation_rr": 0.5315093926736646,
  "max_drawdown_rr": 2.2486865019961044,
  "rule_based_performance": {
    "trades": 80,
    "resolved": 62,
    "wins": 43,
    "losses": 19,
    "ambiguous": 0,
    "win_rate": 0.6935483870967742,
    "avg_validation_rr": 0.5315093926736646,
    "max_drawdown_rr": 2.2486865019961044
  },
  "assets": {
    "BTCUSD": {
      "trades": 29,
      "resolved": 29,
      "win_rate": 0.6551724137931034,
      "avg_validation_rr": 1.001013192346377
    },
    "EURUSD": {
      "trades": 14,
      "resolved": 14,
      "win_rate": 0.7857142857142857,
      "avg_validation_rr": 0.03569949858654677
    },
    "GOLD_CFD": {
      "trades": 18,
      "resolved": 4,
      "win_rate": 0.5,
      "avg_validation_rr": -0.1893868049042536
    },
    "USOIL": {
      "trades": 7,
      "resolved": 3,
      "win_rate": 1.0,
      "avg_validation_rr": 0.7945537954503116
    },
    "XAGUSD": {
      "trades": 12,
      "resolved": 12,
      "win_rate": 0.6666666666666666,
      "avg_validation_rr": 0.14985771839805784
    }
  }
}
