{
  "generated_utc": "2025-12-16T07:55:01.563517+00:00",
  "evaluated_trades": 102,
  "resolved_trades": 81,
  "wins": 37,
  "losses": 44,
  "ambiguous": 0,
  "win_rate": 0.4567901234567901,
  "avg_validation_rr": 0.19288749901173696,
  "max_drawdown_rr": 14.15310466625282,
  "rule_based_performance": {
    "trades": 102,
    "resolved": 81,
    "wins": 37,
    "losses": 44,
    "ambiguous": 0,
    "win_rate": 0.4567901234567901,
    "avg_validation_rr": 0.19288749901173696,
    "max_drawdown_rr": 14.15310466625282
  },
  "assets": {
    "BTCUSD": {
      "trades": 35,
      "resolved": 33,
      "win_rate": 0.6363636363636364,
      "avg_validation_rr": 0.7229157360568171
    },
    "EURUSD": {
      "trades": 20,
      "resolved": 19,
      "win_rate": 0.42105263157894735,
      "avg_validation_rr": -0.001911960745325586
    },
    "GOLD_CFD": {
      "trades": 22,
      "resolved": 8,
      "win_rate": 0.0,
      "avg_validation_rr": -0.49320905070786764
    },
    "USOIL": {
      "trades": 7,
      "resolved": 3,
      "win_rate": 1.0,
      "avg_validation_rr": 1.0551348995281542
    },
    "XAGUSD": {
      "trades": 18,
      "resolved": 18,
      "win_rate": 0.2777777777777778,
      "avg_validation_rr": -0.4119853838158114
    }
  }
}
