{
  "generated_utc": "2025-12-18T17:42:54.064276+00:00",
  "evaluated_trades": 279,
  "resolved_trades": 156,
  "wins": 51,
  "losses": 103,
  "ambiguous": 2,
  "win_rate": 0.3269230769230769,
  "avg_validation_rr": -0.0655389396507411,
  "max_drawdown_rr": 38.045343796043085,
  "rule_based_performance": {
    "trades": 279,
    "resolved": 156,
    "wins": 51,
    "losses": 103,
    "ambiguous": 2,
    "win_rate": 0.3269230769230769,
    "avg_validation_rr": -0.0655389396507411,
    "max_drawdown_rr": 38.045343796043085
  },
  "assets": {
    "BTCUSD": {
      "trades": 64,
      "resolved": 26,
      "win_rate": 0.3076923076923077,
      "avg_validation_rr": -0.04373623479787097
    },
    "EURUSD": {
      "trades": 57,
      "resolved": 27,
      "win_rate": 0.14814814814814814,
      "avg_validation_rr": -0.17393650967820887
    },
    "GOLD_CFD": {
      "trades": 42,
      "resolved": 20,
      "win_rate": 0.65,
      "avg_validation_rr": 0.10348818203304119
    },
    "NVDA": {
      "trades": 7,
      "resolved": 6,
      "win_rate": 1.0,
      "avg_validation_rr": 1.3185537921667585
    },
    "USOIL": {
      "trades": 26,
      "resolved": 18,
      "win_rate": 0.16666666666666666,
      "avg_validation_rr": -0.32039431363995136
    },
    "XAGUSD": {
      "trades": 83,
      "resolved": 59,
      "win_rate": 0.288135593220339,
      "avg_validation_rr": -0.1458412791118913
    }
  }
}
