{
  "generated_utc": "2025-12-15T23:22:56.472099+00:00",
  "evaluated_trades": 76,
  "resolved_trades": 58,
  "wins": 42,
  "losses": 16,
  "ambiguous": 0,
  "win_rate": 0.7241379310344828,
  "avg_validation_rr": 0.612991101422626,
  "max_drawdown_rr": 2.0,
  "rule_based_performance": {
    "trades": 76,
    "resolved": 58,
    "wins": 42,
    "losses": 16,
    "ambiguous": 0,
    "win_rate": 0.7241379310344828,
    "avg_validation_rr": 0.612991101422626,
    "max_drawdown_rr": 2.0
  },
  "assets": {
    "BTCUSD": {
      "trades": 28,
      "resolved": 28,
      "win_rate": 0.6428571428571429,
      "avg_validation_rr": 0.9872300478801819
    },
    "EURUSD": {
      "trades": 13,
      "resolved": 12,
      "win_rate": 0.75,
      "avg_validation_rr": 0.0302313185024345
    },
    "GOLD_CFD": {
      "trades": 16,
      "resolved": 3,
      "win_rate": 0.6666666666666666,
      "avg_validation_rr": -0.20178067582999293
    },
    "USOIL": {
      "trades": 7,
      "resolved": 3,
      "win_rate": 1.0,
      "avg_validation_rr": 0.811922742019716
    },
    "XAGUSD": {
      "trades": 12,
      "resolved": 12,
      "win_rate": 0.8333333333333334,
      "avg_validation_rr": 0.47648671010573657
    }
  }
}
