{
  "generated_utc": "2025-12-17T18:19:32.388655+00:00",
  "evaluated_trades": 200,
  "resolved_trades": 158,
  "wins": 84,
  "losses": 72,
  "ambiguous": 2,
  "win_rate": 0.5316455696202531,
  "avg_validation_rr": 0.40629949038319213,
  "max_drawdown_rr": 6.057276971895803,
  "rule_based_performance": {
    "trades": 200,
    "resolved": 158,
    "wins": 84,
    "losses": 72,
    "ambiguous": 2,
    "win_rate": 0.5316455696202531,
    "avg_validation_rr": 0.40629949038319213,
    "max_drawdown_rr": 6.057276971895803
  },
  "assets": {
    "BTCUSD": {
      "trades": 51,
      "resolved": 34,
      "win_rate": 0.20588235294117646,
      "avg_validation_rr": -0.3658890909539843
    },
    "EURUSD": {
      "trades": 43,
      "resolved": 41,
      "win_rate": 0.3902439024390244,
      "avg_validation_rr": -0.0032197999590167854
    },
    "GOLD_CFD": {
      "trades": 28,
      "resolved": 14,
      "win_rate": 1.0,
      "avg_validation_rr": 0.8597265115286197
    },
    "NVDA": {
      "trades": 4,
      "resolved": 4,
      "win_rate": 0.5,
      "avg_validation_rr": 0.40249999999999553
    },
    "USOIL": {
      "trades": 16,
      "resolved": 10,
      "win_rate": 0.5,
      "avg_validation_rr": 0.043984059461876314
    },
    "XAGUSD": {
      "trades": 58,
      "resolved": 55,
      "win_rate": 0.7272727272727273,
      "avg_validation_rr": 1.1396645202778202
    }
  }
}
