{
  "generated_utc": "2025-12-17T15:05:03.384387+00:00",
  "evaluated_trades": 186,
  "resolved_trades": 152,
  "wins": 65,
  "losses": 87,
  "ambiguous": 0,
  "win_rate": 0.4276315789473684,
  "avg_validation_rr": 0.25985168977525097,
  "max_drawdown_rr": 14.070265858152347,
  "rule_based_performance": {
    "trades": 186,
    "resolved": 152,
    "wins": 65,
    "losses": 87,
    "ambiguous": 0,
    "win_rate": 0.4276315789473684,
    "avg_validation_rr": 0.25985168977525097,
    "max_drawdown_rr": 14.070265858152347
  },
  "assets": {
    "BTCUSD": {
      "trades": 48,
      "resolved": 31,
      "win_rate": 0.0967741935483871,
      "avg_validation_rr": -0.6806451612903224
    },
    "EURUSD": {
      "trades": 42,
      "resolved": 42,
      "win_rate": 0.19047619047619047,
      "avg_validation_rr": -0.06771386726172811
    },
    "GOLD_CFD": {
      "trades": 27,
      "resolved": 14,
      "win_rate": 0.9285714285714286,
      "avg_validation_rr": 0.6579958210729276
    },
    "NVDA": {
      "trades": 4,
      "resolved": 4,
      "win_rate": 0.5,
      "avg_validation_rr": 0.40249999999999553
    },
    "USOIL": {
      "trades": 14,
      "resolved": 10,
      "win_rate": 0.4,
      "avg_validation_rr": -0.0776390132197548
    },
    "XAGUSD": {
      "trades": 51,
      "resolved": 51,
      "win_rate": 0.6862745098039216,
      "avg_validation_rr": 1.0469781942746532
    }
  }
}
