{
  "generated_utc": "2025-12-19T09:17:55.800609+00:00",
  "evaluated_trades": 313,
  "resolved_trades": 152,
  "wins": 58,
  "losses": 94,
  "ambiguous": 0,
  "win_rate": 0.3815789473684211,
  "avg_validation_rr": -0.0868631318018145,
  "max_drawdown_rr": 34.63859971657713,
  "rule_based_performance": {
    "trades": 313,
    "resolved": 152,
    "wins": 58,
    "losses": 94,
    "ambiguous": 0,
    "win_rate": 0.3815789473684211,
    "avg_validation_rr": -0.0868631318018145,
    "max_drawdown_rr": 34.63859971657713
  },
  "assets": {
    "BTCUSD": {
      "trades": 72,
      "resolved": 27,
      "win_rate": 0.2962962962962963,
      "avg_validation_rr": -0.1608112181713818
    },
    "EURUSD": {
      "trades": 58,
      "resolved": 18,
      "win_rate": 0.16666666666666666,
      "avg_validation_rr": -0.14813711173780708
    },
    "GOLD_CFD": {
      "trades": 48,
      "resolved": 24,
      "win_rate": 0.25,
      "avg_validation_rr": -0.11935946939189919
    },
    "NVDA": {
      "trades": 7,
      "resolved": 7,
      "win_rate": 1.0,
      "avg_validation_rr": 1.252776070402028
    },
    "USOIL": {
      "trades": 33,
      "resolved": 21,
      "win_rate": 0.6666666666666666,
      "avg_validation_rr": 0.2711974628165985
    },
    "XAGUSD": {
      "trades": 95,
      "resolved": 55,
      "win_rate": 0.36363636363636365,
      "avg_validation_rr": -0.32354140142773
    }
  }
}
