{
  "generated_utc": "2025-12-16T08:38:06.532174+00:00",
  "evaluated_trades": 107,
  "resolved_trades": 85,
  "wins": 42,
  "losses": 43,
  "ambiguous": 0,
  "win_rate": 0.49411764705882355,
  "avg_validation_rr": 0.14617763795190356,
  "max_drawdown_rr": 15.382682132352661,
  "rule_based_performance": {
    "trades": 107,
    "resolved": 85,
    "wins": 42,
    "losses": 43,
    "ambiguous": 0,
    "win_rate": 0.49411764705882355,
    "avg_validation_rr": 0.14617763795190356,
    "max_drawdown_rr": 15.382682132352661
  },
  "assets": {
    "BTCUSD": {
      "trades": 36,
      "resolved": 33,
      "win_rate": 0.5454545454545454,
      "avg_validation_rr": 0.6067942010359416
    },
    "EURUSD": {
      "trades": 23,
      "resolved": 22,
      "win_rate": 0.7727272727272727,
      "avg_validation_rr": 0.0254631620233356
    },
    "GOLD_CFD": {
      "trades": 22,
      "resolved": 9,
      "win_rate": 0.0,
      "avg_validation_rr": -0.544002411996289
    },
    "USOIL": {
      "trades": 7,
      "resolved": 3,
      "win_rate": 1.0,
      "avg_validation_rr": 1.5241920052177147
    },
    "XAGUSD": {
      "trades": 19,
      "resolved": 18,
      "win_rate": 0.2222222222222222,
      "avg_validation_rr": -0.4353251822485665
    }
  }
}
