{
  "generated_utc": "2025-12-16T16:56:16.861384+00:00",
  "evaluated_trades": 135,
  "resolved_trades": 112,
  "wins": 63,
  "losses": 49,
  "ambiguous": 0,
  "win_rate": 0.5625,
  "avg_validation_rr": 0.16596772622947414,
  "max_drawdown_rr": 15.322873119413124,
  "rule_based_performance": {
    "trades": 135,
    "resolved": 112,
    "wins": 63,
    "losses": 49,
    "ambiguous": 0,
    "win_rate": 0.5625,
    "avg_validation_rr": 0.16596772622947414,
    "max_drawdown_rr": 15.322873119413124
  },
  "assets": {
    "BTCUSD": {
      "trades": 41,
      "resolved": 37,
      "win_rate": 0.43243243243243246,
      "avg_validation_rr": 0.360826157506337
    },
    "EURUSD": {
      "trades": 33,
      "resolved": 32,
      "win_rate": 0.875,
      "avg_validation_rr": 0.1131301730898949
    },
    "GOLD_CFD": {
      "trades": 22,
      "resolved": 9,
      "win_rate": 0.3333333333333333,
      "avg_validation_rr": -0.02628277322883962
    },
    "NVDA": {
      "trades": 3,
      "resolved": 2,
      "win_rate": 0.5,
      "avg_validation_rr": 0.08036674863596979
    },
    "USOIL": {
      "trades": 8,
      "resolved": 4,
      "win_rate": 1.0,
      "avg_validation_rr": 1.8599999999999997
    },
    "XAGUSD": {
      "trades": 28,
      "resolved": 28,
      "win_rate": 0.39285714285714285,
      "avg_validation_rr": -0.2052334488257995
    }
  }
}
