{
  "generated_utc": "2025-12-17T07:39:27.261771+00:00",
  "evaluated_trades": 171,
  "resolved_trades": 137,
  "wins": 63,
  "losses": 74,
  "ambiguous": 0,
  "win_rate": 0.45985401459854014,
  "avg_validation_rr": 0.3222644382653557,
  "max_drawdown_rr": 4.448346484935449,
  "rule_based_performance": {
    "trades": 171,
    "resolved": 137,
    "wins": 63,
    "losses": 74,
    "ambiguous": 0,
    "win_rate": 0.45985401459854014,
    "avg_validation_rr": 0.3222644382653557,
    "max_drawdown_rr": 4.448346484935449
  },
  "assets": {
    "BTCUSD": {
      "trades": 46,
      "resolved": 32,
      "win_rate": 0.28125,
      "avg_validation_rr": -0.3140954679626336
    },
    "EURUSD": {
      "trades": 41,
      "resolved": 40,
      "win_rate": 0.1,
      "avg_validation_rr": -0.29975500770491215
    },
    "GOLD_CFD": {
      "trades": 25,
      "resolved": 11,
      "win_rate": 0.9090909090909091,
      "avg_validation_rr": 0.4138499305190902
    },
    "NVDA": {
      "trades": 4,
      "resolved": 4,
      "win_rate": 0.25,
      "avg_validation_rr": -0.2780254562964791
    },
    "USOIL": {
      "trades": 12,
      "resolved": 8,
      "win_rate": 0.375,
      "avg_validation_rr": 0.3010374829410619
    },
    "XAGUSD": {
      "trades": 43,
      "resolved": 42,
      "win_rate": 0.8571428571428571,
      "avg_validation_rr": 1.4367365726500456
    }
  }
}
