{
  "generated_utc": "2025-12-18T17:10:56.426585+00:00",
  "evaluated_trades": 274,
  "resolved_trades": 152,
  "wins": 59,
  "losses": 93,
  "ambiguous": 0,
  "win_rate": 0.3881578947368421,
  "avg_validation_rr": 0.021194738712943126,
  "max_drawdown_rr": 26.05647935757945,
  "rule_based_performance": {
    "trades": 274,
    "resolved": 152,
    "wins": 59,
    "losses": 93,
    "ambiguous": 0,
    "win_rate": 0.3881578947368421,
    "avg_validation_rr": 0.021194738712943126,
    "max_drawdown_rr": 26.05647935757945
  },
  "assets": {
    "BTCUSD": {
      "trades": 63,
      "resolved": 24,
      "win_rate": 0.2916666666666667,
      "avg_validation_rr": -0.02241125809591375
    },
    "EURUSD": {
      "trades": 57,
      "resolved": 27,
      "win_rate": 0.14814814814814814,
      "avg_validation_rr": -0.13464595477876673
    },
    "GOLD_CFD": {
      "trades": 42,
      "resolved": 20,
      "win_rate": 0.95,
      "avg_validation_rr": 0.5376713891813983
    },
    "NVDA": {
      "trades": 6,
      "resolved": 6,
      "win_rate": 0.6666666666666666,
      "avg_validation_rr": 1.151891815302152
    },
    "USOIL": {
      "trades": 25,
      "resolved": 17,
      "win_rate": 0.4117647058823529,
      "avg_validation_rr": -0.27118412477576886
    },
    "XAGUSD": {
      "trades": 81,
      "resolved": 58,
      "win_rate": 0.3103448275862069,
      "avg_validation_rr": -0.09758167752684181
    }
  }
}
