{
  "generated_utc": "2025-12-17T23:29:21.309609+00:00",
  "evaluated_trades": 217,
  "resolved_trades": 158,
  "wins": 87,
  "losses": 70,
  "ambiguous": 1,
  "win_rate": 0.5506329113924051,
  "avg_validation_rr": 0.38965565611380587,
  "max_drawdown_rr": 4.518355414437863,
  "rule_based_performance": {
    "trades": 217,
    "resolved": 158,
    "wins": 87,
    "losses": 70,
    "ambiguous": 1,
    "win_rate": 0.5506329113924051,
    "avg_validation_rr": 0.38965565611380587,
    "max_drawdown_rr": 4.518355414437863
  },
  "assets": {
    "BTCUSD": {
      "trades": 55,
      "resolved": 34,
      "win_rate": 0.5588235294117647,
      "avg_validation_rr": 0.08279207652815923
    },
    "EURUSD": {
      "trades": 50,
      "resolved": 41,
      "win_rate": 0.1951219512195122,
      "avg_validation_rr": -0.06718628134100865
    },
    "GOLD_CFD": {
      "trades": 31,
      "resolved": 17,
      "win_rate": 0.8235294117647058,
      "avg_validation_rr": 0.5755952513598271
    },
    "NVDA": {
      "trades": 4,
      "resolved": 4,
      "win_rate": 0.5,
      "avg_validation_rr": 0.40249999999999553
    },
    "USOIL": {
      "trades": 16,
      "resolved": 9,
      "win_rate": 0.0,
      "avg_validation_rr": -0.9697039402361374
    },
    "XAGUSD": {
      "trades": 61,
      "resolved": 53,
      "win_rate": 0.8301886792452831,
      "avg_validation_rr": 1.1101418261889333
    }
  }
}
