{
  "generated_utc": "2025-12-18T06:24:26.130072+00:00",
  "evaluated_trades": 245,
  "resolved_trades": 161,
  "wins": 82,
  "losses": 79,
  "ambiguous": 0,
  "win_rate": 0.5093167701863354,
  "avg_validation_rr": 0.21816745266838647,
  "max_drawdown_rr": 14.075330238412072,
  "rule_based_performance": {
    "trades": 245,
    "resolved": 161,
    "wins": 82,
    "losses": 79,
    "ambiguous": 0,
    "win_rate": 0.5093167701863354,
    "avg_validation_rr": 0.21816745266838647,
    "max_drawdown_rr": 14.075330238412072
  },
  "assets": {
    "BTCUSD": {
      "trades": 60,
      "resolved": 29,
      "win_rate": 0.3793103448275862,
      "avg_validation_rr": -0.258117976657942
    },
    "EURUSD": {
      "trades": 56,
      "resolved": 42,
      "win_rate": 0.30952380952380953,
      "avg_validation_rr": -0.045243699559171124
    },
    "GOLD_CFD": {
      "trades": 37,
      "resolved": 18,
      "win_rate": 0.5555555555555556,
      "avg_validation_rr": 0.2863339917549807
    },
    "NVDA": {
      "trades": 4,
      "resolved": 4,
      "win_rate": 0.5,
      "avg_validation_rr": 0.40249999999999553
    },
    "USOIL": {
      "trades": 19,
      "resolved": 12,
      "win_rate": 0.25,
      "avg_validation_rr": -0.651878189808941
    },
    "XAGUSD": {
      "trades": 69,
      "resolved": 56,
      "win_rate": 0.7678571428571429,
      "avg_validation_rr": 0.8137346966123818
    }
  }
}
