{
  "generated_utc": "2025-12-15T23:35:05.357488+00:00",
  "evaluated_trades": 78,
  "resolved_trades": 59,
  "wins": 43,
  "losses": 16,
  "ambiguous": 0,
  "win_rate": 0.7288135593220338,
  "avg_validation_rr": 0.6154951045022801,
  "max_drawdown_rr": 2.0,
  "rule_based_performance": {
    "trades": 78,
    "resolved": 59,
    "wins": 43,
    "losses": 16,
    "ambiguous": 0,
    "win_rate": 0.7288135593220338,
    "avg_validation_rr": 0.6154951045022801,
    "max_drawdown_rr": 2.0
  },
  "assets": {
    "BTCUSD": {
      "trades": 29,
      "resolved": 28,
      "win_rate": 0.6785714285714286,
      "avg_validation_rr": 1.0061669227314411
    },
    "EURUSD": {
      "trades": 13,
      "resolved": 13,
      "win_rate": 0.6923076923076923,
      "avg_validation_rr": 0.02554901300371722
    },
    "GOLD_CFD": {
      "trades": 17,
      "resolved": 3,
      "win_rate": 0.6666666666666666,
      "avg_validation_rr": -0.1904832795237629
    },
    "USOIL": {
      "trades": 7,
      "resolved": 3,
      "win_rate": 1.0,
      "avg_validation_rr": 0.7945537954503116
    },
    "XAGUSD": {
      "trades": 12,
      "resolved": 12,
      "win_rate": 0.8333333333333334,
      "avg_validation_rr": 0.4997657176938501
    }
  }
}
