{
  "generated_utc": "2025-12-15T18:23:33.995570+00:00",
  "evaluated_trades": 59,
  "resolved_trades": 40,
  "wins": 19,
  "losses": 21,
  "ambiguous": 0,
  "win_rate": 0.475,
  "avg_validation_rr": 0.3577145596793673,
  "max_drawdown_rr": 4.412266765367816,
  "rule_based_performance": {
    "trades": 59,
    "resolved": 40,
    "wins": 19,
    "losses": 21,
    "ambiguous": 0,
    "win_rate": 0.475,
    "avg_validation_rr": 0.3577145596793673,
    "max_drawdown_rr": 4.412266765367816
  },
  "assets": {
    "BTCUSD": {
      "trades": 21,
      "resolved": 21,
      "win_rate": 0.5238095238095238,
      "avg_validation_rr": 0.7645554623735403
    },
    "EURUSD": {
      "trades": 9,
      "resolved": 8,
      "win_rate": 0.25,
      "avg_validation_rr": -0.030299739792126013
    },
    "GOLD_CFD": {
      "trades": 14,
      "resolved": 1,
      "win_rate": 0.0,
      "avg_validation_rr": -1.0
    },
    "USOIL": {
      "trades": 7,
      "resolved": 3,
      "win_rate": 1.0,
      "avg_validation_rr": 0.7250623739937726
    },
    "XAGUSD": {
      "trades": 8,
      "resolved": 7,
      "win_rate": 0.42857142857142855,
      "avg_validation_rr": -0.382838789473423
    }
  }
}
