{
  "generated_utc": "2025-12-14T18:37:33.623904+00:00",
  "evaluated_trades": 28,
  "resolved_trades": 11,
  "wins": 7,
  "losses": 4,
  "ambiguous": 0,
  "win_rate": 0.6363636363636364,
  "avg_validation_rr": 0.5254468322576945,
  "max_drawdown_rr": 0.7781465429817063,
  "rule_based_performance": {
    "trades": 28,
    "resolved": 11,
    "wins": 7,
    "losses": 4,
    "ambiguous": 0,
    "win_rate": 0.6363636363636364,
    "avg_validation_rr": 0.5254468322576945,
    "max_drawdown_rr": 0.7781465429817063
  },
  "assets": {
    "BTCUSD": {
      "trades": 11,
      "resolved": 11,
      "win_rate": 0.6363636363636364,
      "avg_validation_rr": 0.5254468322576945
    },
    "GOLD_CFD": {
      "trades": 13,
      "resolved": 0,
      "win_rate": null,
      "avg_validation_rr": null
    },
    "USOIL": {
      "trades": 4,
      "resolved": 0,
      "win_rate": null,
      "avg_validation_rr": null
    }
  }
}
