{
  "generated_utc": "2025-12-17T23:09:00.722905+00:00",
  "evaluated_trades": 217,
  "resolved_trades": 161,
  "wins": 85,
  "losses": 76,
  "ambiguous": 0,
  "win_rate": 0.5279503105590062,
  "avg_validation_rr": 0.352927605702568,
  "max_drawdown_rr": 6.131982101777169,
  "rule_based_performance": {
    "trades": 217,
    "resolved": 161,
    "wins": 85,
    "losses": 76,
    "ambiguous": 0,
    "win_rate": 0.5279503105590062,
    "avg_validation_rr": 0.352927605702568,
    "max_drawdown_rr": 6.131982101777169
  },
  "assets": {
    "BTCUSD": {
      "trades": 55,
      "resolved": 35,
      "win_rate": 0.42857142857142855,
      "avg_validation_rr": -0.15156105795200422
    },
    "EURUSD": {
      "trades": 50,
      "resolved": 43,
      "win_rate": 0.20930232558139536,
      "avg_validation_rr": -0.06564343642774624
    },
    "GOLD_CFD": {
      "trades": 31,
      "resolved": 16,
      "win_rate": 0.875,
      "avg_validation_rr": 0.6551618802940161
    },
    "NVDA": {
      "trades": 4,
      "resolved": 4,
      "win_rate": 0.5,
      "avg_validation_rr": 0.40249999999999553
    },
    "USOIL": {
      "trades": 16,
      "resolved": 9,
      "win_rate": 0.0,
      "avg_validation_rr": -0.9677330337255836
    },
    "XAGUSD": {
      "trades": 61,
      "resolved": 54,
      "win_rate": 0.8333333333333334,
      "avg_validation_rr": 1.1401047505861608
    }
  }
}
