{
  "generated_utc": "2025-12-17T01:33:31.381093+00:00",
  "evaluated_trades": 157,
  "resolved_trades": 125,
  "wins": 69,
  "losses": 56,
  "ambiguous": 0,
  "win_rate": 0.552,
  "avg_validation_rr": 0.4026168029418707,
  "max_drawdown_rr": 5.496149188159507,
  "rule_based_performance": {
    "trades": 157,
    "resolved": 125,
    "wins": 69,
    "losses": 56,
    "ambiguous": 0,
    "win_rate": 0.552,
    "avg_validation_rr": 0.4026168029418707,
    "max_drawdown_rr": 5.496149188159507
  },
  "assets": {
    "BTCUSD": {
      "trades": 44,
      "resolved": 31,
      "win_rate": 0.3548387096774194,
      "avg_validation_rr": -0.023495512522676572
    },
    "EURUSD": {
      "trades": 39,
      "resolved": 39,
      "win_rate": 0.28205128205128205,
      "avg_validation_rr": -0.025685905410326865
    },
    "GOLD_CFD": {
      "trades": 23,
      "resolved": 10,
      "win_rate": 0.9,
      "avg_validation_rr": 0.29270758752498793
    },
    "NVDA": {
      "trades": 4,
      "resolved": 4,
      "win_rate": 0.25,
      "avg_validation_rr": -0.2780254562964791
    },
    "USOIL": {
      "trades": 11,
      "resolved": 6,
      "win_rate": 0.8333333333333334,
      "avg_validation_rr": 1.136102642276422
    },
    "XAGUSD": {
      "trades": 36,
      "resolved": 35,
      "win_rate": 0.9142857142857143,
      "avg_validation_rr": 1.2407320475204873
    }
  }
}
