{
  "generated_utc": "2025-12-15T14:54:52.485201+00:00",
  "evaluated_trades": 41,
  "resolved_trades": 23,
  "wins": 12,
  "losses": 11,
  "ambiguous": 0,
  "win_rate": 0.5217391304347826,
  "avg_validation_rr": 0.1250545026129084,
  "max_drawdown_rr": 5.436766577683865,
  "rule_based_performance": {
    "trades": 41,
    "resolved": 23,
    "wins": 12,
    "losses": 11,
    "ambiguous": 0,
    "win_rate": 0.5217391304347826,
    "avg_validation_rr": 0.1250545026129084,
    "max_drawdown_rr": 5.436766577683865
  },
  "assets": {
    "BTCUSD": {
      "trades": 17,
      "resolved": 17,
      "win_rate": 0.5294117647058824,
      "avg_validation_rr": 0.1882707774054036
    },
    "EURUSD": {
      "trades": 1,
      "resolved": 1,
      "win_rate": 1.0,
      "avg_validation_rr": 0.11152542950059852
    },
    "GOLD_CFD": {
      "trades": 14,
      "resolved": 1,
      "win_rate": 0.0,
      "avg_validation_rr": -0.35159331816992384
    },
    "USOIL": {
      "trades": 6,
      "resolved": 1,
      "win_rate": 1.0,
      "avg_validation_rr": 0.28813559322034366
    },
    "XAGUSD": {
      "trades": 3,
      "resolved": 3,
      "win_rate": 0.3333333333333333,
      "avg_validation_rr": -0.12413912011532857
    }
  }
}
