{
  "generated_utc": "2025-12-17T09:46:26.392901+00:00",
  "evaluated_trades": 174,
  "resolved_trades": 139,
  "wins": 66,
  "losses": 73,
  "ambiguous": 0,
  "win_rate": 0.4748201438848921,
  "avg_validation_rr": 0.29435855228934166,
  "max_drawdown_rr": 5.0,
  "rule_based_performance": {
    "trades": 174,
    "resolved": 139,
    "wins": 66,
    "losses": 73,
    "ambiguous": 0,
    "win_rate": 0.4748201438848921,
    "avg_validation_rr": 0.29435855228934166,
    "max_drawdown_rr": 5.0
  },
  "assets": {
    "BTCUSD": {
      "trades": 46,
      "resolved": 30,
      "win_rate": 0.3333333333333333,
      "avg_validation_rr": -0.37430283694515315
    },
    "EURUSD": {
      "trades": 41,
      "resolved": 41,
      "win_rate": 0.12195121951219512,
      "avg_validation_rr": -0.24917362378354127
    },
    "GOLD_CFD": {
      "trades": 25,
      "resolved": 12,
      "win_rate": 0.8333333333333334,
      "avg_validation_rr": 0.30447252769736805
    },
    "NVDA": {
      "trades": 4,
      "resolved": 4,
      "win_rate": 0.25,
      "avg_validation_rr": -0.2780254562964791
    },
    "USOIL": {
      "trades": 13,
      "resolved": 8,
      "win_rate": 0.375,
      "avg_validation_rr": 0.020399629890730187
    },
    "XAGUSD": {
      "trades": 45,
      "resolved": 44,
      "win_rate": 0.8409090909090909,
      "avg_validation_rr": 1.3558244751224986
    }
  }
}
