{
  "generated_utc": "2025-12-15T15:20:02.010966+00:00",
  "evaluated_trades": 43,
  "resolved_trades": 24,
  "wins": 13,
  "losses": 11,
  "ambiguous": 0,
  "win_rate": 0.5416666666666666,
  "avg_validation_rr": 0.475852914117068,
  "max_drawdown_rr": 5.0,
  "rule_based_performance": {
    "trades": 43,
    "resolved": 24,
    "wins": 13,
    "losses": 11,
    "ambiguous": 0,
    "win_rate": 0.5416666666666666,
    "avg_validation_rr": 0.475852914117068,
    "max_drawdown_rr": 5.0
  },
  "assets": {
    "BTCUSD": {
      "trades": 18,
      "resolved": 17,
      "win_rate": 0.5294117647058824,
      "avg_validation_rr": 0.6511764705882424
    },
    "EURUSD": {
      "trades": 2,
      "resolved": 1,
      "win_rate": 1.0,
      "avg_validation_rr": 0.16005176142072458
    },
    "GOLD_CFD": {
      "trades": 14,
      "resolved": 1,
      "win_rate": 0.0,
      "avg_validation_rr": -0.3425866236790603
    },
    "USOIL": {
      "trades": 6,
      "resolved": 2,
      "win_rate": 1.0,
      "avg_validation_rr": 0.5924735057984032
    },
    "XAGUSD": {
      "trades": 3,
      "resolved": 3,
      "win_rate": 0.3333333333333333,
      "avg_validation_rr": -0.21731407017632018
    }
  }
}
