{
  "generated_utc": "2025-12-19T13:28:12.694776+00:00",
  "evaluated_trades": 321,
  "resolved_trades": 153,
  "wins": 60,
  "losses": 93,
  "ambiguous": 0,
  "win_rate": 0.39215686274509803,
  "avg_validation_rr": -0.06066502022232852,
  "max_drawdown_rr": 31.71790681997607,
  "rule_based_performance": {
    "trades": 321,
    "resolved": 153,
    "wins": 60,
    "losses": 93,
    "ambiguous": 0,
    "win_rate": 0.39215686274509803,
    "avg_validation_rr": -0.06066502022232852,
    "max_drawdown_rr": 31.71790681997607
  },
  "assets": {
    "BTCUSD": {
      "trades": 72,
      "resolved": 26,
      "win_rate": 0.38461538461538464,
      "avg_validation_rr": -0.1154569898531431
    },
    "EURUSD": {
      "trades": 58,
      "resolved": 17,
      "win_rate": 0.11764705882352941,
      "avg_validation_rr": -0.22254061964939875
    },
    "GOLD_CFD": {
      "trades": 52,
      "resolved": 27,
      "win_rate": 0.4074074074074074,
      "avg_validation_rr": 0.007549855420087199
    },
    "NVDA": {
      "trades": 7,
      "resolved": 7,
      "win_rate": 1.0,
      "avg_validation_rr": 1.252776070402028
    },
    "USOIL": {
      "trades": 34,
      "resolved": 22,
      "win_rate": 0.09090909090909091,
      "avg_validation_rr": -0.5062599558342034
    },
    "XAGUSD": {
      "trades": 98,
      "resolved": 54,
      "win_rate": 0.5185185185185185,
      "avg_validation_rr": -0.006152507122200735
    }
  }
}
