{
  "generated_utc": "2025-12-17T02:36:42.263784+00:00",
  "evaluated_trades": 160,
  "resolved_trades": 130,
  "wins": 63,
  "losses": 67,
  "ambiguous": 0,
  "win_rate": 0.4846153846153846,
  "avg_validation_rr": 0.4779312493514733,
  "max_drawdown_rr": 4.018736001226344,
  "rule_based_performance": {
    "trades": 160,
    "resolved": 130,
    "wins": 63,
    "losses": 67,
    "ambiguous": 0,
    "win_rate": 0.4846153846153846,
    "avg_validation_rr": 0.4779312493514733,
    "max_drawdown_rr": 4.018736001226344
  },
  "assets": {
    "BTCUSD": {
      "trades": 45,
      "resolved": 33,
      "win_rate": 0.36363636363636365,
      "avg_validation_rr": -0.08730592544557314
    },
    "EURUSD": {
      "trades": 40,
      "resolved": 39,
      "win_rate": 0.10256410256410256,
      "avg_validation_rr": -0.09871850182441992
    },
    "GOLD_CFD": {
      "trades": 23,
      "resolved": 10,
      "win_rate": 0.9,
      "avg_validation_rr": 0.40610844212479436
    },
    "NVDA": {
      "trades": 4,
      "resolved": 4,
      "win_rate": 0.25,
      "avg_validation_rr": -0.2780254562964791
    },
    "USOIL": {
      "trades": 11,
      "resolved": 7,
      "win_rate": 0.7142857142857143,
      "avg_validation_rr": 0.8711282856098673
    },
    "XAGUSD": {
      "trades": 37,
      "resolved": 37,
      "win_rate": 0.8648648648648649,
      "avg_validation_rr": 1.616629700843695
    }
  }
}
