{
  "generated_utc": "2025-12-15T13:07:30.478630+00:00",
  "evaluated_trades": 41,
  "resolved_trades": 23,
  "wins": 12,
  "losses": 11,
  "ambiguous": 0,
  "win_rate": 0.5217391304347826,
  "avg_validation_rr": -0.15697738664201588,
  "max_drawdown_rr": 7.42278937100792,
  "rule_based_performance": {
    "trades": 41,
    "resolved": 23,
    "wins": 12,
    "losses": 11,
    "ambiguous": 0,
    "win_rate": 0.5217391304347826,
    "avg_validation_rr": -0.15697738664201588,
    "max_drawdown_rr": 7.42278937100792
  },
  "assets": {
    "BTCUSD": {
      "trades": 17,
      "resolved": 17,
      "win_rate": 0.35294117647058826,
      "avg_validation_rr": -0.2595911584549325
    },
    "EURUSD": {
      "trades": 1,
      "resolved": 1,
      "win_rate": 1.0,
      "avg_validation_rr": 0.08087721986685159
    },
    "GOLD_CFD": {
      "trades": 14,
      "resolved": 1,
      "win_rate": 1.0,
      "avg_validation_rr": 0.05815183863977166
    },
    "USOIL": {
      "trades": 5,
      "resolved": 1,
      "win_rate": 1.0,
      "avg_validation_rr": 0.2542372881355924
    },
    "XAGUSD": {
      "trades": 4,
      "resolved": 3,
      "win_rate": 1.0,
      "avg_validation_rr": 0.1364344847750906
    }
  }
}
