{
  "generated_utc": "2025-12-19T04:55:36.480746+00:00",
  "evaluated_trades": 302,
  "resolved_trades": 153,
  "wins": 43,
  "losses": 110,
  "ambiguous": 0,
  "win_rate": 0.28104575163398693,
  "avg_validation_rr": -0.22746336360961605,
  "max_drawdown_rr": 42.13016055242676,
  "rule_based_performance": {
    "trades": 302,
    "resolved": 153,
    "wins": 43,
    "losses": 110,
    "ambiguous": 0,
    "win_rate": 0.28104575163398693,
    "avg_validation_rr": -0.22746336360961605,
    "max_drawdown_rr": 42.13016055242676
  },
  "assets": {
    "BTCUSD": {
      "trades": 70,
      "resolved": 27,
      "win_rate": 0.25925925925925924,
      "avg_validation_rr": -0.20231162515458753
    },
    "EURUSD": {
      "trades": 58,
      "resolved": 19,
      "win_rate": 0.15789473684210525,
      "avg_validation_rr": -0.13450690468020587
    },
    "GOLD_CFD": {
      "trades": 46,
      "resolved": 23,
      "win_rate": 0.17391304347826086,
      "avg_validation_rr": -0.23274071843014987
    },
    "NVDA": {
      "trades": 7,
      "resolved": 7,
      "win_rate": 1.0,
      "avg_validation_rr": 1.252776070402028
    },
    "USOIL": {
      "trades": 29,
      "resolved": 20,
      "win_rate": 0.7,
      "avg_validation_rr": 0.287548065219118
    },
    "XAGUSD": {
      "trades": 92,
      "resolved": 57,
      "win_rate": 0.14035087719298245,
      "avg_validation_rr": -0.6307229269732735
    }
  }
}
