{
  "generated_utc": "2025-12-15T22:03:55.538117+00:00",
  "evaluated_trades": 74,
  "resolved_trades": 57,
  "wins": 41,
  "losses": 16,
  "ambiguous": 0,
  "win_rate": 0.7192982456140351,
  "avg_validation_rr": 0.5961472688678529,
  "max_drawdown_rr": 2.4512726492861923,
  "rule_based_performance": {
    "trades": 74,
    "resolved": 57,
    "wins": 41,
    "losses": 16,
    "ambiguous": 0,
    "win_rate": 0.7192982456140351,
    "avg_validation_rr": 0.5961472688678529,
    "max_drawdown_rr": 2.4512726492861923
  },
  "assets": {
    "BTCUSD": {
      "trades": 27,
      "resolved": 27,
      "win_rate": 0.6666666666666666,
      "avg_validation_rr": 1.0419806640244305
    },
    "EURUSD": {
      "trades": 12,
      "resolved": 12,
      "win_rate": 0.75,
      "avg_validation_rr": 0.024557208112871123
    },
    "GOLD_CFD": {
      "trades": 16,
      "resolved": 3,
      "win_rate": 0.6666666666666666,
      "avg_validation_rr": -0.30716916779176145
    },
    "USOIL": {
      "trades": 7,
      "resolved": 3,
      "win_rate": 1.0,
      "avg_validation_rr": 0.6555709525372214
    },
    "XAGUSD": {
      "trades": 12,
      "resolved": 12,
      "win_rate": 0.75,
      "avg_validation_rr": 0.37558537876809645
    }
  }
}
