{
  "generated_utc": "2025-12-19T05:43:20.577761+00:00",
  "evaluated_trades": 303,
  "resolved_trades": 153,
  "wins": 45,
  "losses": 108,
  "ambiguous": 0,
  "win_rate": 0.29411764705882354,
  "avg_validation_rr": -0.19687364067886118,
  "max_drawdown_rr": 37.905108928314654,
  "rule_based_performance": {
    "trades": 303,
    "resolved": 153,
    "wins": 45,
    "losses": 108,
    "ambiguous": 0,
    "win_rate": 0.29411764705882354,
    "avg_validation_rr": -0.19687364067886118,
    "max_drawdown_rr": 37.905108928314654
  },
  "assets": {
    "BTCUSD": {
      "trades": 70,
      "resolved": 27,
      "win_rate": 0.25925925925925924,
      "avg_validation_rr": -0.16953955792032188
    },
    "EURUSD": {
      "trades": 58,
      "resolved": 19,
      "win_rate": 0.15789473684210525,
      "avg_validation_rr": -0.12320679140307492
    },
    "GOLD_CFD": {
      "trades": 46,
      "resolved": 23,
      "win_rate": 0.2608695652173913,
      "avg_validation_rr": -0.13970322616833772
    },
    "NVDA": {
      "trades": 7,
      "resolved": 7,
      "win_rate": 1.0,
      "avg_validation_rr": 1.252776070402028
    },
    "USOIL": {
      "trades": 30,
      "resolved": 20,
      "win_rate": 0.7,
      "avg_validation_rr": 0.32494862258965534
    },
    "XAGUSD": {
      "trades": 92,
      "resolved": 57,
      "win_rate": 0.14035087719298245,
      "avg_validation_rr": -0.6185684327384944
    }
  }
}
