{
  "generated_utc": "2025-12-17T13:45:19.917063+00:00",
  "evaluated_trades": 185,
  "resolved_trades": 151,
  "wins": 71,
  "losses": 80,
  "ambiguous": 0,
  "win_rate": 0.47019867549668876,
  "avg_validation_rr": 0.2751969468621561,
  "max_drawdown_rr": 4.7965864283145265,
  "rule_based_performance": {
    "trades": 185,
    "resolved": 151,
    "wins": 71,
    "losses": 80,
    "ambiguous": 0,
    "win_rate": 0.47019867549668876,
    "avg_validation_rr": 0.2751969468621561,
    "max_drawdown_rr": 4.7965864283145265
  },
  "assets": {
    "BTCUSD": {
      "trades": 48,
      "resolved": 31,
      "win_rate": 0.16129032258064516,
      "avg_validation_rr": -0.5756480744925656
    },
    "EURUSD": {
      "trades": 42,
      "resolved": 42,
      "win_rate": 0.11904761904761904,
      "avg_validation_rr": -0.1987545430071235
    },
    "GOLD_CFD": {
      "trades": 27,
      "resolved": 14,
      "win_rate": 0.9285714285714286,
      "avg_validation_rr": 0.6004748568982325
    },
    "NVDA": {
      "trades": 4,
      "resolved": 4,
      "win_rate": 0.0,
      "avg_validation_rr": -0.6401200386712598
    },
    "USOIL": {
      "trades": 14,
      "resolved": 10,
      "win_rate": 0.4,
      "avg_validation_rr": -0.053452295589173804
    },
    "XAGUSD": {
      "trades": 50,
      "resolved": 50,
      "win_rate": 0.88,
      "avg_validation_rr": 1.2487175041151162
    }
  }
}
