{
  "generated_utc": "2025-12-17T04:48:40.570950+00:00",
  "evaluated_trades": 164,
  "resolved_trades": 135,
  "wins": 64,
  "losses": 71,
  "ambiguous": 0,
  "win_rate": 0.4740740740740741,
  "avg_validation_rr": 0.4355177819308907,
  "max_drawdown_rr": 4.094531642551157,
  "rule_based_performance": {
    "trades": 164,
    "resolved": 135,
    "wins": 64,
    "losses": 71,
    "ambiguous": 0,
    "win_rate": 0.4740740740740741,
    "avg_validation_rr": 0.4355177819308907,
    "max_drawdown_rr": 4.094531642551157
  },
  "assets": {
    "BTCUSD": {
      "trades": 45,
      "resolved": 33,
      "win_rate": 0.30303030303030304,
      "avg_validation_rr": -0.1467696228577223
    },
    "EURUSD": {
      "trades": 40,
      "resolved": 40,
      "win_rate": 0.1,
      "avg_validation_rr": -0.1568254479407627
    },
    "GOLD_CFD": {
      "trades": 24,
      "resolved": 11,
      "win_rate": 0.9090909090909091,
      "avg_validation_rr": 0.5514945459705511
    },
    "NVDA": {
      "trades": 4,
      "resolved": 4,
      "win_rate": 0.25,
      "avg_validation_rr": -0.2780254562964791
    },
    "USOIL": {
      "trades": 11,
      "resolved": 7,
      "win_rate": 0.5714285714285714,
      "avg_validation_rr": 0.6474386497613797
    },
    "XAGUSD": {
      "trades": 40,
      "resolved": 40,
      "win_rate": 0.875,
      "avg_validation_rr": 1.5106226825946447
    }
  }
}
