{
  "generated_utc": "2025-12-17T11:28:46.079481+00:00",
  "evaluated_trades": 181,
  "resolved_trades": 145,
  "wins": 64,
  "losses": 81,
  "ambiguous": 0,
  "win_rate": 0.4413793103448276,
  "avg_validation_rr": 0.24269268275655936,
  "max_drawdown_rr": 5.61281254839723,
  "rule_based_performance": {
    "trades": 181,
    "resolved": 145,
    "wins": 64,
    "losses": 81,
    "ambiguous": 0,
    "win_rate": 0.4413793103448276,
    "avg_validation_rr": 0.24269268275655936,
    "max_drawdown_rr": 5.61281254839723
  },
  "assets": {
    "BTCUSD": {
      "trades": 48,
      "resolved": 31,
      "win_rate": 0.1935483870967742,
      "avg_validation_rr": -0.49758686745021297
    },
    "EURUSD": {
      "trades": 42,
      "resolved": 42,
      "win_rate": 0.11904761904761904,
      "avg_validation_rr": -0.22950898731472538
    },
    "GOLD_CFD": {
      "trades": 27,
      "resolved": 13,
      "win_rate": 0.7692307692307693,
      "avg_validation_rr": 0.21971402615942542
    },
    "NVDA": {
      "trades": 4,
      "resolved": 4,
      "win_rate": 0.25,
      "avg_validation_rr": -0.2780254562964791
    },
    "USOIL": {
      "trades": 13,
      "resolved": 9,
      "win_rate": 0.3333333333333333,
      "avg_validation_rr": -0.1791407198527398
    },
    "XAGUSD": {
      "trades": 47,
      "resolved": 46,
      "win_rate": 0.8478260869565217,
      "avg_validation_rr": 1.3070238113405264
    }
  }
}
