{
  "generated_utc": "2025-12-18T18:50:46.133851+00:00",
  "evaluated_trades": 285,
  "resolved_trades": 159,
  "wins": 59,
  "losses": 100,
  "ambiguous": 0,
  "win_rate": 0.3710691823899371,
  "avg_validation_rr": -0.04469720505541406,
  "max_drawdown_rr": 35.67907030034334,
  "rule_based_performance": {
    "trades": 285,
    "resolved": 159,
    "wins": 59,
    "losses": 100,
    "ambiguous": 0,
    "win_rate": 0.3710691823899371,
    "avg_validation_rr": -0.04469720505541406,
    "max_drawdown_rr": 35.67907030034334
  },
  "assets": {
    "BTCUSD": {
      "trades": 65,
      "resolved": 26,
      "win_rate": 0.34615384615384615,
      "avg_validation_rr": -0.0021383169186789484
    },
    "EURUSD": {
      "trades": 58,
      "resolved": 27,
      "win_rate": 0.14814814814814814,
      "avg_validation_rr": -0.16974114930123033
    },
    "GOLD_CFD": {
      "trades": 43,
      "resolved": 20,
      "win_rate": 0.65,
      "avg_validation_rr": 0.09592764869711262
    },
    "NVDA": {
      "trades": 7,
      "resolved": 7,
      "win_rate": 0.8571428571428571,
      "avg_validation_rr": 1.014957085367961
    },
    "USOIL": {
      "trades": 27,
      "resolved": 19,
      "win_rate": 0.42105263157894735,
      "avg_validation_rr": -0.14982354071238838
    },
    "XAGUSD": {
      "trades": 85,
      "resolved": 60,
      "win_rate": 0.31666666666666665,
      "avg_validation_rr": -0.14408089384624276
    }
  }
}
