{
  "generated_utc": "2025-12-18T23:06:08.895430+00:00",
  "evaluated_trades": 289,
  "resolved_trades": 152,
  "wins": 65,
  "losses": 87,
  "ambiguous": 0,
  "win_rate": 0.4276315789473684,
  "avg_validation_rr": 0.025726517795991305,
  "max_drawdown_rr": 14.427342902314122,
  "rule_based_performance": {
    "trades": 289,
    "resolved": 152,
    "wins": 65,
    "losses": 87,
    "ambiguous": 0,
    "win_rate": 0.4276315789473684,
    "avg_validation_rr": 0.025726517795991305,
    "max_drawdown_rr": 14.427342902314122
  },
  "assets": {
    "BTCUSD": {
      "trades": 66,
      "resolved": 24,
      "win_rate": 0.5416666666666666,
      "avg_validation_rr": 0.5190456986165555
    },
    "EURUSD": {
      "trades": 58,
      "resolved": 23,
      "win_rate": 0.17391304347826086,
      "avg_validation_rr": -0.11348347634944318
    },
    "GOLD_CFD": {
      "trades": 43,
      "resolved": 21,
      "win_rate": 0.47619047619047616,
      "avg_validation_rr": 0.04110042543944728
    },
    "NVDA": {
      "trades": 7,
      "resolved": 7,
      "win_rate": 1.0,
      "avg_validation_rr": 1.252776070402028
    },
    "USOIL": {
      "trades": 27,
      "resolved": 19,
      "win_rate": 0.7368421052631579,
      "avg_validation_rr": 0.15362041389269865
    },
    "XAGUSD": {
      "trades": 88,
      "resolved": 58,
      "win_rate": 0.29310344827586204,
      "avg_validation_rr": -0.31875647235816085
    }
  }
}
