{
  "generated_utc": "2025-12-15T08:22:34.814449+00:00",
  "evaluated_trades": 34,
  "resolved_trades": 17,
  "wins": 5,
  "losses": 12,
  "ambiguous": 0,
  "win_rate": 0.29411764705882354,
  "avg_validation_rr": -0.2781930781169625,
  "max_drawdown_rr": 7.660393499573207,
  "rule_based_performance": {
    "trades": 34,
    "resolved": 17,
    "wins": 5,
    "losses": 12,
    "ambiguous": 0,
    "win_rate": 0.29411764705882354,
    "avg_validation_rr": -0.2781930781169625,
    "max_drawdown_rr": 7.660393499573207
  },
  "assets": {
    "BTCUSD": {
      "trades": 17,
      "resolved": 17,
      "win_rate": 0.29411764705882354,
      "avg_validation_rr": -0.2781930781169625
    },
    "GOLD_CFD": {
      "trades": 13,
      "resolved": 0,
      "win_rate": null,
      "avg_validation_rr": null
    },
    "USOIL": {
      "trades": 4,
      "resolved": 0,
      "win_rate": null,
      "avg_validation_rr": null
    }
  }
}
