{
  "generated_utc": "2025-12-15T20:52:57.389346+00:00",
  "evaluated_trades": 66,
  "resolved_trades": 47,
  "wins": 31,
  "losses": 16,
  "ambiguous": 0,
  "win_rate": 0.6595744680851063,
  "avg_validation_rr": 0.6343957810981432,
  "max_drawdown_rr": 4.615951151550682,
  "rule_based_performance": {
    "trades": 66,
    "resolved": 47,
    "wins": 31,
    "losses": 16,
    "ambiguous": 0,
    "win_rate": 0.6595744680851063,
    "avg_validation_rr": 0.6343957810981432,
    "max_drawdown_rr": 4.615951151550682
  },
  "assets": {
    "BTCUSD": {
      "trades": 25,
      "resolved": 24,
      "win_rate": 0.7083333333333334,
      "avg_validation_rr": 1.2386867663618253
    },
    "EURUSD": {
      "trades": 10,
      "resolved": 10,
      "win_rate": 0.6,
      "avg_validation_rr": 0.011850419454820882
    },
    "GOLD_CFD": {
      "trades": 15,
      "resolved": 1,
      "win_rate": 0.0,
      "avg_validation_rr": -1.0
    },
    "USOIL": {
      "trades": 7,
      "resolved": 3,
      "win_rate": 1.0,
      "avg_validation_rr": 0.7771778999124909
    },
    "XAGUSD": {
      "trades": 9,
      "resolved": 9,
      "win_rate": 0.5555555555555556,
      "avg_validation_rr": -0.15132428615075064
    }
  }
}
