{
  "generated_utc": "2025-12-18T04:05:43.740056+00:00",
  "evaluated_trades": 239,
  "resolved_trades": 162,
  "wins": 75,
  "losses": 86,
  "ambiguous": 1,
  "win_rate": 0.46296296296296297,
  "avg_validation_rr": 0.22418690932584645,
  "max_drawdown_rr": 14.057707542356447,
  "rule_based_performance": {
    "trades": 239,
    "resolved": 162,
    "wins": 75,
    "losses": 86,
    "ambiguous": 1,
    "win_rate": 0.46296296296296297,
    "avg_validation_rr": 0.22418690932584645,
    "max_drawdown_rr": 14.057707542356447
  },
  "assets": {
    "BTCUSD": {
      "trades": 59,
      "resolved": 31,
      "win_rate": 0.3870967741935484,
      "avg_validation_rr": -0.26686620704927805
    },
    "EURUSD": {
      "trades": 54,
      "resolved": 42,
      "win_rate": 0.11904761904761904,
      "avg_validation_rr": -0.0737537751010098
    },
    "GOLD_CFD": {
      "trades": 35,
      "resolved": 18,
      "win_rate": 0.6111111111111112,
      "avg_validation_rr": 0.3546064392324569
    },
    "NVDA": {
      "trades": 4,
      "resolved": 4,
      "win_rate": 0.5,
      "avg_validation_rr": 0.40249999999999553
    },
    "USOIL": {
      "trades": 18,
      "resolved": 11,
      "win_rate": 0.18181818181818182,
      "avg_validation_rr": -0.704698484458779
    },
    "XAGUSD": {
      "trades": 69,
      "resolved": 56,
      "win_rate": 0.7678571428571429,
      "avg_validation_rr": 0.8472778161860628
    }
  }
}
