{
  "generated_utc": "2025-12-16T02:00:54.549629+00:00",
  "evaluated_trades": 85,
  "resolved_trades": 67,
  "wins": 47,
  "losses": 20,
  "ambiguous": 0,
  "win_rate": 0.7014925373134329,
  "avg_validation_rr": 0.5003934912832261,
  "max_drawdown_rr": 2.647776764834603,
  "rule_based_performance": {
    "trades": 85,
    "resolved": 67,
    "wins": 47,
    "losses": 20,
    "ambiguous": 0,
    "win_rate": 0.7014925373134329,
    "avg_validation_rr": 0.5003934912832261,
    "max_drawdown_rr": 2.647776764834603
  },
  "assets": {
    "BTCUSD": {
      "trades": 32,
      "resolved": 31,
      "win_rate": 0.7741935483870968,
      "avg_validation_rr": 1.0162937431577863
    },
    "EURUSD": {
      "trades": 14,
      "resolved": 14,
      "win_rate": 0.5,
      "avg_validation_rr": 0.001657893544767292
    },
    "GOLD_CFD": {
      "trades": 18,
      "resolved": 5,
      "win_rate": 0.8,
      "avg_validation_rr": -0.04305344022796875
    },
    "USOIL": {
      "trades": 7,
      "resolved": 3,
      "win_rate": 1.0,
      "avg_validation_rr": 0.8814141634762551
    },
    "XAGUSD": {
      "trades": 14,
      "resolved": 14,
      "win_rate": 0.6428571428571429,
      "avg_validation_rr": -0.03078056577363549
    }
  }
}
