{
  "generated_utc": "2025-12-14T16:26:32.217404+00:00",
  "evaluated_trades": 25,
  "resolved_trades": 7,
  "wins": 6,
  "losses": 1,
  "ambiguous": 0,
  "win_rate": 0.8571428571428571,
  "avg_validation_rr": 0.6040903919238299,
  "max_drawdown_rr": 0.23059135183618462,
  "rule_based_performance": {
    "trades": 25,
    "resolved": 7,
    "wins": 6,
    "losses": 1,
    "ambiguous": 0,
    "win_rate": 0.8571428571428571,
    "avg_validation_rr": 0.6040903919238299,
    "max_drawdown_rr": 0.23059135183618462
  },
  "assets": {
    "BTCUSD": {
      "trades": 8,
      "resolved": 7,
      "win_rate": 0.8571428571428571,
      "avg_validation_rr": 0.6040903919238299
    },
    "GOLD_CFD": {
      "trades": 13,
      "resolved": 0,
      "win_rate": null,
      "avg_validation_rr": null
    },
    "USOIL": {
      "trades": 4,
      "resolved": 0,
      "win_rate": null,
      "avg_validation_rr": null
    }
  }
}
