{
  "generated_utc": "2025-12-16T04:15:37.467101+00:00",
  "evaluated_trades": 91,
  "resolved_trades": 73,
  "wins": 38,
  "losses": 35,
  "ambiguous": 0,
  "win_rate": 0.5205479452054794,
  "avg_validation_rr": 0.2816410150407651,
  "max_drawdown_rr": 9.915447845077775,
  "rule_based_performance": {
    "trades": 91,
    "resolved": 73,
    "wins": 38,
    "losses": 35,
    "ambiguous": 0,
    "win_rate": 0.5205479452054794,
    "avg_validation_rr": 0.2816410150407651,
    "max_drawdown_rr": 9.915447845077775
  },
  "assets": {
    "BTCUSD": {
      "trades": 33,
      "resolved": 32,
      "win_rate": 0.78125,
      "avg_validation_rr": 0.9043617755071497
    },
    "EURUSD": {
      "trades": 16,
      "resolved": 16,
      "win_rate": 0.4375,
      "avg_validation_rr": -0.0005153548431901557
    },
    "GOLD_CFD": {
      "trades": 19,
      "resolved": 6,
      "win_rate": 0.0,
      "avg_validation_rr": -0.5178832008211205
    },
    "USOIL": {
      "trades": 7,
      "resolved": 3,
      "win_rate": 1.0,
      "avg_validation_rr": 1.1072504254468725
    },
    "XAGUSD": {
      "trades": 16,
      "resolved": 16,
      "win_rate": 0.1875,
      "avg_validation_rr": -0.5366243195109868
    }
  }
}
