{
  "generated_utc": "2025-12-20T00:21:46.270515+00:00",
  "evaluated_trades": 329,
  "resolved_trades": 137,
  "wins": 82,
  "losses": 55,
  "ambiguous": 0,
  "win_rate": 0.5985401459854015,
  "avg_validation_rr": 0.3637253123611778,
  "max_drawdown_rr": 5.543831452237818,
  "rule_based_performance": {
    "trades": 329,
    "resolved": 137,
    "wins": 82,
    "losses": 55,
    "ambiguous": 0,
    "win_rate": 0.5985401459854015,
    "avg_validation_rr": 0.3637253123611778,
    "max_drawdown_rr": 5.543831452237818
  },
  "assets": {
    "BTCUSD": {
      "trades": 73,
      "resolved": 20,
      "win_rate": 0.3,
      "avg_validation_rr": -0.16262025397409802
    },
    "EURUSD": {
      "trades": 61,
      "resolved": 19,
      "win_rate": 0.21052631578947367,
      "avg_validation_rr": -0.11060408389504041
    },
    "GOLD_CFD": {
      "trades": 53,
      "resolved": 30,
      "win_rate": 0.8,
      "avg_validation_rr": 0.13927772677332956
    },
    "NVDA": {
      "trades": 7,
      "resolved": 4,
      "win_rate": 0.25,
      "avg_validation_rr": -0.4698759031024214
    },
    "USOIL": {
      "trades": 34,
      "resolved": 21,
      "win_rate": 0.3333333333333333,
      "avg_validation_rr": -0.4039624006113435
    },
    "XAGUSD": {
      "trades": 101,
      "resolved": 43,
      "win_rate": 0.9302325581395349,
      "avg_validation_rr": 1.4271775043957464
    }
  }
}
