{
  "generated_utc": "2025-12-16T23:19:03.823431+00:00",
  "evaluated_trades": 153,
  "resolved_trades": 126,
  "wins": 57,
  "losses": 69,
  "ambiguous": 0,
  "win_rate": 0.4523809523809524,
  "avg_validation_rr": 0.1494870273336843,
  "max_drawdown_rr": 14.936188480052259,
  "rule_based_performance": {
    "trades": 153,
    "resolved": 126,
    "wins": 57,
    "losses": 69,
    "ambiguous": 0,
    "win_rate": 0.4523809523809524,
    "avg_validation_rr": 0.1494870273336843,
    "max_drawdown_rr": 14.936188480052259
  },
  "assets": {
    "BTCUSD": {
      "trades": 43,
      "resolved": 33,
      "win_rate": 0.3939393939393939,
      "avg_validation_rr": 0.0620647503722147
    },
    "EURUSD": {
      "trades": 39,
      "resolved": 39,
      "win_rate": 0.23076923076923078,
      "avg_validation_rr": -0.03380063834523443
    },
    "GOLD_CFD": {
      "trades": 23,
      "resolved": 10,
      "win_rate": 0.5,
      "avg_validation_rr": 0.010522077282937489
    },
    "NVDA": {
      "trades": 4,
      "resolved": 4,
      "win_rate": 0.25,
      "avg_validation_rr": -0.2780254562964791
    },
    "USOIL": {
      "trades": 9,
      "resolved": 5,
      "win_rate": 0.8,
      "avg_validation_rr": 1.4807457381211475
    },
    "XAGUSD": {
      "trades": 35,
      "resolved": 35,
      "win_rate": 0.7142857142857143,
      "avg_validation_rr": 0.3345315982564597
    }
  }
}
