{
  "generated_utc": "2025-12-16T00:52:58.947779+00:00",
  "evaluated_trades": 82,
  "resolved_trades": 64,
  "wins": 45,
  "losses": 19,
  "ambiguous": 0,
  "win_rate": 0.703125,
  "avg_validation_rr": 0.5475576135121722,
  "max_drawdown_rr": 2.0,
  "rule_based_performance": {
    "trades": 82,
    "resolved": 64,
    "wins": 45,
    "losses": 19,
    "ambiguous": 0,
    "win_rate": 0.703125,
    "avg_validation_rr": 0.5475576135121722,
    "max_drawdown_rr": 2.0
  },
  "assets": {
    "BTCUSD": {
      "trades": 30,
      "resolved": 29,
      "win_rate": 0.6896551724137931,
      "avg_validation_rr": 1.0294742681764408
    },
    "EURUSD": {
      "trades": 14,
      "resolved": 14,
      "win_rate": 0.6428571428571429,
      "avg_validation_rr": 0.01138406641384136
    },
    "GOLD_CFD": {
      "trades": 18,
      "resolved": 5,
      "win_rate": 0.8,
      "avg_validation_rr": -0.0238038851578204
    },
    "USOIL": {
      "trades": 7,
      "resolved": 3,
      "win_rate": 1.0,
      "avg_validation_rr": 0.811922742019716
    },
    "XAGUSD": {
      "trades": 13,
      "resolved": 13,
      "win_rate": 0.6923076923076923,
      "avg_validation_rr": 0.2086775198152632
    }
  }
}
