{
  "generated_utc": "2025-12-16T22:33:43.014192+00:00",
  "evaluated_trades": 153,
  "resolved_trades": 128,
  "wins": 58,
  "losses": 70,
  "ambiguous": 0,
  "win_rate": 0.453125,
  "avg_validation_rr": 0.17241610299556617,
  "max_drawdown_rr": 15.272139402854474,
  "rule_based_performance": {
    "trades": 153,
    "resolved": 128,
    "wins": 58,
    "losses": 70,
    "ambiguous": 0,
    "win_rate": 0.453125,
    "avg_validation_rr": 0.17241610299556617,
    "max_drawdown_rr": 15.272139402854474
  },
  "assets": {
    "BTCUSD": {
      "trades": 43,
      "resolved": 35,
      "win_rate": 0.45714285714285713,
      "avg_validation_rr": 0.1798005602080108
    },
    "EURUSD": {
      "trades": 39,
      "resolved": 39,
      "win_rate": 0.20512820512820512,
      "avg_validation_rr": -0.043267826769285755
    },
    "GOLD_CFD": {
      "trades": 23,
      "resolved": 10,
      "win_rate": 0.3,
      "avg_validation_rr": -0.03716572150458262
    },
    "NVDA": {
      "trades": 4,
      "resolved": 4,
      "win_rate": 0.25,
      "avg_validation_rr": -0.2780254562964791
    },
    "USOIL": {
      "trades": 9,
      "resolved": 5,
      "win_rate": 1.0,
      "avg_validation_rr": 1.513389916575988
    },
    "XAGUSD": {
      "trades": 35,
      "resolved": 35,
      "win_rate": 0.7142857142857143,
      "avg_validation_rr": 0.32515703650017247
    }
  }
}
