{
  "generated_utc": "2025-12-17T10:48:52.487342+00:00",
  "evaluated_trades": 177,
  "resolved_trades": 143,
  "wins": 65,
  "losses": 78,
  "ambiguous": 0,
  "win_rate": 0.45454545454545453,
  "avg_validation_rr": 0.24434668471688,
  "max_drawdown_rr": 5.2978826900591685,
  "rule_based_performance": {
    "trades": 177,
    "resolved": 143,
    "wins": 65,
    "losses": 78,
    "ambiguous": 0,
    "win_rate": 0.45454545454545453,
    "avg_validation_rr": 0.24434668471688,
    "max_drawdown_rr": 5.2978826900591685
  },
  "assets": {
    "BTCUSD": {
      "trades": 48,
      "resolved": 31,
      "win_rate": 0.25806451612903225,
      "avg_validation_rr": -0.47773679408174585
    },
    "EURUSD": {
      "trades": 41,
      "resolved": 41,
      "win_rate": 0.12195121951219512,
      "avg_validation_rr": -0.23753123897500497
    },
    "GOLD_CFD": {
      "trades": 25,
      "resolved": 12,
      "win_rate": 0.75,
      "avg_validation_rr": 0.16610664220770668
    },
    "NVDA": {
      "trades": 4,
      "resolved": 4,
      "win_rate": 0.25,
      "avg_validation_rr": -0.2780254562964791
    },
    "USOIL": {
      "trades": 13,
      "resolved": 9,
      "win_rate": 0.3333333333333333,
      "avg_validation_rr": -0.1791407198527398
    },
    "XAGUSD": {
      "trades": 46,
      "resolved": 46,
      "win_rate": 0.8478260869565217,
      "avg_validation_rr": 1.3091583897041574
    }
  }
}
