{
  "generated_utc": "2025-12-19T03:29:50.933643+00:00",
  "evaluated_trades": 299,
  "resolved_trades": 149,
  "wins": 46,
  "losses": 103,
  "ambiguous": 0,
  "win_rate": 0.3087248322147651,
  "avg_validation_rr": -0.18147668058647815,
  "max_drawdown_rr": 34.34889333842173,
  "rule_based_performance": {
    "trades": 299,
    "resolved": 149,
    "wins": 46,
    "losses": 103,
    "ambiguous": 0,
    "win_rate": 0.3087248322147651,
    "avg_validation_rr": -0.18147668058647815,
    "max_drawdown_rr": 34.34889333842173
  },
  "assets": {
    "BTCUSD": {
      "trades": 69,
      "resolved": 25,
      "win_rate": 0.48,
      "avg_validation_rr": 0.09440008311103036
    },
    "EURUSD": {
      "trades": 58,
      "resolved": 19,
      "win_rate": 0.21052631578947367,
      "avg_validation_rr": -0.09495650821025446
    },
    "GOLD_CFD": {
      "trades": 45,
      "resolved": 22,
      "win_rate": 0.045454545454545456,
      "avg_validation_rr": -0.37488691890440323
    },
    "NVDA": {
      "trades": 7,
      "resolved": 7,
      "win_rate": 1.0,
      "avg_validation_rr": 1.252776070402028
    },
    "USOIL": {
      "trades": 28,
      "resolved": 19,
      "win_rate": 0.7894736842105263,
      "avg_validation_rr": 0.4404481154240696
    },
    "XAGUSD": {
      "trades": 92,
      "resolved": 57,
      "win_rate": 0.12280701754385964,
      "avg_validation_rr": -0.6401103210375582
    }
  }
}
