{
  "generated_utc": "2025-12-15T07:23:06.775273+00:00",
  "evaluated_trades": 34,
  "resolved_trades": 17,
  "wins": 7,
  "losses": 10,
  "ambiguous": 0,
  "win_rate": 0.4117647058823529,
  "avg_validation_rr": -0.20561306899486048,
  "max_drawdown_rr": 6.827522861144509,
  "rule_based_performance": {
    "trades": 34,
    "resolved": 17,
    "wins": 7,
    "losses": 10,
    "ambiguous": 0,
    "win_rate": 0.4117647058823529,
    "avg_validation_rr": -0.20561306899486048,
    "max_drawdown_rr": 6.827522861144509
  },
  "assets": {
    "BTCUSD": {
      "trades": 17,
      "resolved": 17,
      "win_rate": 0.4117647058823529,
      "avg_validation_rr": -0.20561306899486048
    },
    "GOLD_CFD": {
      "trades": 13,
      "resolved": 0,
      "win_rate": null,
      "avg_validation_rr": null
    },
    "USOIL": {
      "trades": 4,
      "resolved": 0,
      "win_rate": null,
      "avg_validation_rr": null
    }
  }
}
