{
  "generated_utc": "2025-12-16T20:23:17.360831+00:00",
  "evaluated_trades": 152,
  "resolved_trades": 125,
  "wins": 80,
  "losses": 44,
  "ambiguous": 1,
  "win_rate": 0.64,
  "avg_validation_rr": 0.19801465631375884,
  "max_drawdown_rr": 15.956814347173168,
  "rule_based_performance": {
    "trades": 152,
    "resolved": 125,
    "wins": 80,
    "losses": 44,
    "ambiguous": 1,
    "win_rate": 0.64,
    "avg_validation_rr": 0.19801465631375884,
    "max_drawdown_rr": 15.956814347173168
  },
  "assets": {
    "BTCUSD": {
      "trades": 43,
      "resolved": 36,
      "win_rate": 0.4722222222222222,
      "avg_validation_rr": 0.21461803677900068
    },
    "EURUSD": {
      "trades": 39,
      "resolved": 38,
      "win_rate": 0.7631578947368421,
      "avg_validation_rr": 0.022913797729612415
    },
    "GOLD_CFD": {
      "trades": 23,
      "resolved": 10,
      "win_rate": 0.7,
      "avg_validation_rr": 0.09440800684718252
    },
    "NVDA": {
      "trades": 4,
      "resolved": 4,
      "win_rate": 0.25,
      "avg_validation_rr": -0.2780254562964791
    },
    "USOIL": {
      "trades": 9,
      "resolved": 4,
      "win_rate": 1.0,
      "avg_validation_rr": 1.8599999999999997
    },
    "XAGUSD": {
      "trades": 34,
      "resolved": 33,
      "win_rate": 0.6666666666666666,
      "avg_validation_rr": 0.2691781866110499
    }
  }
}
