{
  "generated_utc": "2025-12-15T06:17:45.855993+00:00",
  "evaluated_trades": 34,
  "resolved_trades": 17,
  "wins": 8,
  "losses": 9,
  "ambiguous": 0,
  "win_rate": 0.47058823529411764,
  "avg_validation_rr": -0.12782458406756894,
  "max_drawdown_rr": 6.583144895010948,
  "rule_based_performance": {
    "trades": 34,
    "resolved": 17,
    "wins": 8,
    "losses": 9,
    "ambiguous": 0,
    "win_rate": 0.47058823529411764,
    "avg_validation_rr": -0.12782458406756894,
    "max_drawdown_rr": 6.583144895010948
  },
  "assets": {
    "BTCUSD": {
      "trades": 17,
      "resolved": 17,
      "win_rate": 0.47058823529411764,
      "avg_validation_rr": -0.12782458406756894
    },
    "GOLD_CFD": {
      "trades": 13,
      "resolved": 0,
      "win_rate": null,
      "avg_validation_rr": null
    },
    "USOIL": {
      "trades": 4,
      "resolved": 0,
      "win_rate": null,
      "avg_validation_rr": null
    }
  }
}
