{
  "generated_utc": "2025-12-18T04:27:47.313655+00:00",
  "evaluated_trades": 241,
  "resolved_trades": 163,
  "wins": 72,
  "losses": 91,
  "ambiguous": 0,
  "win_rate": 0.44171779141104295,
  "avg_validation_rr": 0.1877830636950066,
  "max_drawdown_rr": 15.857285694428874,
  "rule_based_performance": {
    "trades": 241,
    "resolved": 163,
    "wins": 72,
    "losses": 91,
    "ambiguous": 0,
    "win_rate": 0.44171779141104295,
    "avg_validation_rr": 0.1877830636950066,
    "max_drawdown_rr": 15.857285694428874
  },
  "assets": {
    "BTCUSD": {
      "trades": 60,
      "resolved": 31,
      "win_rate": 0.22580645161290322,
      "avg_validation_rr": -0.38594643440789367
    },
    "EURUSD": {
      "trades": 55,
      "resolved": 41,
      "win_rate": 0.17073170731707318,
      "avg_validation_rr": -0.07086237618461162
    },
    "GOLD_CFD": {
      "trades": 35,
      "resolved": 19,
      "win_rate": 0.5789473684210527,
      "avg_validation_rr": 0.28641124823301223
    },
    "NVDA": {
      "trades": 4,
      "resolved": 4,
      "win_rate": 0.5,
      "avg_validation_rr": 0.40249999999999553
    },
    "USOIL": {
      "trades": 18,
      "resolved": 11,
      "win_rate": 0.09090909090909091,
      "avg_validation_rr": -0.7095619266877893
    },
    "XAGUSD": {
      "trades": 69,
      "resolved": 57,
      "win_rate": 0.7719298245614035,
      "avg_validation_rr": 0.8110825219234794
    }
  }
}
