{
  "generated_utc": "2025-12-16T21:37:26.459798+00:00",
  "evaluated_trades": 153,
  "resolved_trades": 128,
  "wins": 57,
  "losses": 71,
  "ambiguous": 0,
  "win_rate": 0.4453125,
  "avg_validation_rr": 0.10289282340326944,
  "max_drawdown_rr": 16.986208436476744,
  "rule_based_performance": {
    "trades": 153,
    "resolved": 128,
    "wins": 57,
    "losses": 71,
    "ambiguous": 0,
    "win_rate": 0.4453125,
    "avg_validation_rr": 0.10289282340326944,
    "max_drawdown_rr": 16.986208436476744
  },
  "assets": {
    "BTCUSD": {
      "trades": 43,
      "resolved": 35,
      "win_rate": 0.45714285714285713,
      "avg_validation_rr": 0.1756182712394333
    },
    "EURUSD": {
      "trades": 39,
      "resolved": 39,
      "win_rate": 0.23076923076923078,
      "avg_validation_rr": -0.039886688046403856
    },
    "GOLD_CFD": {
      "trades": 23,
      "resolved": 10,
      "win_rate": 0.3,
      "avg_validation_rr": -0.06415568663978873
    },
    "NVDA": {
      "trades": 4,
      "resolved": 4,
      "win_rate": 0.25,
      "avg_validation_rr": -0.2780254562964791
    },
    "USOIL": {
      "trades": 9,
      "resolved": 5,
      "win_rate": 1.0,
      "avg_validation_rr": 1.5242709466811761
    },
    "XAGUSD": {
      "trades": 35,
      "resolved": 35,
      "win_rate": 0.6571428571428571,
      "avg_validation_rr": 0.07747219126359986
    }
  }
}
