{
  "generated_utc": "2025-12-16T19:09:43.706665+00:00",
  "evaluated_trades": 146,
  "resolved_trades": 120,
  "wins": 59,
  "losses": 61,
  "ambiguous": 0,
  "win_rate": 0.49166666666666664,
  "avg_validation_rr": 0.2009044961788615,
  "max_drawdown_rr": 16.44719612100954,
  "rule_based_performance": {
    "trades": 146,
    "resolved": 120,
    "wins": 59,
    "losses": 61,
    "ambiguous": 0,
    "win_rate": 0.49166666666666664,
    "avg_validation_rr": 0.2009044961788615,
    "max_drawdown_rr": 16.44719612100954
  },
  "assets": {
    "BTCUSD": {
      "trades": 43,
      "resolved": 37,
      "win_rate": 0.43243243243243246,
      "avg_validation_rr": 0.3377342137376937
    },
    "EURUSD": {
      "trades": 37,
      "resolved": 36,
      "win_rate": 0.3055555555555556,
      "avg_validation_rr": -0.02380993152958196
    },
    "GOLD_CFD": {
      "trades": 23,
      "resolved": 9,
      "win_rate": 0.6666666666666666,
      "avg_validation_rr": 0.05090706201029346
    },
    "NVDA": {
      "trades": 3,
      "resolved": 3,
      "win_rate": 0.3333333333333333,
      "avg_validation_rr": -0.23393210870666978
    },
    "USOIL": {
      "trades": 8,
      "resolved": 4,
      "win_rate": 1.0,
      "avg_validation_rr": 1.8599999999999997
    },
    "XAGUSD": {
      "trades": 32,
      "resolved": 31,
      "win_rate": 0.6774193548387096,
      "avg_validation_rr": 0.17010206246003343
    }
  }
}
