{
  "generated_utc": "2025-12-16T20:36:00.275914+00:00",
  "evaluated_trades": 152,
  "resolved_trades": 127,
  "wins": 79,
  "losses": 48,
  "ambiguous": 0,
  "win_rate": 0.6220472440944882,
  "avg_validation_rr": 0.19707062649351642,
  "max_drawdown_rr": 15.846083497526305,
  "rule_based_performance": {
    "trades": 152,
    "resolved": 127,
    "wins": 79,
    "losses": 48,
    "ambiguous": 0,
    "win_rate": 0.6220472440944882,
    "avg_validation_rr": 0.19707062649351642,
    "max_drawdown_rr": 15.846083497526305
  },
  "assets": {
    "BTCUSD": {
      "trades": 43,
      "resolved": 36,
      "win_rate": 0.4444444444444444,
      "avg_validation_rr": 0.22950909718168278
    },
    "EURUSD": {
      "trades": 39,
      "resolved": 39,
      "win_rate": 0.717948717948718,
      "avg_validation_rr": 0.0135353037750222
    },
    "GOLD_CFD": {
      "trades": 23,
      "resolved": 10,
      "win_rate": 0.8,
      "avg_validation_rr": 0.1273755372310531
    },
    "NVDA": {
      "trades": 4,
      "resolved": 4,
      "win_rate": 0.25,
      "avg_validation_rr": -0.2780254562964791
    },
    "USOIL": {
      "trades": 9,
      "resolved": 4,
      "win_rate": 1.0,
      "avg_validation_rr": 1.8599999999999997
    },
    "XAGUSD": {
      "trades": 34,
      "resolved": 34,
      "win_rate": 0.6470588235294118,
      "avg_validation_rr": 0.2540032844642802
    }
  }
}
