{
  "generated_utc": "2025-12-16T19:49:02.082303+00:00",
  "evaluated_trades": 147,
  "resolved_trades": 124,
  "wins": 79,
  "losses": 44,
  "ambiguous": 1,
  "win_rate": 0.6370967741935484,
  "avg_validation_rr": 0.2304693179413716,
  "max_drawdown_rr": 15.99676002269684,
  "rule_based_performance": {
    "trades": 147,
    "resolved": 124,
    "wins": 79,
    "losses": 44,
    "ambiguous": 1,
    "win_rate": 0.6370967741935484,
    "avg_validation_rr": 0.2304693179413716,
    "max_drawdown_rr": 15.99676002269684
  },
  "assets": {
    "BTCUSD": {
      "trades": 43,
      "resolved": 37,
      "win_rate": 0.4594594594594595,
      "avg_validation_rr": 0.3334142022789465
    },
    "EURUSD": {
      "trades": 37,
      "resolved": 37,
      "win_rate": 0.7567567567567568,
      "avg_validation_rr": 0.023510102898612415
    },
    "GOLD_CFD": {
      "trades": 22,
      "resolved": 9,
      "win_rate": 0.7777777777777778,
      "avg_validation_rr": 0.09565605423968021
    },
    "NVDA": {
      "trades": 4,
      "resolved": 4,
      "win_rate": 0.25,
      "avg_validation_rr": -0.25257785014962814
    },
    "USOIL": {
      "trades": 8,
      "resolved": 4,
      "win_rate": 1.0,
      "avg_validation_rr": 1.8599999999999997
    },
    "XAGUSD": {
      "trades": 33,
      "resolved": 33,
      "win_rate": 0.6666666666666666,
      "avg_validation_rr": 0.24489100138187245
    }
  }
}
