{
  "generated_utc": "2025-12-16T10:35:41.581481+00:00",
  "evaluated_trades": 118,
  "resolved_trades": 96,
  "wins": 49,
  "losses": 47,
  "ambiguous": 0,
  "win_rate": 0.5104166666666666,
  "avg_validation_rr": 0.1324582295271357,
  "max_drawdown_rr": 14.735079570774806,
  "rule_based_performance": {
    "trades": 118,
    "resolved": 96,
    "wins": 49,
    "losses": 47,
    "ambiguous": 0,
    "win_rate": 0.5104166666666666,
    "avg_validation_rr": 0.1324582295271357,
    "max_drawdown_rr": 14.735079570774806
  },
  "assets": {
    "BTCUSD": {
      "trades": 38,
      "resolved": 35,
      "win_rate": 0.4857142857142857,
      "avg_validation_rr": 0.534110264034347
    },
    "EURUSD": {
      "trades": 28,
      "resolved": 27,
      "win_rate": 0.8888888888888888,
      "avg_validation_rr": 0.04634056843819688
    },
    "GOLD_CFD": {
      "trades": 22,
      "resolved": 9,
      "win_rate": 0.0,
      "avg_validation_rr": -0.5589981974255084
    },
    "USOIL": {
      "trades": 7,
      "resolved": 3,
      "win_rate": 1.0,
      "avg_validation_rr": 2.0
    },
    "XAGUSD": {
      "trades": 23,
      "resolved": 22,
      "win_rate": 0.22727272727272727,
      "avg_validation_rr": -0.37264003534540246
    }
  }
}
