{
  "generated_utc": "2025-12-15T20:32:54.588090+00:00",
  "evaluated_trades": 65,
  "resolved_trades": 47,
  "wins": 32,
  "losses": 15,
  "ambiguous": 0,
  "win_rate": 0.6808510638297872,
  "avg_validation_rr": 0.6214107780570843,
  "max_drawdown_rr": 4.7513598593651984,
  "rule_based_performance": {
    "trades": 65,
    "resolved": 47,
    "wins": 32,
    "losses": 15,
    "ambiguous": 0,
    "win_rate": 0.6808510638297872,
    "avg_validation_rr": 0.6214107780570843,
    "max_drawdown_rr": 4.7513598593651984
  },
  "assets": {
    "BTCUSD": {
      "trades": 24,
      "resolved": 24,
      "win_rate": 0.75,
      "avg_validation_rr": 1.2376872067923572
    },
    "EURUSD": {
      "trades": 10,
      "resolved": 10,
      "win_rate": 0.6,
      "avg_validation_rr": 0.002657897052041546
    },
    "GOLD_CFD": {
      "trades": 14,
      "resolved": 1,
      "win_rate": 0.0,
      "avg_validation_rr": -1.0
    },
    "USOIL": {
      "trades": 7,
      "resolved": 3,
      "win_rate": 1.0,
      "avg_validation_rr": 0.6555709525372214
    },
    "XAGUSD": {
      "trades": 10,
      "resolved": 9,
      "win_rate": 0.5555555555555556,
      "avg_validation_rr": -0.16571980249618837
    }
  }
}
