{
  "generated_utc": "2025-12-16T23:02:22.073104+00:00",
  "evaluated_trades": 153,
  "resolved_trades": 126,
  "wins": 56,
  "losses": 70,
  "ambiguous": 0,
  "win_rate": 0.4444444444444444,
  "avg_validation_rr": 0.14459980249729384,
  "max_drawdown_rr": 15.289194627761757,
  "rule_based_performance": {
    "trades": 153,
    "resolved": 126,
    "wins": 56,
    "losses": 70,
    "ambiguous": 0,
    "win_rate": 0.4444444444444444,
    "avg_validation_rr": 0.14459980249729384,
    "max_drawdown_rr": 15.289194627761757
  },
  "assets": {
    "BTCUSD": {
      "trades": 43,
      "resolved": 33,
      "win_rate": 0.42424242424242425,
      "avg_validation_rr": 0.08101051605473496
    },
    "EURUSD": {
      "trades": 39,
      "resolved": 39,
      "win_rate": 0.20512820512820512,
      "avg_validation_rr": -0.043267826769285755
    },
    "GOLD_CFD": {
      "trades": 23,
      "resolved": 10,
      "win_rate": 0.3,
      "avg_validation_rr": -0.03871653856274151
    },
    "NVDA": {
      "trades": 4,
      "resolved": 4,
      "win_rate": 0.25,
      "avg_validation_rr": -0.2780254562964791
    },
    "USOIL": {
      "trades": 9,
      "resolved": 5,
      "win_rate": 1.0,
      "avg_validation_rr": 1.513389916575988
    },
    "XAGUSD": {
      "trades": 35,
      "resolved": 35,
      "win_rate": 0.7142857142857143,
      "avg_validation_rr": 0.3190283130510945
    }
  }
}
