{
  "generated_utc": "2025-12-17T12:04:31.448385+00:00",
  "evaluated_trades": 182,
  "resolved_trades": 147,
  "wins": 64,
  "losses": 83,
  "ambiguous": 0,
  "win_rate": 0.43537414965986393,
  "avg_validation_rr": 0.21686402243481573,
  "max_drawdown_rr": 6.3710697327293815,
  "rule_based_performance": {
    "trades": 182,
    "resolved": 147,
    "wins": 64,
    "losses": 83,
    "ambiguous": 0,
    "win_rate": 0.43537414965986393,
    "avg_validation_rr": 0.21686402243481573,
    "max_drawdown_rr": 6.3710697327293815
  },
  "assets": {
    "BTCUSD": {
      "trades": 48,
      "resolved": 31,
      "win_rate": 0.1935483870967742,
      "avg_validation_rr": -0.5344364062193248
    },
    "EURUSD": {
      "trades": 42,
      "resolved": 42,
      "win_rate": 0.11904761904761904,
      "avg_validation_rr": -0.28500070204363626
    },
    "GOLD_CFD": {
      "trades": 27,
      "resolved": 14,
      "win_rate": 0.6428571428571429,
      "avg_validation_rr": 0.19286780138887077
    },
    "NVDA": {
      "trades": 4,
      "resolved": 4,
      "win_rate": 0.25,
      "avg_validation_rr": -0.2780254562964791
    },
    "USOIL": {
      "trades": 13,
      "resolved": 9,
      "win_rate": 0.3333333333333333,
      "avg_validation_rr": -0.1791407198527398
    },
    "XAGUSD": {
      "trades": 48,
      "resolved": 47,
      "win_rate": 0.851063829787234,
      "avg_validation_rr": 1.2859742225737465
    }
  }
}
