{
  "generated_utc": "2025-12-15T13:55:44.617399+00:00",
  "evaluated_trades": 40,
  "resolved_trades": 23,
  "wins": 12,
  "losses": 11,
  "ambiguous": 0,
  "win_rate": 0.5217391304347826,
  "avg_validation_rr": -0.0943505545175753,
  "max_drawdown_rr": 6.715469679090191,
  "rule_based_performance": {
    "trades": 40,
    "resolved": 23,
    "wins": 12,
    "losses": 11,
    "ambiguous": 0,
    "win_rate": 0.5217391304347826,
    "avg_validation_rr": -0.0943505545175753,
    "max_drawdown_rr": 6.715469679090191
  },
  "assets": {
    "BTCUSD": {
      "trades": 17,
      "resolved": 17,
      "win_rate": 0.4117647058823529,
      "avg_validation_rr": -0.19414318304712896
    },
    "EURUSD": {
      "trades": 1,
      "resolved": 1,
      "win_rate": 1.0,
      "avg_validation_rr": 0.09875534215321184
    },
    "GOLD_CFD": {
      "trades": 14,
      "resolved": 1,
      "win_rate": 1.0,
      "avg_validation_rr": 0.06994864543710905
    },
    "USOIL": {
      "trades": 5,
      "resolved": 1,
      "win_rate": 1.0,
      "avg_validation_rr": 0.30508135593221336
    },
    "XAGUSD": {
      "trades": 3,
      "resolved": 3,
      "win_rate": 0.6666666666666666,
      "avg_validation_rr": 0.2188620047914754
    }
  }
}
