{
  "generated_utc": "2025-12-18T13:30:36.511031+00:00",
  "evaluated_trades": 262,
  "resolved_trades": 157,
  "wins": 54,
  "losses": 103,
  "ambiguous": 0,
  "win_rate": 0.34394904458598724,
  "avg_validation_rr": -0.019922036425980904,
  "max_drawdown_rr": 26.145960203833553,
  "rule_based_performance": {
    "trades": 262,
    "resolved": 157,
    "wins": 54,
    "losses": 103,
    "ambiguous": 0,
    "win_rate": 0.34394904458598724,
    "avg_validation_rr": -0.019922036425980904,
    "max_drawdown_rr": 26.145960203833553
  },
  "assets": {
    "BTCUSD": {
      "trades": 60,
      "resolved": 24,
      "win_rate": 0.25,
      "avg_validation_rr": -0.5564708142800691
    },
    "EURUSD": {
      "trades": 56,
      "resolved": 34,
      "win_rate": 0.11764705882352941,
      "avg_validation_rr": -0.13349438640971079
    },
    "GOLD_CFD": {
      "trades": 40,
      "resolved": 18,
      "win_rate": 0.2222222222222222,
      "avg_validation_rr": -0.20461903190296177
    },
    "NVDA": {
      "trades": 4,
      "resolved": 4,
      "win_rate": 0.5,
      "avg_validation_rr": 0.40249999999999553
    },
    "USOIL": {
      "trades": 24,
      "resolved": 17,
      "win_rate": 0.5882352941176471,
      "avg_validation_rr": -0.05869848202841183
    },
    "XAGUSD": {
      "trades": 78,
      "resolved": 60,
      "win_rate": 0.4666666666666667,
      "avg_validation_rr": 0.2972894288418191
    }
  }
}
