{
  "generated_utc": "2025-12-17T10:18:47.995657+00:00",
  "evaluated_trades": 176,
  "resolved_trades": 142,
  "wins": 65,
  "losses": 77,
  "ambiguous": 0,
  "win_rate": 0.45774647887323944,
  "avg_validation_rr": 0.2655281727537067,
  "max_drawdown_rr": 5.439139351461179,
  "rule_based_performance": {
    "trades": 176,
    "resolved": 142,
    "wins": 65,
    "losses": 77,
    "ambiguous": 0,
    "win_rate": 0.45774647887323944,
    "avg_validation_rr": 0.2655281727537067,
    "max_drawdown_rr": 5.439139351461179
  },
  "assets": {
    "BTCUSD": {
      "trades": 47,
      "resolved": 30,
      "win_rate": 0.26666666666666666,
      "avg_validation_rr": -0.412973808876431
    },
    "EURUSD": {
      "trades": 41,
      "resolved": 41,
      "win_rate": 0.12195121951219512,
      "avg_validation_rr": -0.24437970062708425
    },
    "GOLD_CFD": {
      "trades": 25,
      "resolved": 12,
      "win_rate": 0.8333333333333334,
      "avg_validation_rr": 0.2669968083897409
    },
    "NVDA": {
      "trades": 4,
      "resolved": 4,
      "win_rate": 0.25,
      "avg_validation_rr": -0.2780254562964791
    },
    "USOIL": {
      "trades": 13,
      "resolved": 9,
      "win_rate": 0.3333333333333333,
      "avg_validation_rr": -0.16543316492382365
    },
    "XAGUSD": {
      "trades": 46,
      "resolved": 46,
      "win_rate": 0.8260869565217391,
      "avg_validation_rr": 1.2937135028663729
    }
  }
}
