{
  "generated_utc": "2025-12-15T14:13:14.803849+00:00",
  "evaluated_trades": 41,
  "resolved_trades": 23,
  "wins": 10,
  "losses": 13,
  "ambiguous": 0,
  "win_rate": 0.43478260869565216,
  "avg_validation_rr": -0.14721204122768106,
  "max_drawdown_rr": 7.019677958485207,
  "rule_based_performance": {
    "trades": 41,
    "resolved": 23,
    "wins": 10,
    "losses": 13,
    "ambiguous": 0,
    "win_rate": 0.43478260869565216,
    "avg_validation_rr": -0.14721204122768106,
    "max_drawdown_rr": 7.019677958485207
  },
  "assets": {
    "BTCUSD": {
      "trades": 17,
      "resolved": 17,
      "win_rate": 0.4117647058823529,
      "avg_validation_rr": -0.22528227437007847
    },
    "EURUSD": {
      "trades": 1,
      "resolved": 1,
      "win_rate": 0.0,
      "avg_validation_rr": -0.00510803493895467
    },
    "GOLD_CFD": {
      "trades": 14,
      "resolved": 1,
      "win_rate": 0.0,
      "avg_validation_rr": -0.19362112221275768
    },
    "USOIL": {
      "trades": 5,
      "resolved": 1,
      "win_rate": 1.0,
      "avg_validation_rr": 0.30508135593221336
    },
    "XAGUSD": {
      "trades": 4,
      "resolved": 3,
      "win_rate": 0.6666666666666666,
      "avg_validation_rr": 0.11252317242472272
    }
  }
}
