{
  "generated_utc": "2025-12-16T08:06:15.677474+00:00",
  "evaluated_trades": 103,
  "resolved_trades": 82,
  "wins": 45,
  "losses": 37,
  "ambiguous": 0,
  "win_rate": 0.5487804878048781,
  "avg_validation_rr": 0.1916586597221021,
  "max_drawdown_rr": 13.019374746814433,
  "rule_based_performance": {
    "trades": 103,
    "resolved": 82,
    "wins": 45,
    "losses": 37,
    "ambiguous": 0,
    "win_rate": 0.5487804878048781,
    "avg_validation_rr": 0.1916586597221021,
    "max_drawdown_rr": 13.019374746814433
  },
  "assets": {
    "BTCUSD": {
      "trades": 35,
      "resolved": 32,
      "win_rate": 0.65625,
      "avg_validation_rr": 0.7092059304077044
    },
    "EURUSD": {
      "trades": 21,
      "resolved": 20,
      "win_rate": 0.75,
      "avg_validation_rr": 0.02405340878363472
    },
    "GOLD_CFD": {
      "trades": 22,
      "resolved": 9,
      "win_rate": 0.1111111111111111,
      "avg_validation_rr": -0.41666508979480466
    },
    "USOIL": {
      "trades": 7,
      "resolved": 3,
      "win_rate": 1.0,
      "avg_validation_rr": 1.1767418469034239
    },
    "XAGUSD": {
      "trades": 18,
      "resolved": 18,
      "win_rate": 0.2777777777777778,
      "avg_validation_rr": -0.4022159768924384
    }
  }
}
