{
  "generated_utc": "2025-12-17T20:42:48.205770+00:00",
  "evaluated_trades": 210,
  "resolved_trades": 165,
  "wins": 85,
  "losses": 80,
  "ambiguous": 0,
  "win_rate": 0.5151515151515151,
  "avg_validation_rr": 0.4073414597425273,
  "max_drawdown_rr": 3.975302543837973,
  "rule_based_performance": {
    "trades": 210,
    "resolved": 165,
    "wins": 85,
    "losses": 80,
    "ambiguous": 0,
    "win_rate": 0.5151515151515151,
    "avg_validation_rr": 0.4073414597425273,
    "max_drawdown_rr": 3.975302543837973
  },
  "assets": {
    "BTCUSD": {
      "trades": 55,
      "resolved": 37,
      "win_rate": 0.24324324324324326,
      "avg_validation_rr": -0.2824600074823721
    },
    "EURUSD": {
      "trades": 46,
      "resolved": 44,
      "win_rate": 0.20454545454545456,
      "avg_validation_rr": -0.05730086303900222
    },
    "GOLD_CFD": {
      "trades": 29,
      "resolved": 14,
      "win_rate": 1.0,
      "avg_validation_rr": 0.7578249478964503
    },
    "NVDA": {
      "trades": 4,
      "resolved": 4,
      "win_rate": 0.5,
      "avg_validation_rr": 0.40249999999999553
    },
    "USOIL": {
      "trades": 16,
      "resolved": 10,
      "win_rate": 0.2,
      "avg_validation_rr": -0.4535682426408565
    },
    "XAGUSD": {
      "trades": 60,
      "resolved": 56,
      "win_rate": 0.875,
      "avg_validation_rr": 1.2946380761417706
    }
  }
}
