{
  "generated_utc": "2025-12-16T13:28:04.888561+00:00",
  "evaluated_trades": 124,
  "resolved_trades": 103,
  "wins": 56,
  "losses": 47,
  "ambiguous": 0,
  "win_rate": 0.5436893203883495,
  "avg_validation_rr": 0.13113967660582224,
  "max_drawdown_rr": 16.72165015813586,
  "rule_based_performance": {
    "trades": 124,
    "resolved": 103,
    "wins": 56,
    "losses": 47,
    "ambiguous": 0,
    "win_rate": 0.5436893203883495,
    "avg_validation_rr": 0.13113967660582224,
    "max_drawdown_rr": 16.72165015813586
  },
  "assets": {
    "BTCUSD": {
      "trades": 39,
      "resolved": 35,
      "win_rate": 0.42857142857142855,
      "avg_validation_rr": 0.33788536309865186
    },
    "EURUSD": {
      "trades": 31,
      "resolved": 31,
      "win_rate": 0.8709677419354839,
      "avg_validation_rr": 0.14458786004518107
    },
    "GOLD_CFD": {
      "trades": 22,
      "resolved": 9,
      "win_rate": 0.3333333333333333,
      "avg_validation_rr": -0.14982186894343466
    },
    "USOIL": {
      "trades": 8,
      "resolved": 4,
      "win_rate": 1.0,
      "avg_validation_rr": 1.5000004480286726
    },
    "XAGUSD": {
      "trades": 24,
      "resolved": 24,
      "win_rate": 0.2916666666666667,
      "avg_validation_rr": -0.3105179021282297
    }
  }
}
