{
  "generated_utc": "2025-12-15T12:52:36.747692+00:00",
  "evaluated_trades": 40,
  "resolved_trades": 23,
  "wins": 12,
  "losses": 11,
  "ambiguous": 0,
  "win_rate": 0.5217391304347826,
  "avg_validation_rr": -0.1525731037540507,
  "max_drawdown_rr": 7.444313527891579,
  "rule_based_performance": {
    "trades": 40,
    "resolved": 23,
    "wins": 12,
    "losses": 11,
    "ambiguous": 0,
    "win_rate": 0.5217391304347826,
    "avg_validation_rr": -0.1525731037540507,
    "max_drawdown_rr": 7.444313527891579
  },
  "assets": {
    "BTCUSD": {
      "trades": 17,
      "resolved": 17,
      "win_rate": 0.35294117647058826,
      "avg_validation_rr": -0.261354699225652
    },
    "EURUSD": {
      "trades": 1,
      "resolved": 1,
      "win_rate": 1.0,
      "avg_validation_rr": 0.08343123733632893
    },
    "GOLD_CFD": {
      "trades": 14,
      "resolved": 1,
      "win_rate": 1.0,
      "avg_validation_rr": 0.11816966568335695
    },
    "USOIL": {
      "trades": 5,
      "resolved": 1,
      "win_rate": 1.0,
      "avg_validation_rr": 0.30508135593221336
    },
    "XAGUSD": {
      "trades": 3,
      "resolved": 3,
      "win_rate": 1.0,
      "avg_validation_rr": 0.14238874718033986
    }
  }
}
