{
  "generated_utc": "2025-12-16T01:23:05.561943+00:00",
  "evaluated_trades": 83,
  "resolved_trades": 66,
  "wins": 42,
  "losses": 24,
  "ambiguous": 0,
  "win_rate": 0.6363636363636364,
  "avg_validation_rr": 0.47853498599528965,
  "max_drawdown_rr": 3.15092585948598,
  "rule_based_performance": {
    "trades": 83,
    "resolved": 66,
    "wins": 42,
    "losses": 24,
    "ambiguous": 0,
    "win_rate": 0.6363636363636364,
    "avg_validation_rr": 0.47853498599528965,
    "max_drawdown_rr": 3.15092585948598
  },
  "assets": {
    "BTCUSD": {
      "trades": 31,
      "resolved": 31,
      "win_rate": 0.7096774193548387,
      "avg_validation_rr": 0.9900858635597108
    },
    "EURUSD": {
      "trades": 14,
      "resolved": 14,
      "win_rate": 0.42857142857142855,
      "avg_validation_rr": -0.005028850302727033
    },
    "GOLD_CFD": {
      "trades": 18,
      "resolved": 5,
      "win_rate": 0.6,
      "avg_validation_rr": -0.11866468332684084
    },
    "USOIL": {
      "trades": 7,
      "resolved": 3,
      "win_rate": 1.0,
      "avg_validation_rr": 0.811922742019716
    },
    "XAGUSD": {
      "trades": 13,
      "resolved": 13,
      "win_rate": 0.6153846153846154,
      "avg_validation_rr": -0.06779950768066843
    }
  }
}
