{
  "generated_utc": "2025-12-18T18:30:18.501515+00:00",
  "evaluated_trades": 283,
  "resolved_trades": 160,
  "wins": 52,
  "losses": 107,
  "ambiguous": 1,
  "win_rate": 0.325,
  "avg_validation_rr": -0.07130839329331466,
  "max_drawdown_rr": 38.06813774142276,
  "rule_based_performance": {
    "trades": 283,
    "resolved": 160,
    "wins": 52,
    "losses": 107,
    "ambiguous": 1,
    "win_rate": 0.325,
    "avg_validation_rr": -0.07130839329331466,
    "max_drawdown_rr": 38.06813774142276
  },
  "assets": {
    "BTCUSD": {
      "trades": 65,
      "resolved": 27,
      "win_rate": 0.3333333333333333,
      "avg_validation_rr": -0.021952882481011512
    },
    "EURUSD": {
      "trades": 58,
      "resolved": 27,
      "win_rate": 0.1111111111111111,
      "avg_validation_rr": -0.19075126351744856
    },
    "GOLD_CFD": {
      "trades": 42,
      "resolved": 20,
      "win_rate": 0.5,
      "avg_validation_rr": 0.0681033150225938
    },
    "NVDA": {
      "trades": 7,
      "resolved": 7,
      "win_rate": 0.5714285714285714,
      "avg_validation_rr": 0.9242426271590888
    },
    "USOIL": {
      "trades": 27,
      "resolved": 19,
      "win_rate": 0.42105263157894735,
      "avg_validation_rr": -0.1947791580180911
    },
    "XAGUSD": {
      "trades": 84,
      "resolved": 60,
      "win_rate": 0.3,
      "avg_validation_rr": -0.16328819455322827
    }
  }
}
