{
  "generated_utc": "2025-12-16T00:06:00.418624+00:00",
  "evaluated_trades": 79,
  "resolved_trades": 61,
  "wins": 42,
  "losses": 19,
  "ambiguous": 0,
  "win_rate": 0.6885245901639344,
  "avg_validation_rr": 0.5585389133246059,
  "max_drawdown_rr": 2.426456691910424,
  "rule_based_performance": {
    "trades": 79,
    "resolved": 61,
    "wins": 42,
    "losses": 19,
    "ambiguous": 0,
    "win_rate": 0.6885245901639344,
    "avg_validation_rr": 0.5585389133246059,
    "max_drawdown_rr": 2.426456691910424
  },
  "assets": {
    "BTCUSD": {
      "trades": 29,
      "resolved": 29,
      "win_rate": 0.6551724137931034,
      "avg_validation_rr": 0.9782343242716962
    },
    "EURUSD": {
      "trades": 14,
      "resolved": 13,
      "win_rate": 0.7692307692307693,
      "avg_validation_rr": 0.029673447058833784
    },
    "GOLD_CFD": {
      "trades": 17,
      "resolved": 4,
      "win_rate": 0.5,
      "avg_validation_rr": -0.21075034399619347
    },
    "USOIL": {
      "trades": 7,
      "resolved": 3,
      "win_rate": 1.0,
      "avg_validation_rr": 0.811922742019716
    },
    "XAGUSD": {
      "trades": 12,
      "resolved": 12,
      "win_rate": 0.6666666666666666,
      "avg_validation_rr": 0.3102963872568794
    }
  }
}
