{
  "generated_utc": "2025-12-20T00:01:51.872075+00:00",
  "evaluated_trades": 329,
  "resolved_trades": 138,
  "wins": 82,
  "losses": 56,
  "ambiguous": 0,
  "win_rate": 0.5942028985507246,
  "avg_validation_rr": 0.3525646752962364,
  "max_drawdown_rr": 5.543831452237818,
  "rule_based_performance": {
    "trades": 329,
    "resolved": 138,
    "wins": 82,
    "losses": 56,
    "ambiguous": 0,
    "win_rate": 0.5942028985507246,
    "avg_validation_rr": 0.3525646752962364,
    "max_drawdown_rr": 5.543831452237818
  },
  "assets": {
    "BTCUSD": {
      "trades": 73,
      "resolved": 21,
      "win_rate": 0.2857142857142857,
      "avg_validation_rr": -0.21089750867060433
    },
    "EURUSD": {
      "trades": 61,
      "resolved": 19,
      "win_rate": 0.21052631578947367,
      "avg_validation_rr": -0.11060408389504041
    },
    "GOLD_CFD": {
      "trades": 53,
      "resolved": 30,
      "win_rate": 0.8,
      "avg_validation_rr": 0.13927772677332959
    },
    "NVDA": {
      "trades": 7,
      "resolved": 4,
      "win_rate": 0.25,
      "avg_validation_rr": -0.4698759031024214
    },
    "USOIL": {
      "trades": 34,
      "resolved": 21,
      "win_rate": 0.3333333333333333,
      "avg_validation_rr": -0.4039624006113435
    },
    "XAGUSD": {
      "trades": 101,
      "resolved": 43,
      "win_rate": 0.9302325581395349,
      "avg_validation_rr": 1.4271775043957464
    }
  }
}
