{
  "generated_utc": "2025-12-15T17:19:37.333235+00:00",
  "evaluated_trades": 53,
  "resolved_trades": 35,
  "wins": 20,
  "losses": 15,
  "ambiguous": 0,
  "win_rate": 0.5714285714285714,
  "avg_validation_rr": 0.4461869187065269,
  "max_drawdown_rr": 3.6361023672987436,
  "rule_based_performance": {
    "trades": 53,
    "resolved": 35,
    "wins": 20,
    "losses": 15,
    "ambiguous": 0,
    "win_rate": 0.5714285714285714,
    "avg_validation_rr": 0.4461869187065269,
    "max_drawdown_rr": 3.6361023672987436
  },
  "assets": {
    "BTCUSD": {
      "trades": 19,
      "resolved": 18,
      "win_rate": 0.6111111111111112,
      "avg_validation_rr": 0.9261111111111181
    },
    "EURUSD": {
      "trades": 6,
      "resolved": 6,
      "win_rate": 0.5,
      "avg_validation_rr": -0.0015450117809481106
    },
    "GOLD_CFD": {
      "trades": 14,
      "resolved": 1,
      "win_rate": 0.0,
      "avg_validation_rr": -1.0
    },
    "USOIL": {
      "trades": 7,
      "resolved": 3,
      "win_rate": 1.0,
      "avg_validation_rr": 0.9335296893949857
    },
    "XAGUSD": {
      "trades": 7,
      "resolved": 7,
      "win_rate": 0.42857142857142855,
      "avg_validation_rr": -0.4063966918244221
    }
  }
}
