{
  "generated_utc": "2025-12-17T21:19:52.038049+00:00",
  "evaluated_trades": 214,
  "resolved_trades": 164,
  "wins": 87,
  "losses": 77,
  "ambiguous": 0,
  "win_rate": 0.5304878048780488,
  "avg_validation_rr": 0.3933216352580644,
  "max_drawdown_rr": 5.0,
  "rule_based_performance": {
    "trades": 214,
    "resolved": 164,
    "wins": 87,
    "losses": 77,
    "ambiguous": 0,
    "win_rate": 0.5304878048780488,
    "avg_validation_rr": 0.3933216352580644,
    "max_drawdown_rr": 5.0
  },
  "assets": {
    "BTCUSD": {
      "trades": 55,
      "resolved": 37,
      "win_rate": 0.3783783783783784,
      "avg_validation_rr": -0.21138452557752574
    },
    "EURUSD": {
      "trades": 47,
      "resolved": 42,
      "win_rate": 0.16666666666666666,
      "avg_validation_rr": -0.07927974261258244
    },
    "GOLD_CFD": {
      "trades": 30,
      "resolved": 16,
      "win_rate": 1.0,
      "avg_validation_rr": 0.7373431968362817
    },
    "NVDA": {
      "trades": 4,
      "resolved": 4,
      "win_rate": 0.5,
      "avg_validation_rr": 0.40249999999999553
    },
    "USOIL": {
      "trades": 16,
      "resolved": 9,
      "win_rate": 0.0,
      "avg_validation_rr": -0.9756176453196141
    },
    "XAGUSD": {
      "trades": 62,
      "resolved": 56,
      "win_rate": 0.8571428571428571,
      "avg_validation_rr": 1.2683712942306342
    }
  }
}
