{
  "generated_utc": "2025-12-17T06:23:37.742332+00:00",
  "evaluated_trades": 167,
  "resolved_trades": 137,
  "wins": 63,
  "losses": 74,
  "ambiguous": 0,
  "win_rate": 0.45985401459854014,
  "avg_validation_rr": 0.4078115468654221,
  "max_drawdown_rr": 4.4304160688665775,
  "rule_based_performance": {
    "trades": 167,
    "resolved": 137,
    "wins": 63,
    "losses": 74,
    "ambiguous": 0,
    "win_rate": 0.45985401459854014,
    "avg_validation_rr": 0.4078115468654221,
    "max_drawdown_rr": 4.4304160688665775
  },
  "assets": {
    "BTCUSD": {
      "trades": 45,
      "resolved": 32,
      "win_rate": 0.28125,
      "avg_validation_rr": -0.23578944222253662
    },
    "EURUSD": {
      "trades": 40,
      "resolved": 40,
      "win_rate": 0.1,
      "avg_validation_rr": -0.20174616672378845
    },
    "GOLD_CFD": {
      "trades": 24,
      "resolved": 11,
      "win_rate": 0.9090909090909091,
      "avg_validation_rr": 0.7094640457805043
    },
    "NVDA": {
      "trades": 4,
      "resolved": 4,
      "win_rate": 0.25,
      "avg_validation_rr": -0.2780254562964791
    },
    "USOIL": {
      "trades": 12,
      "resolved": 8,
      "win_rate": 0.375,
      "avg_validation_rr": 0.3969292433364959
    },
    "XAGUSD": {
      "trades": 42,
      "resolved": 42,
      "win_rate": 0.8571428571428571,
      "avg_validation_rr": 1.467091764655808
    }
  }
}
