{
  "generated_utc": "2025-12-16T23:30:34.394283+00:00",
  "evaluated_trades": 153,
  "resolved_trades": 125,
  "wins": 55,
  "losses": 70,
  "ambiguous": 0,
  "win_rate": 0.44,
  "avg_validation_rr": 0.12479927400020216,
  "max_drawdown_rr": 14.960973297288449,
  "rule_based_performance": {
    "trades": 153,
    "resolved": 125,
    "wins": 55,
    "losses": 70,
    "ambiguous": 0,
    "win_rate": 0.44,
    "avg_validation_rr": 0.12479927400020216,
    "max_drawdown_rr": 14.960973297288449
  },
  "assets": {
    "BTCUSD": {
      "trades": 43,
      "resolved": 32,
      "win_rate": 0.375,
      "avg_validation_rr": -0.002178356372283738
    },
    "EURUSD": {
      "trades": 39,
      "resolved": 39,
      "win_rate": 0.23076923076923078,
      "avg_validation_rr": -0.03312441060065505
    },
    "GOLD_CFD": {
      "trades": 23,
      "resolved": 10,
      "win_rate": 0.5,
      "avg_validation_rr": 0.021568309047761115
    },
    "NVDA": {
      "trades": 4,
      "resolved": 4,
      "win_rate": 0.25,
      "avg_validation_rr": -0.2780254562964791
    },
    "USOIL": {
      "trades": 9,
      "resolved": 5,
      "win_rate": 0.8,
      "avg_validation_rr": 1.477119332607907
    },
    "XAGUSD": {
      "trades": 35,
      "resolved": 35,
      "win_rate": 0.6857142857142857,
      "avg_validation_rr": 0.2992083068295046
    }
  }
}
