{
  "generated_utc": "2025-12-18T00:04:56.818362+00:00",
  "evaluated_trades": 219,
  "resolved_trades": 156,
  "wins": 86,
  "losses": 70,
  "ambiguous": 0,
  "win_rate": 0.5512820512820513,
  "avg_validation_rr": 0.3941369569587109,
  "max_drawdown_rr": 4.914619640392701,
  "rule_based_performance": {
    "trades": 219,
    "resolved": 156,
    "wins": 86,
    "losses": 70,
    "ambiguous": 0,
    "win_rate": 0.5512820512820513,
    "avg_validation_rr": 0.3941369569587109,
    "max_drawdown_rr": 4.914619640392701
  },
  "assets": {
    "BTCUSD": {
      "trades": 55,
      "resolved": 32,
      "win_rate": 0.46875,
      "avg_validation_rr": -0.006817105461259881
    },
    "EURUSD": {
      "trades": 50,
      "resolved": 41,
      "win_rate": 0.24390243902439024,
      "avg_validation_rr": -0.0633256777413903
    },
    "GOLD_CFD": {
      "trades": 32,
      "resolved": 17,
      "win_rate": 0.8235294117647058,
      "avg_validation_rr": 0.6060571857201262
    },
    "NVDA": {
      "trades": 4,
      "resolved": 4,
      "win_rate": 0.5,
      "avg_validation_rr": 0.40249999999999553
    },
    "USOIL": {
      "trades": 16,
      "resolved": 9,
      "win_rate": 0.0,
      "avg_validation_rr": -0.963790826483748
    },
    "XAGUSD": {
      "trades": 62,
      "resolved": 53,
      "win_rate": 0.8490566037735849,
      "avg_validation_rr": 1.152094542053355
    }
  }
}
