{
  "generated_utc": "2025-12-19T11:06:13.674220+00:00",
  "evaluated_trades": 319,
  "resolved_trades": 157,
  "wins": 74,
  "losses": 83,
  "ambiguous": 0,
  "win_rate": 0.4713375796178344,
  "avg_validation_rr": 0.041455109894644536,
  "max_drawdown_rr": 28.129602514210063,
  "rule_based_performance": {
    "trades": 319,
    "resolved": 157,
    "wins": 74,
    "losses": 83,
    "ambiguous": 0,
    "win_rate": 0.4713375796178344,
    "avg_validation_rr": 0.041455109894644536,
    "max_drawdown_rr": 28.129602514210063
  },
  "assets": {
    "BTCUSD": {
      "trades": 72,
      "resolved": 27,
      "win_rate": 0.3333333333333333,
      "avg_validation_rr": -0.0862506757003292
    },
    "EURUSD": {
      "trades": 58,
      "resolved": 18,
      "win_rate": 0.16666666666666666,
      "avg_validation_rr": -0.13583279771018142
    },
    "GOLD_CFD": {
      "trades": 52,
      "resolved": 27,
      "win_rate": 0.37037037037037035,
      "avg_validation_rr": -0.06623882606410635
    },
    "NVDA": {
      "trades": 7,
      "resolved": 7,
      "win_rate": 1.0,
      "avg_validation_rr": 1.252776070402028
    },
    "USOIL": {
      "trades": 34,
      "resolved": 23,
      "win_rate": 0.5652173913043478,
      "avg_validation_rr": 0.04990100699788097
    },
    "XAGUSD": {
      "trades": 96,
      "resolved": 55,
      "win_rate": 0.5818181818181818,
      "avg_validation_rr": 0.05733642738394107
    }
  }
}
