{
  "generated_utc": "2025-12-15T21:23:02.755685+00:00",
  "evaluated_trades": 69,
  "resolved_trades": 50,
  "wins": 34,
  "losses": 16,
  "ambiguous": 0,
  "win_rate": 0.68,
  "avg_validation_rr": 0.6058742335304018,
  "max_drawdown_rr": 4.743264365106075,
  "rule_based_performance": {
    "trades": 69,
    "resolved": 50,
    "wins": 34,
    "losses": 16,
    "ambiguous": 0,
    "win_rate": 0.68,
    "avg_validation_rr": 0.6058742335304018,
    "max_drawdown_rr": 4.743264365106075
  },
  "assets": {
    "BTCUSD": {
      "trades": 26,
      "resolved": 25,
      "win_rate": 0.8,
      "avg_validation_rr": 1.200730984904084
    },
    "EURUSD": {
      "trades": 10,
      "resolved": 10,
      "win_rate": 0.7,
      "avg_validation_rr": 0.020532246168553772
    },
    "GOLD_CFD": {
      "trades": 16,
      "resolved": 2,
      "win_rate": 0.0,
      "avg_validation_rr": -0.5007166764025711
    },
    "USOIL": {
      "trades": 7,
      "resolved": 3,
      "win_rate": 1.0,
      "avg_validation_rr": 0.7945537954503116
    },
    "XAGUSD": {
      "trades": 10,
      "resolved": 10,
      "win_rate": 0.4,
      "avg_validation_rr": -0.13121134413133345
    }
  }
}
