{
  "generated_utc": "2025-12-18T22:29:59.592665+00:00",
  "evaluated_trades": 289,
  "resolved_trades": 154,
  "wins": 63,
  "losses": 91,
  "ambiguous": 0,
  "win_rate": 0.4090909090909091,
  "avg_validation_rr": 0.029320623644942954,
  "max_drawdown_rr": 14.009670469154363,
  "rule_based_performance": {
    "trades": 289,
    "resolved": 154,
    "wins": 63,
    "losses": 91,
    "ambiguous": 0,
    "win_rate": 0.4090909090909091,
    "avg_validation_rr": 0.029320623644942954,
    "max_drawdown_rr": 14.009670469154363
  },
  "assets": {
    "BTCUSD": {
      "trades": 66,
      "resolved": 24,
      "win_rate": 0.5416666666666666,
      "avg_validation_rr": 0.5257435446818743
    },
    "EURUSD": {
      "trades": 58,
      "resolved": 24,
      "win_rate": 0.16666666666666666,
      "avg_validation_rr": -0.1300361032179829
    },
    "GOLD_CFD": {
      "trades": 43,
      "resolved": 21,
      "win_rate": 0.3333333333333333,
      "avg_validation_rr": 0.02324715896485697
    },
    "NVDA": {
      "trades": 7,
      "resolved": 7,
      "win_rate": 1.0,
      "avg_validation_rr": 1.252776070402028
    },
    "USOIL": {
      "trades": 27,
      "resolved": 19,
      "win_rate": 0.7368421052631579,
      "avg_validation_rr": 0.15362041389269865
    },
    "XAGUSD": {
      "trades": 88,
      "resolved": 59,
      "win_rate": 0.3050847457627119,
      "avg_validation_rr": -0.29081378387880763
    }
  }
}
