{
  "generated_utc": "2025-12-18T13:08:44.951931+00:00",
  "evaluated_trades": 262,
  "resolved_trades": 160,
  "wins": 65,
  "losses": 95,
  "ambiguous": 0,
  "win_rate": 0.40625,
  "avg_validation_rr": 0.048697254888182905,
  "max_drawdown_rr": 20.556261148261967,
  "rule_based_performance": {
    "trades": 262,
    "resolved": 160,
    "wins": 65,
    "losses": 95,
    "ambiguous": 0,
    "win_rate": 0.40625,
    "avg_validation_rr": 0.048697254888182905,
    "max_drawdown_rr": 20.556261148261967
  },
  "assets": {
    "BTCUSD": {
      "trades": 60,
      "resolved": 25,
      "win_rate": 0.24,
      "avg_validation_rr": -0.5595846630447684
    },
    "EURUSD": {
      "trades": 56,
      "resolved": 36,
      "win_rate": 0.1111111111111111,
      "avg_validation_rr": -0.2209462073330405
    },
    "GOLD_CFD": {
      "trades": 40,
      "resolved": 18,
      "win_rate": 0.2222222222222222,
      "avg_validation_rr": -0.2296342387158541
    },
    "NVDA": {
      "trades": 4,
      "resolved": 4,
      "win_rate": 0.5,
      "avg_validation_rr": 0.40249999999999553
    },
    "USOIL": {
      "trades": 24,
      "resolved": 17,
      "win_rate": 0.5882352941176471,
      "avg_validation_rr": -0.05869848202841183
    },
    "XAGUSD": {
      "trades": 78,
      "resolved": 60,
      "win_rate": 0.65,
      "avg_validation_rr": 0.5542755218931054
    }
  }
}
