{
  "generated_utc": "2025-12-17T17:44:04.146539+00:00",
  "evaluated_trades": 196,
  "resolved_trades": 156,
  "wins": 78,
  "losses": 78,
  "ambiguous": 0,
  "win_rate": 0.5,
  "avg_validation_rr": 0.3794804521939959,
  "max_drawdown_rr": 6.968482330870835,
  "rule_based_performance": {
    "trades": 196,
    "resolved": 156,
    "wins": 78,
    "losses": 78,
    "ambiguous": 0,
    "win_rate": 0.5,
    "avg_validation_rr": 0.3794804521939959,
    "max_drawdown_rr": 6.968482330870835
  },
  "assets": {
    "BTCUSD": {
      "trades": 51,
      "resolved": 34,
      "win_rate": 0.23529411764705882,
      "avg_validation_rr": -0.3501769595883302
    },
    "EURUSD": {
      "trades": 42,
      "resolved": 41,
      "win_rate": 0.2682926829268293,
      "avg_validation_rr": -0.020944364020354482
    },
    "GOLD_CFD": {
      "trades": 27,
      "resolved": 13,
      "win_rate": 1.0,
      "avg_validation_rr": 0.7955247715825777
    },
    "NVDA": {
      "trades": 4,
      "resolved": 4,
      "win_rate": 0.5,
      "avg_validation_rr": 0.40249999999999553
    },
    "USOIL": {
      "trades": 15,
      "resolved": 10,
      "win_rate": 0.5,
      "avg_validation_rr": 0.0226044929677098
    },
    "XAGUSD": {
      "trades": 57,
      "resolved": 54,
      "win_rate": 0.7222222222222222,
      "avg_validation_rr": 1.1071447987564913
    }
  }
}
