{
  "generated_utc": "2025-12-19T14:08:55.113396+00:00",
  "evaluated_trades": 322,
  "resolved_trades": 151,
  "wins": 57,
  "losses": 94,
  "ambiguous": 0,
  "win_rate": 0.37748344370860926,
  "avg_validation_rr": -0.10737482117208658,
  "max_drawdown_rr": 32.04380840967169,
  "rule_based_performance": {
    "trades": 322,
    "resolved": 151,
    "wins": 57,
    "losses": 94,
    "ambiguous": 0,
    "win_rate": 0.37748344370860926,
    "avg_validation_rr": -0.10737482117208658,
    "max_drawdown_rr": 32.04380840967169
  },
  "assets": {
    "BTCUSD": {
      "trades": 72,
      "resolved": 26,
      "win_rate": 0.34615384615384615,
      "avg_validation_rr": -0.1116933590368613
    },
    "EURUSD": {
      "trades": 58,
      "resolved": 17,
      "win_rate": 0.17647058823529413,
      "avg_validation_rr": -0.09988752237764185
    },
    "GOLD_CFD": {
      "trades": 52,
      "resolved": 27,
      "win_rate": 0.37037037037037035,
      "avg_validation_rr": -0.0695256193251631
    },
    "NVDA": {
      "trades": 7,
      "resolved": 5,
      "win_rate": 1.0,
      "avg_validation_rr": 0.6049638158609412
    },
    "USOIL": {
      "trades": 34,
      "resolved": 22,
      "win_rate": 0.09090909090909091,
      "avg_validation_rr": -0.6218805199497703
    },
    "XAGUSD": {
      "trades": 99,
      "resolved": 54,
      "win_rate": 0.5185185185185185,
      "avg_validation_rr": 0.01707891295857176
    }
  }
}
