{
  "generated_utc": "2025-12-17T09:28:43.431926+00:00",
  "evaluated_trades": 173,
  "resolved_trades": 139,
  "wins": 64,
  "losses": 75,
  "ambiguous": 0,
  "win_rate": 0.460431654676259,
  "avg_validation_rr": 0.27620910600682286,
  "max_drawdown_rr": 5.0,
  "rule_based_performance": {
    "trades": 173,
    "resolved": 139,
    "wins": 64,
    "losses": 75,
    "ambiguous": 0,
    "win_rate": 0.460431654676259,
    "avg_validation_rr": 0.27620910600682286,
    "max_drawdown_rr": 5.0
  },
  "assets": {
    "BTCUSD": {
      "trades": 46,
      "resolved": 30,
      "win_rate": 0.3333333333333333,
      "avg_validation_rr": -0.39955107797561384
    },
    "EURUSD": {
      "trades": 41,
      "resolved": 41,
      "win_rate": 0.12195121951219512,
      "avg_validation_rr": -0.26287054708769986
    },
    "GOLD_CFD": {
      "trades": 25,
      "resolved": 12,
      "win_rate": 0.8333333333333334,
      "avg_validation_rr": 0.2664469855664713
    },
    "NVDA": {
      "trades": 4,
      "resolved": 4,
      "win_rate": 0.25,
      "avg_validation_rr": -0.2780254562964791
    },
    "USOIL": {
      "trades": 13,
      "resolved": 8,
      "win_rate": 0.375,
      "avg_validation_rr": 0.020399629890730187
    },
    "XAGUSD": {
      "trades": 44,
      "resolved": 44,
      "win_rate": 0.7954545454545454,
      "avg_validation_rr": 1.3388370787289752
    }
  }
}
