{
  "generated_utc": "2025-12-19T11:26:11.744647+00:00",
  "evaluated_trades": 321,
  "resolved_trades": 156,
  "wins": 69,
  "losses": 87,
  "ambiguous": 0,
  "win_rate": 0.4423076923076923,
  "avg_validation_rr": 0.005776887558699565,
  "max_drawdown_rr": 29.633623243355522,
  "rule_based_performance": {
    "trades": 321,
    "resolved": 156,
    "wins": 69,
    "losses": 87,
    "ambiguous": 0,
    "win_rate": 0.4423076923076923,
    "avg_validation_rr": 0.005776887558699565,
    "max_drawdown_rr": 29.633623243355522
  },
  "assets": {
    "BTCUSD": {
      "trades": 72,
      "resolved": 27,
      "win_rate": 0.3333333333333333,
      "avg_validation_rr": -0.0841403510458376
    },
    "EURUSD": {
      "trades": 58,
      "resolved": 18,
      "win_rate": 0.16666666666666666,
      "avg_validation_rr": -0.17226989978098112
    },
    "GOLD_CFD": {
      "trades": 53,
      "resolved": 28,
      "win_rate": 0.32142857142857145,
      "avg_validation_rr": -0.06889525435819391
    },
    "NVDA": {
      "trades": 7,
      "resolved": 7,
      "win_rate": 1.0,
      "avg_validation_rr": 1.252776070402028
    },
    "USOIL": {
      "trades": 34,
      "resolved": 22,
      "win_rate": 0.5,
      "avg_validation_rr": -0.0686153715648568
    },
    "XAGUSD": {
      "trades": 97,
      "resolved": 54,
      "win_rate": 0.5555555555555556,
      "avg_validation_rr": 0.017463239575823936
    }
  }
}
