{
  "generated_utc": "2025-12-18T20:03:56.416332+00:00",
  "evaluated_trades": 288,
  "resolved_trades": 161,
  "wins": 50,
  "losses": 111,
  "ambiguous": 0,
  "win_rate": 0.3105590062111801,
  "avg_validation_rr": -0.10841380660227591,
  "max_drawdown_rr": 40.97399576310979,
  "rule_based_performance": {
    "trades": 288,
    "resolved": 161,
    "wins": 50,
    "losses": 111,
    "ambiguous": 0,
    "win_rate": 0.3105590062111801,
    "avg_validation_rr": -0.10841380660227591,
    "max_drawdown_rr": 40.97399576310979
  },
  "assets": {
    "BTCUSD": {
      "trades": 66,
      "resolved": 25,
      "win_rate": 0.2,
      "avg_validation_rr": -0.3958712504988837
    },
    "EURUSD": {
      "trades": 58,
      "resolved": 27,
      "win_rate": 0.14814814814814814,
      "avg_validation_rr": -0.1568063793127451
    },
    "GOLD_CFD": {
      "trades": 43,
      "resolved": 21,
      "win_rate": 0.2857142857142857,
      "avg_validation_rr": -0.13205763116902394
    },
    "NVDA": {
      "trades": 7,
      "resolved": 7,
      "win_rate": 1.0,
      "avg_validation_rr": 1.252776070402028
    },
    "USOIL": {
      "trades": 27,
      "resolved": 19,
      "win_rate": 0.7368421052631579,
      "avg_validation_rr": 0.23229077741859716
    },
    "XAGUSD": {
      "trades": 87,
      "resolved": 62,
      "win_rate": 0.22580645161290322,
      "avg_validation_rr": -0.22151316723013303
    }
  }
}
