{
  "generated_utc": "2025-12-19T03:20:07.724857+00:00",
  "evaluated_trades": 300,
  "resolved_trades": 149,
  "wins": 46,
  "losses": 103,
  "ambiguous": 0,
  "win_rate": 0.3087248322147651,
  "avg_validation_rr": -0.1686125937787743,
  "max_drawdown_rr": 32.43214440407386,
  "rule_based_performance": {
    "trades": 300,
    "resolved": 149,
    "wins": 46,
    "losses": 103,
    "ambiguous": 0,
    "win_rate": 0.3087248322147651,
    "avg_validation_rr": -0.1686125937787743,
    "max_drawdown_rr": 32.43214440407386
  },
  "assets": {
    "BTCUSD": {
      "trades": 68,
      "resolved": 25,
      "win_rate": 0.48,
      "avg_validation_rr": 0.15265649575942775
    },
    "EURUSD": {
      "trades": 58,
      "resolved": 19,
      "win_rate": 0.21052631578947367,
      "avg_validation_rr": -0.09056201971359319
    },
    "GOLD_CFD": {
      "trades": 46,
      "resolved": 22,
      "win_rate": 0.045454545454545456,
      "avg_validation_rr": -0.3178732629007988
    },
    "NVDA": {
      "trades": 7,
      "resolved": 7,
      "win_rate": 1.0,
      "avg_validation_rr": 1.252776070402028
    },
    "USOIL": {
      "trades": 28,
      "resolved": 19,
      "win_rate": 0.7894736842105263,
      "avg_validation_rr": 0.4039011681084835
    },
    "XAGUSD": {
      "trades": 93,
      "resolved": 57,
      "win_rate": 0.12280701754385964,
      "avg_validation_rr": -0.6433219893951334
    }
  }
}
