{
  "generated_utc": "2025-12-16T13:43:36.775047+00:00",
  "evaluated_trades": 124,
  "resolved_trades": 104,
  "wins": 67,
  "losses": 37,
  "ambiguous": 0,
  "win_rate": 0.6442307692307693,
  "avg_validation_rr": 0.2386933946857313,
  "max_drawdown_rr": 13.87784679238802,
  "rule_based_performance": {
    "trades": 124,
    "resolved": 104,
    "wins": 67,
    "losses": 37,
    "ambiguous": 0,
    "win_rate": 0.6442307692307693,
    "avg_validation_rr": 0.2386933946857313,
    "max_drawdown_rr": 13.87784679238802
  },
  "assets": {
    "BTCUSD": {
      "trades": 39,
      "resolved": 36,
      "win_rate": 0.4444444444444444,
      "avg_validation_rr": 0.3428212116595833
    },
    "EURUSD": {
      "trades": 31,
      "resolved": 31,
      "win_rate": 0.8709677419354839,
      "avg_validation_rr": 0.1812070095613641
    },
    "GOLD_CFD": {
      "trades": 22,
      "resolved": 9,
      "win_rate": 0.7777777777777778,
      "avg_validation_rr": 0.0780365611554053
    },
    "USOIL": {
      "trades": 8,
      "resolved": 4,
      "win_rate": 1.0,
      "avg_validation_rr": 1.5582446236559129
    },
    "XAGUSD": {
      "trades": 24,
      "resolved": 24,
      "win_rate": 0.5416666666666666,
      "avg_validation_rr": -0.0029239755772302867
    }
  }
}
