{
  "generated_utc": "2025-12-17T09:10:12.374651+00:00",
  "evaluated_trades": 172,
  "resolved_trades": 139,
  "wins": 62,
  "losses": 77,
  "ambiguous": 0,
  "win_rate": 0.4460431654676259,
  "avg_validation_rr": 0.2788102463571833,
  "max_drawdown_rr": 5.0,
  "rule_based_performance": {
    "trades": 172,
    "resolved": 139,
    "wins": 62,
    "losses": 77,
    "ambiguous": 0,
    "win_rate": 0.4460431654676259,
    "avg_validation_rr": 0.2788102463571833,
    "max_drawdown_rr": 5.0
  },
  "assets": {
    "BTCUSD": {
      "trades": 46,
      "resolved": 30,
      "win_rate": 0.26666666666666666,
      "avg_validation_rr": -0.43917976561123095
    },
    "EURUSD": {
      "trades": 41,
      "resolved": 41,
      "win_rate": 0.12195121951219512,
      "avg_validation_rr": -0.23068277732292572
    },
    "GOLD_CFD": {
      "trades": 25,
      "resolved": 12,
      "win_rate": 0.8333333333333334,
      "avg_validation_rr": 0.28467681636163206
    },
    "NVDA": {
      "trades": 4,
      "resolved": 4,
      "win_rate": 0.25,
      "avg_validation_rr": -0.2780254562964791
    },
    "USOIL": {
      "trades": 12,
      "resolved": 8,
      "win_rate": 0.375,
      "avg_validation_rr": -0.018881314679710215
    },
    "XAGUSD": {
      "trades": 44,
      "resolved": 44,
      "win_rate": 0.7954545454545454,
      "avg_validation_rr": 1.3462509461024859
    }
  }
}
