{
  "generated_utc": "2025-12-17T13:24:26.586689+00:00",
  "evaluated_trades": 185,
  "resolved_trades": 151,
  "wins": 74,
  "losses": 77,
  "ambiguous": 0,
  "win_rate": 0.4900662251655629,
  "avg_validation_rr": 0.2806725189457486,
  "max_drawdown_rr": 4.237523350523347,
  "rule_based_performance": {
    "trades": 185,
    "resolved": 151,
    "wins": 74,
    "losses": 77,
    "ambiguous": 0,
    "win_rate": 0.4900662251655629,
    "avg_validation_rr": 0.2806725189457486,
    "max_drawdown_rr": 4.237523350523347
  },
  "assets": {
    "BTCUSD": {
      "trades": 48,
      "resolved": 31,
      "win_rate": 0.1935483870967742,
      "avg_validation_rr": -0.5342732835603728
    },
    "EURUSD": {
      "trades": 42,
      "resolved": 42,
      "win_rate": 0.14285714285714285,
      "avg_validation_rr": -0.16866867357577803
    },
    "GOLD_CFD": {
      "trades": 27,
      "resolved": 14,
      "win_rate": 0.9285714285714286,
      "avg_validation_rr": 0.4464373131198967
    },
    "NVDA": {
      "trades": 4,
      "resolved": 4,
      "win_rate": 0.25,
      "avg_validation_rr": -0.2780254562964791
    },
    "USOIL": {
      "trades": 14,
      "resolved": 10,
      "win_rate": 0.4,
      "avg_validation_rr": -0.053452295589173804
    },
    "XAGUSD": {
      "trades": 50,
      "resolved": 50,
      "win_rate": 0.88,
      "avg_validation_rr": 1.2284921767752273
    }
  }
}
