{
  "generated_utc": "2025-12-15T02:47:50.705789+00:00",
  "evaluated_trades": 31,
  "resolved_trades": 14,
  "wins": 5,
  "losses": 9,
  "ambiguous": 0,
  "win_rate": 0.35714285714285715,
  "avg_validation_rr": 0.022470306031721215,
  "max_drawdown_rr": 6.221367472917779,
  "rule_based_performance": {
    "trades": 31,
    "resolved": 14,
    "wins": 5,
    "losses": 9,
    "ambiguous": 0,
    "win_rate": 0.35714285714285715,
    "avg_validation_rr": 0.022470306031721215,
    "max_drawdown_rr": 6.221367472917779
  },
  "assets": {
    "BTCUSD": {
      "trades": 14,
      "resolved": 14,
      "win_rate": 0.35714285714285715,
      "avg_validation_rr": 0.022470306031721215
    },
    "GOLD_CFD": {
      "trades": 13,
      "resolved": 0,
      "win_rate": null,
      "avg_validation_rr": null
    },
    "USOIL": {
      "trades": 4,
      "resolved": 0,
      "win_rate": null,
      "avg_validation_rr": null
    }
  }
}
