{
  "generated_utc": "2025-12-15T16:42:49.121188+00:00",
  "evaluated_trades": 51,
  "resolved_trades": 34,
  "wins": 18,
  "losses": 16,
  "ambiguous": 0,
  "win_rate": 0.5294117647058824,
  "avg_validation_rr": 0.45970630589380285,
  "max_drawdown_rr": 3.3620211928311754,
  "rule_based_performance": {
    "trades": 51,
    "resolved": 34,
    "wins": 18,
    "losses": 16,
    "ambiguous": 0,
    "win_rate": 0.5294117647058824,
    "avg_validation_rr": 0.45970630589380285,
    "max_drawdown_rr": 3.3620211928311754
  },
  "assets": {
    "BTCUSD": {
      "trades": 18,
      "resolved": 18,
      "win_rate": 0.6111111111111112,
      "avg_validation_rr": 0.9261111111111181
    },
    "EURUSD": {
      "trades": 6,
      "resolved": 6,
      "win_rate": 0.5,
      "avg_validation_rr": -0.002395753789681989
    },
    "GOLD_CFD": {
      "trades": 14,
      "resolved": 1,
      "win_rate": 0.0,
      "avg_validation_rr": -1.0
    },
    "USOIL": {
      "trades": 7,
      "resolved": 3,
      "win_rate": 1.0,
      "avg_validation_rr": 1.0030211108515246
    },
    "XAGUSD": {
      "trades": 6,
      "resolved": 6,
      "win_rate": 0.16666666666666666,
      "avg_validation_rr": -0.5057790682378851
    }
  }
}
