{
  "generated_utc": "2025-12-18T07:04:42.566445+00:00",
  "evaluated_trades": 249,
  "resolved_trades": 164,
  "wins": 91,
  "losses": 73,
  "ambiguous": 0,
  "win_rate": 0.5548780487804879,
  "avg_validation_rr": 0.2545702211371597,
  "max_drawdown_rr": 6.089724622371996,
  "rule_based_performance": {
    "trades": 249,
    "resolved": 164,
    "wins": 91,
    "losses": 73,
    "ambiguous": 0,
    "win_rate": 0.5548780487804879,
    "avg_validation_rr": 0.2545702211371597,
    "max_drawdown_rr": 6.089724622371996
  },
  "assets": {
    "BTCUSD": {
      "trades": 60,
      "resolved": 29,
      "win_rate": 0.3103448275862069,
      "avg_validation_rr": -0.3389786161081553
    },
    "EURUSD": {
      "trades": 56,
      "resolved": 42,
      "win_rate": 0.40476190476190477,
      "avg_validation_rr": -0.025181040126085446
    },
    "GOLD_CFD": {
      "trades": 38,
      "resolved": 20,
      "win_rate": 0.5,
      "avg_validation_rr": 0.2571784451712939
    },
    "NVDA": {
      "trades": 4,
      "resolved": 4,
      "win_rate": 0.5,
      "avg_validation_rr": 0.40249999999999553
    },
    "USOIL": {
      "trades": 20,
      "resolved": 13,
      "win_rate": 0.23076923076923078,
      "avg_validation_rr": -0.6085529926850458
    },
    "XAGUSD": {
      "trades": 71,
      "resolved": 56,
      "win_rate": 0.8928571428571429,
      "avg_validation_rr": 0.9606271396501074
    }
  }
}
