{
  "generated_utc": "2025-12-14T15:48:55.005632+00:00",
  "evaluated_trades": 24,
  "resolved_trades": 7,
  "wins": 4,
  "losses": 3,
  "ambiguous": 0,
  "win_rate": 0.5714285714285714,
  "avg_validation_rr": 0.6633229058830344,
  "max_drawdown_rr": 0.26018553706337233,
  "rule_based_performance": {
    "trades": 24,
    "resolved": 7,
    "wins": 4,
    "losses": 3,
    "ambiguous": 0,
    "win_rate": 0.5714285714285714,
    "avg_validation_rr": 0.6633229058830344,
    "max_drawdown_rr": 0.26018553706337233
  },
  "assets": {
    "BTCUSD": {
      "trades": 7,
      "resolved": 7,
      "win_rate": 0.5714285714285714,
      "avg_validation_rr": 0.6633229058830344
    },
    "GOLD_CFD": {
      "trades": 13,
      "resolved": 0,
      "win_rate": null,
      "avg_validation_rr": null
    },
    "USOIL": {
      "trades": 4,
      "resolved": 0,
      "win_rate": null,
      "avg_validation_rr": null
    }
  }
}
