{
  "generated_utc": "2025-12-18T11:39:48.200910+00:00",
  "evaluated_trades": 262,
  "resolved_trades": 166,
  "wins": 71,
  "losses": 95,
  "ambiguous": 0,
  "win_rate": 0.42771084337349397,
  "avg_validation_rr": 0.11652176419253876,
  "max_drawdown_rr": 16.846886695904832,
  "rule_based_performance": {
    "trades": 262,
    "resolved": 166,
    "wins": 71,
    "losses": 95,
    "ambiguous": 0,
    "win_rate": 0.42771084337349397,
    "avg_validation_rr": 0.11652176419253876,
    "max_drawdown_rr": 16.846886695904832
  },
  "assets": {
    "BTCUSD": {
      "trades": 60,
      "resolved": 26,
      "win_rate": 0.19230769230769232,
      "avg_validation_rr": -0.5567258531174473
    },
    "EURUSD": {
      "trades": 56,
      "resolved": 39,
      "win_rate": 0.1282051282051282,
      "avg_validation_rr": -0.1489436094254521
    },
    "GOLD_CFD": {
      "trades": 40,
      "resolved": 20,
      "win_rate": 0.35,
      "avg_validation_rr": 0.004755561601656577
    },
    "NVDA": {
      "trades": 4,
      "resolved": 4,
      "win_rate": 0.5,
      "avg_validation_rr": 0.40249999999999553
    },
    "USOIL": {
      "trades": 24,
      "resolved": 17,
      "win_rate": 0.6470588235294118,
      "avg_validation_rr": 0.08266233904115598
    },
    "XAGUSD": {
      "trades": 78,
      "resolved": 60,
      "win_rate": 0.6833333333333333,
      "avg_validation_rr": 0.6085985801479153
    }
  }
}
