{
  "generated_utc": "2025-12-16T12:43:02.961363+00:00",
  "evaluated_trades": 123,
  "resolved_trades": 100,
  "wins": 56,
  "losses": 44,
  "ambiguous": 0,
  "win_rate": 0.56,
  "avg_validation_rr": 0.10607425393490684,
  "max_drawdown_rr": 18.758044957263593,
  "rule_based_performance": {
    "trades": 123,
    "resolved": 100,
    "wins": 56,
    "losses": 44,
    "ambiguous": 0,
    "win_rate": 0.56,
    "avg_validation_rr": 0.10607425393490684,
    "max_drawdown_rr": 18.758044957263593
  },
  "assets": {
    "BTCUSD": {
      "trades": 38,
      "resolved": 35,
      "win_rate": 0.42857142857142855,
      "avg_validation_rr": 0.324326980323838
    },
    "EURUSD": {
      "trades": 31,
      "resolved": 30,
      "win_rate": 0.9,
      "avg_validation_rr": 0.09851946484546464
    },
    "GOLD_CFD": {
      "trades": 22,
      "resolved": 9,
      "win_rate": 0.3333333333333333,
      "avg_validation_rr": -0.3075908657973916
    },
    "USOIL": {
      "trades": 8,
      "resolved": 3,
      "win_rate": 1.0,
      "avg_validation_rr": 2.0
    },
    "XAGUSD": {
      "trades": 24,
      "resolved": 23,
      "win_rate": 0.34782608695652173,
      "avg_validation_rr": -0.30136022047961136
    }
  }
}
