{
  "generated_utc": "2025-12-17T20:07:00.647110+00:00",
  "evaluated_trades": 206,
  "resolved_trades": 166,
  "wins": 92,
  "losses": 74,
  "ambiguous": 0,
  "win_rate": 0.5542168674698795,
  "avg_validation_rr": 0.45071846113860575,
  "max_drawdown_rr": 4.0,
  "rule_based_performance": {
    "trades": 206,
    "resolved": 166,
    "wins": 92,
    "losses": 74,
    "ambiguous": 0,
    "win_rate": 0.5542168674698795,
    "avg_validation_rr": 0.45071846113860575,
    "max_drawdown_rr": 4.0
  },
  "assets": {
    "BTCUSD": {
      "trades": 54,
      "resolved": 37,
      "win_rate": 0.24324324324324326,
      "avg_validation_rr": -0.2186567726294462
    },
    "EURUSD": {
      "trades": 45,
      "resolved": 44,
      "win_rate": 0.2727272727272727,
      "avg_validation_rr": -0.038757828355870425
    },
    "GOLD_CFD": {
      "trades": 28,
      "resolved": 14,
      "win_rate": 0.9285714285714286,
      "avg_validation_rr": 0.6530644025571092
    },
    "NVDA": {
      "trades": 4,
      "resolved": 4,
      "win_rate": 0.5,
      "avg_validation_rr": 0.40249999999999553
    },
    "USOIL": {
      "trades": 16,
      "resolved": 11,
      "win_rate": 0.6363636363636364,
      "avg_validation_rr": 0.10963953768804081
    },
    "XAGUSD": {
      "trades": 59,
      "resolved": 56,
      "win_rate": 0.875,
      "avg_validation_rr": 1.297428089885507
    }
  }
}
