{
  "generated_utc": "2025-12-18T10:35:43.088618+00:00",
  "evaluated_trades": 260,
  "resolved_trades": 168,
  "wins": 67,
  "losses": 100,
  "ambiguous": 1,
  "win_rate": 0.39880952380952384,
  "avg_validation_rr": 0.06408097122155444,
  "max_drawdown_rr": 21.075669738414323,
  "rule_based_performance": {
    "trades": 260,
    "resolved": 168,
    "wins": 67,
    "losses": 100,
    "ambiguous": 1,
    "win_rate": 0.39880952380952384,
    "avg_validation_rr": 0.06408097122155444,
    "max_drawdown_rr": 21.075669738414323
  },
  "assets": {
    "BTCUSD": {
      "trades": 60,
      "resolved": 27,
      "win_rate": 0.18518518518518517,
      "avg_validation_rr": -0.5763273721388971
    },
    "EURUSD": {
      "trades": 56,
      "resolved": 40,
      "win_rate": 0.1,
      "avg_validation_rr": -0.16688453051130647
    },
    "GOLD_CFD": {
      "trades": 40,
      "resolved": 21,
      "win_rate": 0.38095238095238093,
      "avg_validation_rr": -0.0003447023073317681
    },
    "NVDA": {
      "trades": 4,
      "resolved": 4,
      "win_rate": 0.5,
      "avg_validation_rr": 0.40249999999999553
    },
    "USOIL": {
      "trades": 24,
      "resolved": 17,
      "win_rate": 0.5882352941176471,
      "avg_validation_rr": -0.04927266815701087
    },
    "XAGUSD": {
      "trades": 76,
      "resolved": 59,
      "win_rate": 0.6440677966101694,
      "avg_validation_rr": 0.5463847040770644
    }
  }
}
