{
  "generated_utc": "2025-12-16T02:21:39.003673+00:00",
  "evaluated_trades": 88,
  "resolved_trades": 68,
  "wins": 47,
  "losses": 21,
  "ambiguous": 0,
  "win_rate": 0.6911764705882353,
  "avg_validation_rr": 0.47181758489949044,
  "max_drawdown_rr": 2.9184657135683665,
  "rule_based_performance": {
    "trades": 88,
    "resolved": 68,
    "wins": 47,
    "losses": 21,
    "ambiguous": 0,
    "win_rate": 0.6911764705882353,
    "avg_validation_rr": 0.47181758489949044,
    "max_drawdown_rr": 2.9184657135683665
  },
  "assets": {
    "BTCUSD": {
      "trades": 33,
      "resolved": 32,
      "win_rate": 0.71875,
      "avg_validation_rr": 0.9647821833428794
    },
    "EURUSD": {
      "trades": 14,
      "resolved": 14,
      "win_rate": 0.6428571428571429,
      "avg_validation_rr": 0.021110239282928923
    },
    "GOLD_CFD": {
      "trades": 19,
      "resolved": 5,
      "win_rate": 0.8,
      "avg_validation_rr": -0.058700240324910044
    },
    "USOIL": {
      "trades": 7,
      "resolved": 3,
      "win_rate": 1.0,
      "avg_validation_rr": 0.8814141634762551
    },
    "XAGUSD": {
      "trades": 15,
      "resolved": 14,
      "win_rate": 0.5714285714285714,
      "avg_validation_rr": -0.10255133804085743
    }
  }
}
