{
  "generated_utc": "2025-12-16T07:28:04.140386+00:00",
  "evaluated_trades": 99,
  "resolved_trades": 79,
  "wins": 32,
  "losses": 47,
  "ambiguous": 0,
  "win_rate": 0.4050632911392405,
  "avg_validation_rr": 0.17947486651214012,
  "max_drawdown_rr": 15.218571394837117,
  "rule_based_performance": {
    "trades": 99,
    "resolved": 79,
    "wins": 32,
    "losses": 47,
    "ambiguous": 0,
    "win_rate": 0.4050632911392405,
    "avg_validation_rr": 0.17947486651214012,
    "max_drawdown_rr": 15.218571394837117
  },
  "assets": {
    "BTCUSD": {
      "trades": 35,
      "resolved": 33,
      "win_rate": 0.5757575757575758,
      "avg_validation_rr": 0.6846486022691635
    },
    "EURUSD": {
      "trades": 18,
      "resolved": 18,
      "win_rate": 0.3333333333333333,
      "avg_validation_rr": -0.01152074045917186
    },
    "GOLD_CFD": {
      "trades": 21,
      "resolved": 8,
      "win_rate": 0.0,
      "avg_validation_rr": -0.4965700608104042
    },
    "USOIL": {
      "trades": 7,
      "resolved": 3,
      "win_rate": 1.0,
      "avg_validation_rr": 1.1593729003340194
    },
    "XAGUSD": {
      "trades": 18,
      "resolved": 17,
      "win_rate": 0.23529411764705882,
      "avg_validation_rr": -0.45371025333394444
    }
  }
}
