{
  "generated_utc": "2025-12-17T20:24:26.783530+00:00",
  "evaluated_trades": 208,
  "resolved_trades": 165,
  "wins": 84,
  "losses": 81,
  "ambiguous": 0,
  "win_rate": 0.509090909090909,
  "avg_validation_rr": 0.44543951864131853,
  "max_drawdown_rr": 4.0,
  "rule_based_performance": {
    "trades": 208,
    "resolved": 165,
    "wins": 84,
    "losses": 81,
    "ambiguous": 0,
    "win_rate": 0.509090909090909,
    "avg_validation_rr": 0.44543951864131853,
    "max_drawdown_rr": 4.0
  },
  "assets": {
    "BTCUSD": {
      "trades": 55,
      "resolved": 37,
      "win_rate": 0.24324324324324326,
      "avg_validation_rr": -0.2309397031370489
    },
    "EURUSD": {
      "trades": 46,
      "resolved": 44,
      "win_rate": 0.22727272727272727,
      "avg_validation_rr": -0.051347529549553524
    },
    "GOLD_CFD": {
      "trades": 28,
      "resolved": 14,
      "win_rate": 1.0,
      "avg_validation_rr": 0.7521499260763468
    },
    "NVDA": {
      "trades": 4,
      "resolved": 4,
      "win_rate": 0.5,
      "avg_validation_rr": 0.40249999999999553
    },
    "USOIL": {
      "trades": 16,
      "resolved": 10,
      "win_rate": 0.2,
      "avg_validation_rr": -0.31993751678156046
    },
    "XAGUSD": {
      "trades": 59,
      "resolved": 56,
      "win_rate": 0.8392857142857143,
      "avg_validation_rr": 1.345729590978848
    }
  }
}
