{
  "generated_utc": "2025-12-16T12:06:06.704562+00:00",
  "evaluated_trades": 120,
  "resolved_trades": 100,
  "wins": 51,
  "losses": 49,
  "ambiguous": 0,
  "win_rate": 0.51,
  "avg_validation_rr": 0.07244755021997958,
  "max_drawdown_rr": 21.82839251140753,
  "rule_based_performance": {
    "trades": 120,
    "resolved": 100,
    "wins": 51,
    "losses": 49,
    "ambiguous": 0,
    "win_rate": 0.51,
    "avg_validation_rr": 0.07244755021997958,
    "max_drawdown_rr": 21.82839251140753
  },
  "assets": {
    "BTCUSD": {
      "trades": 38,
      "resolved": 35,
      "win_rate": 0.42857142857142855,
      "avg_validation_rr": 0.333080474190752
    },
    "EURUSD": {
      "trades": 30,
      "resolved": 30,
      "win_rate": 0.9333333333333333,
      "avg_validation_rr": 0.08082024073201112
    },
    "GOLD_CFD": {
      "trades": 22,
      "resolved": 9,
      "win_rate": 0.0,
      "avg_validation_rr": -0.5304781046694891
    },
    "USOIL": {
      "trades": 7,
      "resolved": 3,
      "win_rate": 1.0,
      "avg_validation_rr": 2.0
    },
    "XAGUSD": {
      "trades": 23,
      "resolved": 23,
      "win_rate": 0.21739130434782608,
      "avg_validation_rr": -0.35058112411362147
    }
  }
}
