{
  "generated_utc": "2025-12-19T09:22:22.581487+00:00",
  "evaluated_trades": 315,
  "resolved_trades": 152,
  "wins": 63,
  "losses": 89,
  "ambiguous": 0,
  "win_rate": 0.4144736842105263,
  "avg_validation_rr": -0.07871901789057274,
  "max_drawdown_rr": 34.94289240242405,
  "rule_based_performance": {
    "trades": 315,
    "resolved": 152,
    "wins": 63,
    "losses": 89,
    "ambiguous": 0,
    "win_rate": 0.4144736842105263,
    "avg_validation_rr": -0.07871901789057274,
    "max_drawdown_rr": 34.94289240242405
  },
  "assets": {
    "BTCUSD": {
      "trades": 72,
      "resolved": 27,
      "win_rate": 0.3333333333333333,
      "avg_validation_rr": -0.16417003343902792
    },
    "EURUSD": {
      "trades": 58,
      "resolved": 18,
      "win_rate": 0.16666666666666666,
      "avg_validation_rr": -0.15613491585576234
    },
    "GOLD_CFD": {
      "trades": 49,
      "resolved": 24,
      "win_rate": 0.3333333333333333,
      "avg_validation_rr": -0.10055975584786868
    },
    "NVDA": {
      "trades": 7,
      "resolved": 7,
      "win_rate": 1.0,
      "avg_validation_rr": 1.252776070402028
    },
    "USOIL": {
      "trades": 33,
      "resolved": 21,
      "win_rate": 0.6666666666666666,
      "avg_validation_rr": 0.2711974628165985
    },
    "XAGUSD": {
      "trades": 96,
      "resolved": 55,
      "win_rate": 0.4,
      "avg_validation_rr": -0.3049712073222454
    }
  }
}
