{
  "generated_utc": "2025-12-15T14:20:34.968482+00:00",
  "evaluated_trades": 40,
  "resolved_trades": 23,
  "wins": 11,
  "losses": 12,
  "ambiguous": 0,
  "win_rate": 0.4782608695652174,
  "avg_validation_rr": -0.11422617981993566,
  "max_drawdown_rr": 6.706385495401291,
  "rule_based_performance": {
    "trades": 40,
    "resolved": 23,
    "wins": 11,
    "losses": 12,
    "ambiguous": 0,
    "win_rate": 0.4782608695652174,
    "avg_validation_rr": -0.11422617981993566,
    "max_drawdown_rr": 6.706385495401291
  },
  "assets": {
    "BTCUSD": {
      "trades": 17,
      "resolved": 17,
      "win_rate": 0.4117647058823529,
      "avg_validation_rr": -0.19321331609529693
    },
    "EURUSD": {
      "trades": 1,
      "resolved": 1,
      "win_rate": 1.0,
      "avg_validation_rr": 0.0042566957824748276
    },
    "GOLD_CFD": {
      "trades": 14,
      "resolved": 1,
      "win_rate": 0.0,
      "avg_validation_rr": -0.2713254043517909
    },
    "USOIL": {
      "trades": 5,
      "resolved": 1,
      "win_rate": 1.0,
      "avg_validation_rr": 0.47457796610169556
    },
    "XAGUSD": {
      "trades": 3,
      "resolved": 3,
      "win_rate": 0.6666666666666666,
      "avg_validation_rr": 0.1499716600763827
    }
  }
}
