{
  "generated_utc": "2025-12-18T02:09:26.348017+00:00",
  "evaluated_trades": 226,
  "resolved_trades": 160,
  "wins": 80,
  "losses": 80,
  "ambiguous": 0,
  "win_rate": 0.5,
  "avg_validation_rr": 0.3310685095453808,
  "max_drawdown_rr": 11.106156797097924,
  "rule_based_performance": {
    "trades": 226,
    "resolved": 160,
    "wins": 80,
    "losses": 80,
    "ambiguous": 0,
    "win_rate": 0.5,
    "avg_validation_rr": 0.3310685095453808,
    "max_drawdown_rr": 11.106156797097924
  },
  "assets": {
    "BTCUSD": {
      "trades": 57,
      "resolved": 31,
      "win_rate": 0.5161290322580645,
      "avg_validation_rr": 0.07878598294744459
    },
    "EURUSD": {
      "trades": 52,
      "resolved": 42,
      "win_rate": 0.14285714285714285,
      "avg_validation_rr": -0.07267947090069318
    },
    "GOLD_CFD": {
      "trades": 33,
      "resolved": 19,
      "win_rate": 0.6842105263157895,
      "avg_validation_rr": 0.4479780261205727
    },
    "NVDA": {
      "trades": 4,
      "resolved": 4,
      "win_rate": 0.5,
      "avg_validation_rr": 0.40249999999999553
    },
    "USOIL": {
      "trades": 16,
      "resolved": 9,
      "win_rate": 0.0,
      "avg_validation_rr": -0.9578777127313588
    },
    "XAGUSD": {
      "trades": 64,
      "resolved": 55,
      "win_rate": 0.7818181818181819,
      "avg_validation_rr": 0.9469172864001932
    }
  }
}
