{
  "generated_utc": "2025-12-17T15:50:39.727580+00:00",
  "evaluated_trades": 188,
  "resolved_trades": 153,
  "wins": 87,
  "losses": 65,
  "ambiguous": 1,
  "win_rate": 0.5686274509803921,
  "avg_validation_rr": 0.325479574520456,
  "max_drawdown_rr": 15.10846385892161,
  "rule_based_performance": {
    "trades": 188,
    "resolved": 153,
    "wins": 87,
    "losses": 65,
    "ambiguous": 1,
    "win_rate": 0.5686274509803921,
    "avg_validation_rr": 0.325479574520456,
    "max_drawdown_rr": 15.10846385892161
  },
  "assets": {
    "BTCUSD": {
      "trades": 48,
      "resolved": 31,
      "win_rate": 0.1935483870967742,
      "avg_validation_rr": -0.3709677419354837
    },
    "EURUSD": {
      "trades": 42,
      "resolved": 42,
      "win_rate": 0.6428571428571429,
      "avg_validation_rr": 0.01717357290884106
    },
    "GOLD_CFD": {
      "trades": 27,
      "resolved": 14,
      "win_rate": 0.9285714285714286,
      "avg_validation_rr": 0.5734750226100385
    },
    "NVDA": {
      "trades": 4,
      "resolved": 4,
      "win_rate": 0.5,
      "avg_validation_rr": 0.40249999999999553
    },
    "USOIL": {
      "trades": 14,
      "resolved": 10,
      "win_rate": 0.4,
      "avg_validation_rr": -0.12007674077253358
    },
    "XAGUSD": {
      "trades": 53,
      "resolved": 52,
      "win_rate": 0.6730769230769231,
      "avg_validation_rr": 1.002676960204678
    }
  }
}
