{
  "generated_utc": "2025-12-17T16:44:05.588613+00:00",
  "evaluated_trades": 191,
  "resolved_trades": 153,
  "wins": 84,
  "losses": 69,
  "ambiguous": 0,
  "win_rate": 0.5490196078431373,
  "avg_validation_rr": 0.3264422040930421,
  "max_drawdown_rr": 10.938283281767532,
  "rule_based_performance": {
    "trades": 191,
    "resolved": 153,
    "wins": 84,
    "losses": 69,
    "ambiguous": 0,
    "win_rate": 0.5490196078431373,
    "avg_validation_rr": 0.3264422040930421,
    "max_drawdown_rr": 10.938283281767532
  },
  "assets": {
    "BTCUSD": {
      "trades": 51,
      "resolved": 33,
      "win_rate": 0.18181818181818182,
      "avg_validation_rr": -0.3824782930251144
    },
    "EURUSD": {
      "trades": 42,
      "resolved": 41,
      "win_rate": 0.4878048780487805,
      "avg_validation_rr": 0.006949782261299782
    },
    "GOLD_CFD": {
      "trades": 27,
      "resolved": 14,
      "win_rate": 0.9285714285714286,
      "avg_validation_rr": 0.4628167611675519
    },
    "NVDA": {
      "trades": 4,
      "resolved": 4,
      "win_rate": 0.5,
      "avg_validation_rr": 0.40249999999999553
    },
    "USOIL": {
      "trades": 14,
      "resolved": 9,
      "win_rate": 0.5555555555555556,
      "avg_validation_rr": 0.08051744930165443
    },
    "XAGUSD": {
      "trades": 53,
      "resolved": 52,
      "win_rate": 0.7307692307692307,
      "avg_validation_rr": 1.0282386177555831
    }
  }
}
