{
  "generated_utc": "2025-12-19T03:00:02.205061+00:00",
  "evaluated_trades": 298,
  "resolved_trades": 150,
  "wins": 51,
  "losses": 99,
  "ambiguous": 0,
  "win_rate": 0.34,
  "avg_validation_rr": -0.11366979627732765,
  "max_drawdown_rr": 24.27046944159914,
  "rule_based_performance": {
    "trades": 298,
    "resolved": 150,
    "wins": 51,
    "losses": 99,
    "ambiguous": 0,
    "win_rate": 0.34,
    "avg_validation_rr": -0.11366979627732765,
    "max_drawdown_rr": 24.27046944159914
  },
  "assets": {
    "BTCUSD": {
      "trades": 68,
      "resolved": 25,
      "win_rate": 0.64,
      "avg_validation_rr": 0.38298429702382797
    },
    "EURUSD": {
      "trades": 58,
      "resolved": 19,
      "win_rate": 0.21052631578947367,
      "avg_validation_rr": -0.08993423564263761
    },
    "GOLD_CFD": {
      "trades": 45,
      "resolved": 22,
      "win_rate": 0.13636363636363635,
      "avg_validation_rr": -0.30338542014493985
    },
    "NVDA": {
      "trades": 7,
      "resolved": 7,
      "win_rate": 1.0,
      "avg_validation_rr": 1.252776070402028
    },
    "USOIL": {
      "trades": 28,
      "resolved": 20,
      "win_rate": 0.7,
      "avg_validation_rr": 0.3105600954841395
    },
    "XAGUSD": {
      "trades": 92,
      "resolved": 57,
      "win_rate": 0.12280701754385964,
      "avg_validation_rr": -0.5828505534963692
    }
  }
}
