{
  "generated_utc": "2025-12-19T05:11:02.275456+00:00",
  "evaluated_trades": 302,
  "resolved_trades": 153,
  "wins": 44,
  "losses": 109,
  "ambiguous": 0,
  "win_rate": 0.2875816993464052,
  "avg_validation_rr": -0.21989930390600912,
  "max_drawdown_rr": 41.05482699501651,
  "rule_based_performance": {
    "trades": 302,
    "resolved": 153,
    "wins": 44,
    "losses": 109,
    "ambiguous": 0,
    "win_rate": 0.2875816993464052,
    "avg_validation_rr": -0.21989930390600912,
    "max_drawdown_rr": 41.05482699501651
  },
  "assets": {
    "BTCUSD": {
      "trades": 70,
      "resolved": 27,
      "win_rate": 0.25925925925925924,
      "avg_validation_rr": -0.1971937884661725
    },
    "EURUSD": {
      "trades": 58,
      "resolved": 19,
      "win_rate": 0.21052631578947367,
      "avg_validation_rr": -0.1206956551192665
    },
    "GOLD_CFD": {
      "trades": 46,
      "resolved": 23,
      "win_rate": 0.17391304347826086,
      "avg_validation_rr": -0.21702253746082453
    },
    "NVDA": {
      "trades": 7,
      "resolved": 7,
      "win_rate": 1.0,
      "avg_validation_rr": 1.252776070402028
    },
    "USOIL": {
      "trades": 29,
      "resolved": 20,
      "win_rate": 0.7,
      "avg_validation_rr": 0.30001325531814693
    },
    "XAGUSD": {
      "trades": 92,
      "resolved": 57,
      "win_rate": 0.14035087719298245,
      "avg_validation_rr": -0.6281635613920148
    }
  }
}
