{
  "generated_utc": "2025-12-16T09:27:58.901546+00:00",
  "evaluated_trades": 114,
  "resolved_trades": 91,
  "wins": 42,
  "losses": 49,
  "ambiguous": 0,
  "win_rate": 0.46153846153846156,
  "avg_validation_rr": 0.14715617582027093,
  "max_drawdown_rr": 15.754281925296242,
  "rule_based_performance": {
    "trades": 114,
    "resolved": 91,
    "wins": 42,
    "losses": 49,
    "ambiguous": 0,
    "win_rate": 0.46153846153846156,
    "avg_validation_rr": 0.14715617582027093,
    "max_drawdown_rr": 15.754281925296242
  },
  "assets": {
    "BTCUSD": {
      "trades": 38,
      "resolved": 34,
      "win_rate": 0.47058823529411764,
      "avg_validation_rr": 0.549648984893921
    },
    "EURUSD": {
      "trades": 26,
      "resolved": 25,
      "win_rate": 0.64,
      "avg_validation_rr": 0.01648505396521245
    },
    "GOLD_CFD": {
      "trades": 22,
      "resolved": 9,
      "win_rate": 0.0,
      "avg_validation_rr": -0.46439015987889704
    },
    "USOIL": {
      "trades": 7,
      "resolved": 3,
      "win_rate": 1.0,
      "avg_validation_rr": 1.8150640347785238
    },
    "XAGUSD": {
      "trades": 21,
      "resolved": 20,
      "win_rate": 0.35,
      "avg_validation_rr": -0.3487330250652233
    }
  }
}
