{
  "generated_utc": "2025-12-16T05:13:08.963217+00:00",
  "evaluated_trades": 91,
  "resolved_trades": 73,
  "wins": 38,
  "losses": 35,
  "ambiguous": 0,
  "win_rate": 0.5205479452054794,
  "avg_validation_rr": 0.2859875229805082,
  "max_drawdown_rr": 9.974021210871879,
  "rule_based_performance": {
    "trades": 91,
    "resolved": 73,
    "wins": 38,
    "losses": 35,
    "ambiguous": 0,
    "win_rate": 0.5205479452054794,
    "avg_validation_rr": 0.2859875229805082,
    "max_drawdown_rr": 9.974021210871879
  },
  "assets": {
    "BTCUSD": {
      "trades": 33,
      "resolved": 32,
      "win_rate": 0.71875,
      "avg_validation_rr": 0.8826369240555393
    },
    "EURUSD": {
      "trades": 16,
      "resolved": 16,
      "win_rate": 0.5625,
      "avg_validation_rr": 0.013525787366412401
    },
    "GOLD_CFD": {
      "trades": 19,
      "resolved": 6,
      "win_rate": 0.0,
      "avg_validation_rr": -0.454584632271813
    },
    "USOIL": {
      "trades": 7,
      "resolved": 3,
      "win_rate": 1.0,
      "avg_validation_rr": 1.1072504254468725
    },
    "XAGUSD": {
      "trades": 16,
      "resolved": 16,
      "win_rate": 0.1875,
      "avg_validation_rr": -0.5111217795482809
    }
  }
}
