{
  "generated_utc": "2025-12-15T02:32:38.708041+00:00",
  "evaluated_trades": 31,
  "resolved_trades": 14,
  "wins": 4,
  "losses": 10,
  "ambiguous": 0,
  "win_rate": 0.2857142857142857,
  "avg_validation_rr": -0.008082303517763578,
  "max_drawdown_rr": 6.583152249248697,
  "rule_based_performance": {
    "trades": 31,
    "resolved": 14,
    "wins": 4,
    "losses": 10,
    "ambiguous": 0,
    "win_rate": 0.2857142857142857,
    "avg_validation_rr": -0.008082303517763578,
    "max_drawdown_rr": 6.583152249248697
  },
  "assets": {
    "BTCUSD": {
      "trades": 14,
      "resolved": 14,
      "win_rate": 0.2857142857142857,
      "avg_validation_rr": -0.008082303517763578
    },
    "GOLD_CFD": {
      "trades": 13,
      "resolved": 0,
      "win_rate": null,
      "avg_validation_rr": null
    },
    "USOIL": {
      "trades": 4,
      "resolved": 0,
      "win_rate": null,
      "avg_validation_rr": null
    }
  }
}
