{
  "generated_utc": "2025-12-16T15:57:04.273187+00:00",
  "evaluated_trades": 130,
  "resolved_trades": 109,
  "wins": 69,
  "losses": 40,
  "ambiguous": 0,
  "win_rate": 0.6330275229357798,
  "avg_validation_rr": 0.28093438447607,
  "max_drawdown_rr": 12.095079897188786,
  "rule_based_performance": {
    "trades": 130,
    "resolved": 109,
    "wins": 69,
    "losses": 40,
    "ambiguous": 0,
    "win_rate": 0.6330275229357798,
    "avg_validation_rr": 0.28093438447607,
    "max_drawdown_rr": 12.095079897188786
  },
  "assets": {
    "BTCUSD": {
      "trades": 41,
      "resolved": 38,
      "win_rate": 0.42105263157894735,
      "avg_validation_rr": 0.3156924007551289
    },
    "EURUSD": {
      "trades": 31,
      "resolved": 31,
      "win_rate": 0.8709677419354839,
      "avg_validation_rr": 0.16794835197791635
    },
    "GOLD_CFD": {
      "trades": 22,
      "resolved": 9,
      "win_rate": 0.8888888888888888,
      "avg_validation_rr": 0.48114948793450396
    },
    "NVDA": {
      "trades": 2,
      "resolved": 1,
      "win_rate": 1.0,
      "avg_validation_rr": 0.8171315863623542
    },
    "USOIL": {
      "trades": 8,
      "resolved": 4,
      "win_rate": 1.0,
      "avg_validation_rr": 1.8599999999999997
    },
    "XAGUSD": {
      "trades": 26,
      "resolved": 26,
      "win_rate": 0.5,
      "avg_validation_rr": 0.03198695346570918
    }
  }
}
