{
  "generated_utc": "2025-12-18T23:25:07.432781+00:00",
  "evaluated_trades": 289,
  "resolved_trades": 150,
  "wins": 71,
  "losses": 79,
  "ambiguous": 0,
  "win_rate": 0.47333333333333333,
  "avg_validation_rr": 0.052601106922057286,
  "max_drawdown_rr": 11.009835791029584,
  "rule_based_performance": {
    "trades": 289,
    "resolved": 150,
    "wins": 71,
    "losses": 79,
    "ambiguous": 0,
    "win_rate": 0.47333333333333333,
    "avg_validation_rr": 0.052601106922057286,
    "max_drawdown_rr": 11.009835791029584
  },
  "assets": {
    "BTCUSD": {
      "trades": 66,
      "resolved": 23,
      "win_rate": 0.6521739130434783,
      "avg_validation_rr": 0.7171024070451518
    },
    "EURUSD": {
      "trades": 58,
      "resolved": 23,
      "win_rate": 0.17391304347826086,
      "avg_validation_rr": -0.11237219866597269
    },
    "GOLD_CFD": {
      "trades": 43,
      "resolved": 21,
      "win_rate": 0.6190476190476191,
      "avg_validation_rr": 0.07266519524958139
    },
    "NVDA": {
      "trades": 7,
      "resolved": 7,
      "win_rate": 1.0,
      "avg_validation_rr": 1.252776070402028
    },
    "USOIL": {
      "trades": 27,
      "resolved": 19,
      "win_rate": 0.7368421052631579,
      "avg_validation_rr": 0.1423795428071838
    },
    "XAGUSD": {
      "trades": 88,
      "resolved": 57,
      "win_rate": 0.3157894736842105,
      "avg_validation_rr": -0.3336709063299022
    }
  }
}
