{
  "generated_utc": "2025-12-15T05:37:34.207806+00:00",
  "evaluated_trades": 34,
  "resolved_trades": 17,
  "wins": 4,
  "losses": 13,
  "ambiguous": 0,
  "win_rate": 0.23529411764705882,
  "avg_validation_rr": -0.26663223926699575,
  "max_drawdown_rr": 9.086285733910367,
  "rule_based_performance": {
    "trades": 34,
    "resolved": 17,
    "wins": 4,
    "losses": 13,
    "ambiguous": 0,
    "win_rate": 0.23529411764705882,
    "avg_validation_rr": -0.26663223926699575,
    "max_drawdown_rr": 9.086285733910367
  },
  "assets": {
    "BTCUSD": {
      "trades": 17,
      "resolved": 17,
      "win_rate": 0.23529411764705882,
      "avg_validation_rr": -0.26663223926699575
    },
    "GOLD_CFD": {
      "trades": 13,
      "resolved": 0,
      "win_rate": null,
      "avg_validation_rr": null
    },
    "USOIL": {
      "trades": 4,
      "resolved": 0,
      "win_rate": null,
      "avg_validation_rr": null
    }
  }
}
