{
  "generated_utc": "2025-12-15T16:52:01.018883+00:00",
  "evaluated_trades": 51,
  "resolved_trades": 34,
  "wins": 18,
  "losses": 16,
  "ambiguous": 0,
  "win_rate": 0.5294117647058824,
  "avg_validation_rr": 0.47430962246437397,
  "max_drawdown_rr": 3.018050802313116,
  "rule_based_performance": {
    "trades": 51,
    "resolved": 34,
    "wins": 18,
    "losses": 16,
    "ambiguous": 0,
    "win_rate": 0.5294117647058824,
    "avg_validation_rr": 0.47430962246437397,
    "max_drawdown_rr": 3.018050802313116
  },
  "assets": {
    "BTCUSD": {
      "trades": 18,
      "resolved": 18,
      "win_rate": 0.6111111111111112,
      "avg_validation_rr": 0.9261111111111181
    },
    "EURUSD": {
      "trades": 6,
      "resolved": 6,
      "win_rate": 0.5,
      "avg_validation_rr": 0.0018579562539937043
    },
    "GOLD_CFD": {
      "trades": 14,
      "resolved": 1,
      "win_rate": 0.0,
      "avg_validation_rr": -1.0
    },
    "USOIL": {
      "trades": 7,
      "resolved": 3,
      "win_rate": 1.0,
      "avg_validation_rr": 1.1593729003340194
    },
    "XAGUSD": {
      "trades": 6,
      "resolved": 6,
      "win_rate": 0.16666666666666666,
      "avg_validation_rr": -0.5054565457895711
    }
  }
}
