{
  "generated_utc": "2025-12-18T18:19:55.413637+00:00",
  "evaluated_trades": 283,
  "resolved_trades": 159,
  "wins": 59,
  "losses": 100,
  "ambiguous": 0,
  "win_rate": 0.3710691823899371,
  "avg_validation_rr": -0.04530555747866164,
  "max_drawdown_rr": 35.62446486692998,
  "rule_based_performance": {
    "trades": 283,
    "resolved": 159,
    "wins": 59,
    "losses": 100,
    "ambiguous": 0,
    "win_rate": 0.3710691823899371,
    "avg_validation_rr": -0.04530555747866164,
    "max_drawdown_rr": 35.62446486692998
  },
  "assets": {
    "BTCUSD": {
      "trades": 65,
      "resolved": 27,
      "win_rate": 0.3333333333333333,
      "avg_validation_rr": 0.00945546076031759
    },
    "EURUSD": {
      "trades": 58,
      "resolved": 27,
      "win_rate": 0.14814814814814814,
      "avg_validation_rr": -0.15343430491517443
    },
    "GOLD_CFD": {
      "trades": 42,
      "resolved": 20,
      "win_rate": 0.75,
      "avg_validation_rr": 0.17043453005366116
    },
    "NVDA": {
      "trades": 7,
      "resolved": 7,
      "win_rate": 0.5714285714285714,
      "avg_validation_rr": 0.9070804323628178
    },
    "USOIL": {
      "trades": 27,
      "resolved": 18,
      "win_rate": 0.4444444444444444,
      "avg_validation_rr": -0.22833837506790278
    },
    "XAGUSD": {
      "trades": 84,
      "resolved": 60,
      "win_rate": 0.31666666666666665,
      "avg_validation_rr": -0.14940529538861264
    }
  }
}
