{
  "generated_utc": "2025-12-15T19:37:03.639715+00:00",
  "evaluated_trades": 63,
  "resolved_trades": 46,
  "wins": 23,
  "losses": 23,
  "ambiguous": 0,
  "win_rate": 0.5,
  "avg_validation_rr": 0.3189864836093921,
  "max_drawdown_rr": 5.285457691735349,
  "rule_based_performance": {
    "trades": 63,
    "resolved": 46,
    "wins": 23,
    "losses": 23,
    "ambiguous": 0,
    "win_rate": 0.5,
    "avg_validation_rr": 0.3189864836093921,
    "max_drawdown_rr": 5.285457691735349
  },
  "assets": {
    "BTCUSD": {
      "trades": 24,
      "resolved": 24,
      "win_rate": 0.5833333333333334,
      "avg_validation_rr": 0.686286466701936
    },
    "EURUSD": {
      "trades": 10,
      "resolved": 10,
      "win_rate": 0.2,
      "avg_validation_rr": -0.047390280474181354
    },
    "GOLD_CFD": {
      "trades": 14,
      "resolved": 1,
      "win_rate": 0.0,
      "avg_validation_rr": -1.0
    },
    "USOIL": {
      "trades": 7,
      "resolved": 3,
      "win_rate": 1.0,
      "avg_validation_rr": 0.48184847924323343
    },
    "XAGUSD": {
      "trades": 8,
      "resolved": 8,
      "win_rate": 0.5,
      "avg_validation_rr": -0.22114244847528933
    }
  }
}
