{
  "generated_utc": "2025-12-18T02:29:10.343769+00:00",
  "evaluated_trades": 227,
  "resolved_trades": 157,
  "wins": 74,
  "losses": 83,
  "ambiguous": 0,
  "win_rate": 0.4713375796178344,
  "avg_validation_rr": 0.26245358992737206,
  "max_drawdown_rr": 14.025881414549133,
  "rule_based_performance": {
    "trades": 227,
    "resolved": 157,
    "wins": 74,
    "losses": 83,
    "ambiguous": 0,
    "win_rate": 0.4713375796178344,
    "avg_validation_rr": 0.26245358992737206,
    "max_drawdown_rr": 14.025881414549133
  },
  "assets": {
    "BTCUSD": {
      "trades": 57,
      "resolved": 31,
      "win_rate": 0.3870967741935484,
      "avg_validation_rr": -0.19816792063055963
    },
    "EURUSD": {
      "trades": 52,
      "resolved": 42,
      "win_rate": 0.14285714285714285,
      "avg_validation_rr": -0.07073424679086758
    },
    "GOLD_CFD": {
      "trades": 33,
      "resolved": 17,
      "win_rate": 0.6470588235294118,
      "avg_validation_rr": 0.417843344440772
    },
    "NVDA": {
      "trades": 4,
      "resolved": 4,
      "win_rate": 0.5,
      "avg_validation_rr": 0.40249999999999553
    },
    "USOIL": {
      "trades": 16,
      "resolved": 9,
      "win_rate": 0.1111111111111111,
      "avg_validation_rr": -0.8317272781030108
    },
    "XAGUSD": {
      "trades": 65,
      "resolved": 54,
      "win_rate": 0.7777777777777778,
      "avg_validation_rr": 0.9091012253850961
    }
  }
}
