{
  "generated_utc": "2025-12-18T17:29:53.049289+00:00",
  "evaluated_trades": 276,
  "resolved_trades": 154,
  "wins": 42,
  "losses": 110,
  "ambiguous": 2,
  "win_rate": 0.2727272727272727,
  "avg_validation_rr": -0.08075931520359943,
  "max_drawdown_rr": 40.49184648174709,
  "rule_based_performance": {
    "trades": 276,
    "resolved": 154,
    "wins": 42,
    "losses": 110,
    "ambiguous": 2,
    "win_rate": 0.2727272727272727,
    "avg_validation_rr": -0.08075931520359943,
    "max_drawdown_rr": 40.49184648174709
  },
  "assets": {
    "BTCUSD": {
      "trades": 64,
      "resolved": 25,
      "win_rate": 0.28,
      "avg_validation_rr": -0.0684748857109474
    },
    "EURUSD": {
      "trades": 57,
      "resolved": 27,
      "win_rate": 0.14814814814814814,
      "avg_validation_rr": -0.16135332752371062
    },
    "GOLD_CFD": {
      "trades": 42,
      "resolved": 20,
      "win_rate": 0.3,
      "avg_validation_rr": 0.00028086529114964046
    },
    "NVDA": {
      "trades": 6,
      "resolved": 6,
      "win_rate": 1.0,
      "avg_validation_rr": 1.3880756453731389
    },
    "USOIL": {
      "trades": 25,
      "resolved": 18,
      "win_rate": 0.16666666666666666,
      "avg_validation_rr": -0.32039431363995136
    },
    "XAGUSD": {
      "trades": 82,
      "resolved": 58,
      "win_rate": 0.27586206896551724,
      "avg_validation_rr": -0.1540602773790197
    }
  }
}
