{
  "generated_utc": "2025-12-17T07:07:37.449930+00:00",
  "evaluated_trades": 168,
  "resolved_trades": 137,
  "wins": 65,
  "losses": 72,
  "ambiguous": 0,
  "win_rate": 0.4744525547445255,
  "avg_validation_rr": 0.36560294271078564,
  "max_drawdown_rr": 4.269117108524036,
  "rule_based_performance": {
    "trades": 168,
    "resolved": 137,
    "wins": 65,
    "losses": 72,
    "ambiguous": 0,
    "win_rate": 0.4744525547445255,
    "avg_validation_rr": 0.36560294271078564,
    "max_drawdown_rr": 4.269117108524036
  },
  "assets": {
    "BTCUSD": {
      "trades": 46,
      "resolved": 32,
      "win_rate": 0.3125,
      "avg_validation_rr": -0.23117084285613024
    },
    "EURUSD": {
      "trades": 40,
      "resolved": 40,
      "win_rate": 0.1,
      "avg_validation_rr": -0.2963519229486308
    },
    "GOLD_CFD": {
      "trades": 24,
      "resolved": 11,
      "win_rate": 0.9090909090909091,
      "avg_validation_rr": 0.5101398424601612
    },
    "NVDA": {
      "trades": 4,
      "resolved": 4,
      "win_rate": 0.25,
      "avg_validation_rr": -0.2780254562964791
    },
    "USOIL": {
      "trades": 12,
      "resolved": 8,
      "win_rate": 0.5,
      "avg_validation_rr": 0.4573627499097072
    },
    "XAGUSD": {
      "trades": 42,
      "resolved": 42,
      "win_rate": 0.8571428571428571,
      "avg_validation_rr": 1.4566859190372743
    }
  }
}
