{
  "generated_utc": "2025-12-15T03:33:18.858942+00:00",
  "evaluated_trades": 32,
  "resolved_trades": 15,
  "wins": 5,
  "losses": 10,
  "ambiguous": 0,
  "win_rate": 0.3333333333333333,
  "avg_validation_rr": 0.02424210950002991,
  "max_drawdown_rr": 6.188957751300811,
  "rule_based_performance": {
    "trades": 32,
    "resolved": 15,
    "wins": 5,
    "losses": 10,
    "ambiguous": 0,
    "win_rate": 0.3333333333333333,
    "avg_validation_rr": 0.02424210950002991,
    "max_drawdown_rr": 6.188957751300811
  },
  "assets": {
    "BTCUSD": {
      "trades": 15,
      "resolved": 15,
      "win_rate": 0.3333333333333333,
      "avg_validation_rr": 0.02424210950002991
    },
    "GOLD_CFD": {
      "trades": 13,
      "resolved": 0,
      "win_rate": null,
      "avg_validation_rr": null
    },
    "USOIL": {
      "trades": 4,
      "resolved": 0,
      "win_rate": null,
      "avg_validation_rr": null
    }
  }
}
