{
  "generated_utc": "2025-12-18T07:29:22.234458+00:00",
  "evaluated_trades": 252,
  "resolved_trades": 162,
  "wins": 85,
  "losses": 77,
  "ambiguous": 0,
  "win_rate": 0.5246913580246914,
  "avg_validation_rr": 0.22069045707986998,
  "max_drawdown_rr": 7.061451060311839,
  "rule_based_performance": {
    "trades": 252,
    "resolved": 162,
    "wins": 85,
    "losses": 77,
    "ambiguous": 0,
    "win_rate": 0.5246913580246914,
    "avg_validation_rr": 0.22069045707986998,
    "max_drawdown_rr": 7.061451060311839
  },
  "assets": {
    "BTCUSD": {
      "trades": 60,
      "resolved": 27,
      "win_rate": 0.2222222222222222,
      "avg_validation_rr": -0.4126651058431578
    },
    "EURUSD": {
      "trades": 56,
      "resolved": 42,
      "win_rate": 0.40476190476190477,
      "avg_validation_rr": -0.03373318790341134
    },
    "GOLD_CFD": {
      "trades": 40,
      "resolved": 20,
      "win_rate": 0.4,
      "avg_validation_rr": 0.18769808851457287
    },
    "NVDA": {
      "trades": 4,
      "resolved": 4,
      "win_rate": 0.5,
      "avg_validation_rr": 0.40249999999999553
    },
    "USOIL": {
      "trades": 21,
      "resolved": 13,
      "win_rate": 0.3076923076923077,
      "avg_validation_rr": -0.6003728755765759
    },
    "XAGUSD": {
      "trades": 71,
      "resolved": 56,
      "win_rate": 0.8571428571428571,
      "avg_validation_rr": 0.90627663230092
    }
  }
}
