{
  "generated_utc": "2025-12-18T09:10:05.636803+00:00",
  "evaluated_trades": 256,
  "resolved_trades": 165,
  "wins": 64,
  "losses": 101,
  "ambiguous": 0,
  "win_rate": 0.3878787878787879,
  "avg_validation_rr": 0.10300587428972413,
  "max_drawdown_rr": 16.614324602313214,
  "rule_based_performance": {
    "trades": 256,
    "resolved": 165,
    "wins": 64,
    "losses": 101,
    "ambiguous": 0,
    "win_rate": 0.3878787878787879,
    "avg_validation_rr": 0.10300587428972413,
    "max_drawdown_rr": 16.614324602313214
  },
  "assets": {
    "BTCUSD": {
      "trades": 60,
      "resolved": 27,
      "win_rate": 0.18518518518518517,
      "avg_validation_rr": -0.4334582539369223
    },
    "EURUSD": {
      "trades": 56,
      "resolved": 40,
      "win_rate": 0.125,
      "avg_validation_rr": -0.12213465017699152
    },
    "GOLD_CFD": {
      "trades": 40,
      "resolved": 21,
      "win_rate": 0.38095238095238093,
      "avg_validation_rr": 0.05806851960072527
    },
    "NVDA": {
      "trades": 4,
      "resolved": 4,
      "win_rate": 0.5,
      "avg_validation_rr": 0.40249999999999553
    },
    "USOIL": {
      "trades": 23,
      "resolved": 16,
      "win_rate": 0.375,
      "avg_validation_rr": -0.18915631333065008
    },
    "XAGUSD": {
      "trades": 73,
      "resolved": 57,
      "win_rate": 0.6666666666666666,
      "avg_validation_rr": 0.5926629863658989
    }
  }
}
