{
  "generated_utc": "2025-12-19T02:41:00.337494+00:00",
  "evaluated_trades": 298,
  "resolved_trades": 149,
  "wins": 56,
  "losses": 93,
  "ambiguous": 0,
  "win_rate": 0.37583892617449666,
  "avg_validation_rr": -0.04892563352318446,
  "max_drawdown_rr": 14.782310648603831,
  "rule_based_performance": {
    "trades": 298,
    "resolved": 149,
    "wins": 56,
    "losses": 93,
    "ambiguous": 0,
    "win_rate": 0.37583892617449666,
    "avg_validation_rr": -0.04892563352318446,
    "max_drawdown_rr": 14.782310648603831
  },
  "assets": {
    "BTCUSD": {
      "trades": 68,
      "resolved": 25,
      "win_rate": 0.68,
      "avg_validation_rr": 0.6130984170435613
    },
    "EURUSD": {
      "trades": 58,
      "resolved": 19,
      "win_rate": 0.21052631578947367,
      "avg_validation_rr": -0.08388069668265735
    },
    "GOLD_CFD": {
      "trades": 45,
      "resolved": 22,
      "win_rate": 0.2727272727272727,
      "avg_validation_rr": -0.15833533269796865
    },
    "NVDA": {
      "trades": 7,
      "resolved": 7,
      "win_rate": 1.0,
      "avg_validation_rr": 1.252776070402028
    },
    "USOIL": {
      "trades": 28,
      "resolved": 20,
      "win_rate": 0.7,
      "avg_validation_rr": 0.27584396726288685
    },
    "XAGUSD": {
      "trades": 92,
      "resolved": 56,
      "win_rate": 0.14285714285714285,
      "avg_validation_rr": -0.568331805406958
    }
  }
}
