{
  "generated_utc": "2025-12-19T05:31:07.421043+00:00",
  "evaluated_trades": 302,
  "resolved_trades": 153,
  "wins": 44,
  "losses": 109,
  "ambiguous": 0,
  "win_rate": 0.2875816993464052,
  "avg_validation_rr": -0.21430882114279778,
  "max_drawdown_rr": 40.474193187369806,
  "rule_based_performance": {
    "trades": 302,
    "resolved": 153,
    "wins": 44,
    "losses": 109,
    "ambiguous": 0,
    "win_rate": 0.2875816993464052,
    "avg_validation_rr": -0.21430882114279778,
    "max_drawdown_rr": 40.474193187369806
  },
  "assets": {
    "BTCUSD": {
      "trades": 70,
      "resolved": 27,
      "win_rate": 0.25925925925925924,
      "avg_validation_rr": -0.1679696615161501
    },
    "EURUSD": {
      "trades": 58,
      "resolved": 19,
      "win_rate": 0.21052631578947367,
      "avg_validation_rr": -0.11316224626785512
    },
    "GOLD_CFD": {
      "trades": 46,
      "resolved": 23,
      "win_rate": 0.17391304347826086,
      "avg_validation_rr": -0.237308218244422
    },
    "NVDA": {
      "trades": 7,
      "resolved": 7,
      "win_rate": 1.0,
      "avg_validation_rr": 1.252776070402028
    },
    "USOIL": {
      "trades": 29,
      "resolved": 20,
      "win_rate": 0.7,
      "avg_validation_rr": 0.32494862258965534
    },
    "XAGUSD": {
      "trades": 92,
      "resolved": 57,
      "win_rate": 0.14035087719298245,
      "avg_validation_rr": -0.6300754740317256
    }
  }
}
