{
  "generated_utc": "2025-12-17T19:27:25.952537+00:00",
  "evaluated_trades": 206,
  "resolved_trades": 165,
  "wins": 87,
  "losses": 78,
  "ambiguous": 0,
  "win_rate": 0.5272727272727272,
  "avg_validation_rr": 0.3856727633190699,
  "max_drawdown_rr": 6.810971450467541,
  "rule_based_performance": {
    "trades": 206,
    "resolved": 165,
    "wins": 87,
    "losses": 78,
    "ambiguous": 0,
    "win_rate": 0.5272727272727272,
    "avg_validation_rr": 0.3856727633190699,
    "max_drawdown_rr": 6.810971450467541
  },
  "assets": {
    "BTCUSD": {
      "trades": 54,
      "resolved": 36,
      "win_rate": 0.2777777777777778,
      "avg_validation_rr": -0.2074998396491019
    },
    "EURUSD": {
      "trades": 45,
      "resolved": 44,
      "win_rate": 0.2727272727272727,
      "avg_validation_rr": -0.0417553762591207
    },
    "GOLD_CFD": {
      "trades": 28,
      "resolved": 14,
      "win_rate": 1.0,
      "avg_validation_rr": 0.6821063830097936
    },
    "NVDA": {
      "trades": 4,
      "resolved": 4,
      "win_rate": 0.5,
      "avg_validation_rr": 0.40249999999999553
    },
    "USOIL": {
      "trades": 16,
      "resolved": 11,
      "win_rate": 0.6363636363636364,
      "avg_validation_rr": 0.10963953768804081
    },
    "XAGUSD": {
      "trades": 59,
      "resolved": 56,
      "win_rate": 0.75,
      "avg_validation_rr": 1.081744865244821
    }
  }
}
