{
  "generated_utc": "2025-12-19T01:25:32.552888+00:00",
  "evaluated_trades": 294,
  "resolved_trades": 148,
  "wins": 65,
  "losses": 83,
  "ambiguous": 0,
  "win_rate": 0.4391891891891892,
  "avg_validation_rr": 0.04992913609204265,
  "max_drawdown_rr": 10.006279158255078,
  "rule_based_performance": {
    "trades": 294,
    "resolved": 148,
    "wins": 65,
    "losses": 83,
    "ambiguous": 0,
    "win_rate": 0.4391891891891892,
    "avg_validation_rr": 0.04992913609204265,
    "max_drawdown_rr": 10.006279158255078
  },
  "assets": {
    "BTCUSD": {
      "trades": 67,
      "resolved": 24,
      "win_rate": 0.7083333333333334,
      "avg_validation_rr": 0.7806614076939703
    },
    "EURUSD": {
      "trades": 58,
      "resolved": 20,
      "win_rate": 0.25,
      "avg_validation_rr": -0.07152553582760399
    },
    "GOLD_CFD": {
      "trades": 44,
      "resolved": 21,
      "win_rate": 0.23809523809523808,
      "avg_validation_rr": -0.11202861657186768
    },
    "NVDA": {
      "trades": 7,
      "resolved": 7,
      "win_rate": 1.0,
      "avg_validation_rr": 1.252776070402028
    },
    "USOIL": {
      "trades": 27,
      "resolved": 19,
      "win_rate": 0.7368421052631579,
      "avg_validation_rr": 0.2530049425138021
    },
    "XAGUSD": {
      "trades": 91,
      "resolved": 57,
      "win_rate": 0.2982456140350877,
      "avg_validation_rr": -0.3708732698078616
    }
  }
}
