{
  "generated_utc": "2025-12-16T03:29:07.187902+00:00",
  "evaluated_trades": 90,
  "resolved_trades": 73,
  "wins": 42,
  "losses": 31,
  "ambiguous": 0,
  "win_rate": 0.5753424657534246,
  "avg_validation_rr": 0.33315729042140085,
  "max_drawdown_rr": 7.882311025796952,
  "rule_based_performance": {
    "trades": 90,
    "resolved": 73,
    "wins": 42,
    "losses": 31,
    "ambiguous": 0,
    "win_rate": 0.5753424657534246,
    "avg_validation_rr": 0.33315729042140085,
    "max_drawdown_rr": 7.882311025796952
  },
  "assets": {
    "BTCUSD": {
      "trades": 33,
      "resolved": 33,
      "win_rate": 0.8484848484848485,
      "avg_validation_rr": 1.0173113357953802
    },
    "EURUSD": {
      "trades": 16,
      "resolved": 16,
      "win_rate": 0.5625,
      "avg_validation_rr": 0.01990812473441614
    },
    "GOLD_CFD": {
      "trades": 19,
      "resolved": 6,
      "win_rate": 0.0,
      "avg_validation_rr": -0.5630642014650847
    },
    "USOIL": {
      "trades": 7,
      "resolved": 3,
      "win_rate": 1.0,
      "avg_validation_rr": 1.0030211108515246
    },
    "XAGUSD": {
      "trades": 15,
      "resolved": 15,
      "win_rate": 0.13333333333333333,
      "avg_validation_rr": -0.6133333333333335
    }
  }
}
