{
  "generated_utc": "2025-12-17T01:13:40.815015+00:00",
  "evaluated_trades": 154,
  "resolved_trades": 124,
  "wins": 68,
  "losses": 56,
  "ambiguous": 0,
  "win_rate": 0.5483870967741935,
  "avg_validation_rr": 0.23276364874569572,
  "max_drawdown_rr": 9.856404354674044,
  "rule_based_performance": {
    "trades": 154,
    "resolved": 124,
    "wins": 68,
    "losses": 56,
    "ambiguous": 0,
    "win_rate": 0.5483870967741935,
    "avg_validation_rr": 0.23276364874569572,
    "max_drawdown_rr": 9.856404354674044
  },
  "assets": {
    "BTCUSD": {
      "trades": 43,
      "resolved": 31,
      "win_rate": 0.3548387096774194,
      "avg_validation_rr": -0.03422272928438908
    },
    "EURUSD": {
      "trades": 39,
      "resolved": 39,
      "win_rate": 0.358974358974359,
      "avg_validation_rr": -0.023657222176603723
    },
    "GOLD_CFD": {
      "trades": 23,
      "resolved": 10,
      "win_rate": 0.9,
      "avg_validation_rr": 0.2447200802723019
    },
    "NVDA": {
      "trades": 4,
      "resolved": 4,
      "win_rate": 0.25,
      "avg_validation_rr": -0.2780254562964791
    },
    "USOIL": {
      "trades": 10,
      "resolved": 5,
      "win_rate": 0.8,
      "avg_validation_rr": 1.2879999999999998
    },
    "XAGUSD": {
      "trades": 35,
      "resolved": 35,
      "win_rate": 0.8285714285714286,
      "avg_validation_rr": 0.6591751354180792
    }
  }
}
