{
  "generated_utc": "2025-12-17T04:59:10.812239+00:00",
  "evaluated_trades": 164,
  "resolved_trades": 135,
  "wins": 63,
  "losses": 72,
  "ambiguous": 0,
  "win_rate": 0.4666666666666667,
  "avg_validation_rr": 0.4298730604918825,
  "max_drawdown_rr": 4.097938188228682,
  "rule_based_performance": {
    "trades": 164,
    "resolved": 135,
    "wins": 63,
    "losses": 72,
    "ambiguous": 0,
    "win_rate": 0.4666666666666667,
    "avg_validation_rr": 0.4298730604918825,
    "max_drawdown_rr": 4.097938188228682
  },
  "assets": {
    "BTCUSD": {
      "trades": 45,
      "resolved": 33,
      "win_rate": 0.30303030303030304,
      "avg_validation_rr": -0.15714221451266336
    },
    "EURUSD": {
      "trades": 40,
      "resolved": 40,
      "win_rate": 0.1,
      "avg_validation_rr": -0.1595479157457968
    },
    "GOLD_CFD": {
      "trades": 24,
      "resolved": 11,
      "win_rate": 0.9090909090909091,
      "avg_validation_rr": 0.5726086785754553
    },
    "NVDA": {
      "trades": 4,
      "resolved": 4,
      "win_rate": 0.25,
      "avg_validation_rr": -0.2780254562964791
    },
    "USOIL": {
      "trades": 11,
      "resolved": 7,
      "win_rate": 0.42857142857142855,
      "avg_validation_rr": 0.5781939997576956
    },
    "XAGUSD": {
      "trades": 40,
      "resolved": 40,
      "win_rate": 0.875,
      "avg_validation_rr": 1.5091630309426485
    }
  }
}
