{
  "generated_utc": "2025-12-16T08:23:01.369343+00:00",
  "evaluated_trades": 105,
  "resolved_trades": 83,
  "wins": 43,
  "losses": 40,
  "ambiguous": 0,
  "win_rate": 0.5180722891566265,
  "avg_validation_rr": 0.17565755060566532,
  "max_drawdown_rr": 14.152690227218997,
  "rule_based_performance": {
    "trades": 105,
    "resolved": 83,
    "wins": 43,
    "losses": 40,
    "ambiguous": 0,
    "win_rate": 0.5180722891566265,
    "avg_validation_rr": 0.17565755060566532,
    "max_drawdown_rr": 14.152690227218997
  },
  "assets": {
    "BTCUSD": {
      "trades": 36,
      "resolved": 32,
      "win_rate": 0.5625,
      "avg_validation_rr": 0.6533224027214071
    },
    "EURUSD": {
      "trades": 22,
      "resolved": 21,
      "win_rate": 0.8095238095238095,
      "avg_validation_rr": 0.05682569111187537
    },
    "GOLD_CFD": {
      "trades": 22,
      "resolved": 9,
      "win_rate": 0.0,
      "avg_validation_rr": -0.5077792363839727
    },
    "USOIL": {
      "trades": 7,
      "resolved": 3,
      "win_rate": 1.0,
      "avg_validation_rr": 1.5241920052177147
    },
    "XAGUSD": {
      "trades": 18,
      "resolved": 18,
      "win_rate": 0.2777777777777778,
      "avg_validation_rr": -0.41792458824230977
    }
  }
}
