{
  "generated_utc": "2025-12-15T21:36:46.863474+00:00",
  "evaluated_trades": 72,
  "resolved_trades": 52,
  "wins": 34,
  "losses": 18,
  "ambiguous": 0,
  "win_rate": 0.6538461538461539,
  "avg_validation_rr": 0.5613787471051291,
  "max_drawdown_rr": 4.782830496853123,
  "rule_based_performance": {
    "trades": 72,
    "resolved": 52,
    "wins": 34,
    "losses": 18,
    "ambiguous": 0,
    "win_rate": 0.6538461538461539,
    "avg_validation_rr": 0.5613787471051291,
    "max_drawdown_rr": 4.782830496853123
  },
  "assets": {
    "BTCUSD": {
      "trades": 27,
      "resolved": 26,
      "win_rate": 0.6923076923076923,
      "avg_validation_rr": 1.1102167220719885
    },
    "EURUSD": {
      "trades": 11,
      "resolved": 10,
      "win_rate": 0.7,
      "avg_validation_rr": 0.01644668065620488
    },
    "GOLD_CFD": {
      "trades": 16,
      "resolved": 3,
      "win_rate": 0.6666666666666666,
      "avg_validation_rr": -0.32543322000340297
    },
    "USOIL": {
      "trades": 7,
      "resolved": 3,
      "win_rate": 1.0,
      "avg_validation_rr": 0.7945537954503116
    },
    "XAGUSD": {
      "trades": 11,
      "resolved": 10,
      "win_rate": 0.4,
      "avg_validation_rr": -0.12457684573077579
    }
  }
}
