{
  "generated_utc": "2025-12-17T20:59:40.899034+00:00",
  "evaluated_trades": 213,
  "resolved_trades": 163,
  "wins": 81,
  "losses": 82,
  "ambiguous": 0,
  "win_rate": 0.49693251533742333,
  "avg_validation_rr": 0.33020740815234334,
  "max_drawdown_rr": 4.378695577890916,
  "rule_based_performance": {
    "trades": 213,
    "resolved": 163,
    "wins": 81,
    "losses": 82,
    "ambiguous": 0,
    "win_rate": 0.49693251533742333,
    "avg_validation_rr": 0.33020740815234334,
    "max_drawdown_rr": 4.378695577890916
  },
  "assets": {
    "BTCUSD": {
      "trades": 55,
      "resolved": 37,
      "win_rate": 0.21621621621621623,
      "avg_validation_rr": -0.47238646705185566
    },
    "EURUSD": {
      "trades": 47,
      "resolved": 42,
      "win_rate": 0.19047619047619047,
      "avg_validation_rr": -0.06505489547469699
    },
    "GOLD_CFD": {
      "trades": 30,
      "resolved": 15,
      "win_rate": 1.0,
      "avg_validation_rr": 0.7156198008273055
    },
    "NVDA": {
      "trades": 4,
      "resolved": 4,
      "win_rate": 0.5,
      "avg_validation_rr": 0.40249999999999553
    },
    "USOIL": {
      "trades": 16,
      "resolved": 9,
      "win_rate": 0.0,
      "avg_validation_rr": -0.8248405118149473
    },
    "XAGUSD": {
      "trades": 61,
      "resolved": 56,
      "win_rate": 0.8571428571428571,
      "avg_validation_rr": 1.234172857385944
    }
  }
}
