{
  "generated_utc": "2025-12-19T16:01:29.703317+00:00",
  "evaluated_trades": 328,
  "resolved_trades": 150,
  "wins": 83,
  "losses": 67,
  "ambiguous": 0,
  "win_rate": 0.5533333333333333,
  "avg_validation_rr": 0.20871476414996082,
  "max_drawdown_rr": 19.395729130542698,
  "rule_based_performance": {
    "trades": 328,
    "resolved": 150,
    "wins": 83,
    "losses": 67,
    "ambiguous": 0,
    "win_rate": 0.5533333333333333,
    "avg_validation_rr": 0.20871476414996082,
    "max_drawdown_rr": 19.395729130542698
  },
  "assets": {
    "BTCUSD": {
      "trades": 73,
      "resolved": 24,
      "win_rate": 0.3333333333333333,
      "avg_validation_rr": 0.04627253061468869
    },
    "EURUSD": {
      "trades": 61,
      "resolved": 19,
      "win_rate": 0.15789473684210525,
      "avg_validation_rr": -0.1596658213321537
    },
    "GOLD_CFD": {
      "trades": 53,
      "resolved": 28,
      "win_rate": 0.9642857142857143,
      "avg_validation_rr": 0.3324224021613991
    },
    "NVDA": {
      "trades": 7,
      "resolved": 4,
      "win_rate": 0.25,
      "avg_validation_rr": -0.4698759031024214
    },
    "USOIL": {
      "trades": 34,
      "resolved": 21,
      "win_rate": 0.42857142857142855,
      "avg_validation_rr": -0.3023610291223149
    },
    "XAGUSD": {
      "trades": 100,
      "resolved": 54,
      "win_rate": 0.6481481481481481,
      "avg_validation_rr": 0.5953996751205856
    }
  }
}
