{
  "generated_utc": "2025-12-18T02:49:20.920562+00:00",
  "evaluated_trades": 229,
  "resolved_trades": 155,
  "wins": 71,
  "losses": 84,
  "ambiguous": 0,
  "win_rate": 0.45806451612903226,
  "avg_validation_rr": 0.2399406520963072,
  "max_drawdown_rr": 14.107300584584223,
  "rule_based_performance": {
    "trades": 229,
    "resolved": 155,
    "wins": 71,
    "losses": 84,
    "ambiguous": 0,
    "win_rate": 0.45806451612903226,
    "avg_validation_rr": 0.2399406520963072,
    "max_drawdown_rr": 14.107300584584223
  },
  "assets": {
    "BTCUSD": {
      "trades": 57,
      "resolved": 30,
      "win_rate": 0.3333333333333333,
      "avg_validation_rr": -0.30735564682614724
    },
    "EURUSD": {
      "trades": 52,
      "resolved": 41,
      "win_rate": 0.12195121951219512,
      "avg_validation_rr": -0.08611789632637865
    },
    "GOLD_CFD": {
      "trades": 33,
      "resolved": 17,
      "win_rate": 0.6470588235294118,
      "avg_validation_rr": 0.4160346733553501
    },
    "NVDA": {
      "trades": 4,
      "resolved": 4,
      "win_rate": 0.5,
      "avg_validation_rr": 0.40249999999999553
    },
    "USOIL": {
      "trades": 17,
      "resolved": 9,
      "win_rate": 0.1111111111111111,
      "avg_validation_rr": -0.8593225316854921
    },
    "XAGUSD": {
      "trades": 66,
      "resolved": 54,
      "win_rate": 0.7777777777777778,
      "avg_validation_rr": 0.9072892142078156
    }
  }
}
