{
  "generated_utc": "2025-12-19T09:48:22.035088+00:00",
  "evaluated_trades": 315,
  "resolved_trades": 155,
  "wins": 74,
  "losses": 81,
  "ambiguous": 0,
  "win_rate": 0.4774193548387097,
  "avg_validation_rr": 0.01825047643455646,
  "max_drawdown_rr": 28.892274977342847,
  "rule_based_performance": {
    "trades": 315,
    "resolved": 155,
    "wins": 74,
    "losses": 81,
    "ambiguous": 0,
    "win_rate": 0.4774193548387097,
    "avg_validation_rr": 0.01825047643455646,
    "max_drawdown_rr": 28.892274977342847
  },
  "assets": {
    "BTCUSD": {
      "trades": 72,
      "resolved": 27,
      "win_rate": 0.2962962962962963,
      "avg_validation_rr": -0.1598885779282256
    },
    "EURUSD": {
      "trades": 58,
      "resolved": 18,
      "win_rate": 0.16666666666666666,
      "avg_validation_rr": -0.16290228857096054
    },
    "GOLD_CFD": {
      "trades": 49,
      "resolved": 25,
      "win_rate": 0.36,
      "avg_validation_rr": -0.03894113124742664
    },
    "NVDA": {
      "trades": 7,
      "resolved": 7,
      "win_rate": 1.0,
      "avg_validation_rr": 1.252776070402028
    },
    "USOIL": {
      "trades": 33,
      "resolved": 22,
      "win_rate": 0.9090909090909091,
      "avg_validation_rr": 0.5513768993497117
    },
    "XAGUSD": {
      "trades": 96,
      "resolved": 56,
      "win_rate": 0.48214285714285715,
      "avg_validation_rr": -0.17585963127904564
    }
  }
}
