{
  "generated_utc": "2025-12-19T01:45:05.194650+00:00",
  "evaluated_trades": 294,
  "resolved_trades": 147,
  "wins": 53,
  "losses": 94,
  "ambiguous": 0,
  "win_rate": 0.36054421768707484,
  "avg_validation_rr": -0.05711522570797995,
  "max_drawdown_rr": 16.500412055923526,
  "rule_based_performance": {
    "trades": 294,
    "resolved": 147,
    "wins": 53,
    "losses": 94,
    "ambiguous": 0,
    "win_rate": 0.36054421768707484,
    "avg_validation_rr": -0.05711522570797995,
    "max_drawdown_rr": 16.500412055923526
  },
  "assets": {
    "BTCUSD": {
      "trades": 67,
      "resolved": 24,
      "win_rate": 0.7083333333333334,
      "avg_validation_rr": 0.787309547989229
    },
    "EURUSD": {
      "trades": 58,
      "resolved": 19,
      "win_rate": 0.21052631578947367,
      "avg_validation_rr": -0.10271392900261586
    },
    "GOLD_CFD": {
      "trades": 44,
      "resolved": 21,
      "win_rate": 0.14285714285714285,
      "avg_validation_rr": -0.3166288250509456
    },
    "NVDA": {
      "trades": 7,
      "resolved": 7,
      "win_rate": 1.0,
      "avg_validation_rr": 1.252776070402028
    },
    "USOIL": {
      "trades": 27,
      "resolved": 19,
      "win_rate": 0.7368421052631579,
      "avg_validation_rr": 0.2530049425138021
    },
    "XAGUSD": {
      "trades": 91,
      "resolved": 57,
      "win_rate": 0.14035087719298245,
      "avg_validation_rr": -0.5660898904258145
    }
  }
}
