{
  "generated_utc": "2025-12-17T10:32:07.630626+00:00",
  "evaluated_trades": 177,
  "resolved_trades": 142,
  "wins": 66,
  "losses": 76,
  "ambiguous": 0,
  "win_rate": 0.4647887323943662,
  "avg_validation_rr": 0.26323887600328977,
  "max_drawdown_rr": 5.0,
  "rule_based_performance": {
    "trades": 177,
    "resolved": 142,
    "wins": 66,
    "losses": 76,
    "ambiguous": 0,
    "win_rate": 0.4647887323943662,
    "avg_validation_rr": 0.26323887600328977,
    "max_drawdown_rr": 5.0
  },
  "assets": {
    "BTCUSD": {
      "trades": 48,
      "resolved": 30,
      "win_rate": 0.23333333333333334,
      "avg_validation_rr": -0.49455008153187874
    },
    "EURUSD": {
      "trades": 41,
      "resolved": 41,
      "win_rate": 0.12195121951219512,
      "avg_validation_rr": -0.24917362378354127
    },
    "GOLD_CFD": {
      "trades": 25,
      "resolved": 12,
      "win_rate": 0.8333333333333334,
      "avg_validation_rr": 0.3309849935227071
    },
    "NVDA": {
      "trades": 4,
      "resolved": 4,
      "win_rate": 0.25,
      "avg_validation_rr": -0.2780254562964791
    },
    "USOIL": {
      "trades": 13,
      "resolved": 9,
      "win_rate": 0.3333333333333333,
      "avg_validation_rr": -0.1791407198527398
    },
    "XAGUSD": {
      "trades": 46,
      "resolved": 46,
      "win_rate": 0.8695652173913043,
      "avg_validation_rr": 1.3301106477203652
    }
  }
}
