{
  "generated_utc": "2025-12-16T11:02:16.400264+00:00",
  "evaluated_trades": 118,
  "resolved_trades": 98,
  "wins": 48,
  "losses": 50,
  "ambiguous": 0,
  "win_rate": 0.4897959183673469,
  "avg_validation_rr": 0.05058135287639244,
  "max_drawdown_rr": 22.537163619226853,
  "rule_based_performance": {
    "trades": 118,
    "resolved": 98,
    "wins": 48,
    "losses": 50,
    "ambiguous": 0,
    "win_rate": 0.4897959183673469,
    "avg_validation_rr": 0.05058135287639244,
    "max_drawdown_rr": 22.537163619226853
  },
  "assets": {
    "BTCUSD": {
      "trades": 38,
      "resolved": 35,
      "win_rate": 0.42857142857142855,
      "avg_validation_rr": 0.31613349217368814
    },
    "EURUSD": {
      "trades": 28,
      "resolved": 28,
      "win_rate": 0.8214285714285714,
      "avg_validation_rr": 0.03131364139449415
    },
    "GOLD_CFD": {
      "trades": 22,
      "resolved": 9,
      "win_rate": 0.0,
      "avg_validation_rr": -0.560826543701737
    },
    "USOIL": {
      "trades": 7,
      "resolved": 3,
      "win_rate": 1.0,
      "avg_validation_rr": 2.0
    },
    "XAGUSD": {
      "trades": 23,
      "resolved": 23,
      "win_rate": 0.30434782608695654,
      "avg_validation_rr": -0.34508881347490566
    }
  }
}
