{
  "generated_utc": "2025-12-19T01:05:02.098109+00:00",
  "evaluated_trades": 293,
  "resolved_trades": 149,
  "wins": 63,
  "losses": 86,
  "ambiguous": 0,
  "win_rate": 0.4228187919463087,
  "avg_validation_rr": 0.05354605001810367,
  "max_drawdown_rr": 10.724884915208916,
  "rule_based_performance": {
    "trades": 293,
    "resolved": 149,
    "wins": 63,
    "losses": 86,
    "ambiguous": 0,
    "win_rate": 0.4228187919463087,
    "avg_validation_rr": 0.05354605001810367,
    "max_drawdown_rr": 10.724884915208916
  },
  "assets": {
    "BTCUSD": {
      "trades": 67,
      "resolved": 23,
      "win_rate": 0.6956521739130435,
      "avg_validation_rr": 0.7601270481933513
    },
    "EURUSD": {
      "trades": 58,
      "resolved": 21,
      "win_rate": 0.23809523809523808,
      "avg_validation_rr": -0.09191323077747275
    },
    "GOLD_CFD": {
      "trades": 44,
      "resolved": 22,
      "win_rate": 0.2727272727272727,
      "avg_validation_rr": -0.038252266068591396
    },
    "NVDA": {
      "trades": 7,
      "resolved": 7,
      "win_rate": 1.0,
      "avg_validation_rr": 1.252776070402028
    },
    "USOIL": {
      "trades": 27,
      "resolved": 19,
      "win_rate": 0.7368421052631579,
      "avg_validation_rr": 0.3373388641458698
    },
    "XAGUSD": {
      "trades": 90,
      "resolved": 57,
      "win_rate": 0.2631578947368421,
      "avg_validation_rr": -0.3844158573245511
    }
  }
}
