{
  "generated_utc": "2025-12-17T17:11:18.284266+00:00",
  "evaluated_trades": 193,
  "resolved_trades": 153,
  "wins": 77,
  "losses": 76,
  "ambiguous": 0,
  "win_rate": 0.5032679738562091,
  "avg_validation_rr": 0.34040896796792747,
  "max_drawdown_rr": 9.431076511429652,
  "rule_based_performance": {
    "trades": 193,
    "resolved": 153,
    "wins": 77,
    "losses": 76,
    "ambiguous": 0,
    "win_rate": 0.5032679738562091,
    "avg_validation_rr": 0.34040896796792747,
    "max_drawdown_rr": 9.431076511429652
  },
  "assets": {
    "BTCUSD": {
      "trades": 51,
      "resolved": 34,
      "win_rate": 0.23529411764705882,
      "avg_validation_rr": -0.3617624802750205
    },
    "EURUSD": {
      "trades": 42,
      "resolved": 41,
      "win_rate": 0.2682926829268293,
      "avg_validation_rr": -0.014302900619962717
    },
    "GOLD_CFD": {
      "trades": 27,
      "resolved": 13,
      "win_rate": 1.0,
      "avg_validation_rr": 0.5835760093851091
    },
    "NVDA": {
      "trades": 4,
      "resolved": 4,
      "win_rate": 0.5,
      "avg_validation_rr": 0.40249999999999553
    },
    "USOIL": {
      "trades": 14,
      "resolved": 9,
      "win_rate": 0.4444444444444444,
      "avg_validation_rr": -0.008541683893969611
    },
    "XAGUSD": {
      "trades": 55,
      "resolved": 52,
      "win_rate": 0.75,
      "avg_validation_rr": 1.07402504590195
    }
  }
}
