{
  "generated_utc": "2025-12-17T05:23:00.107427+00:00",
  "evaluated_trades": 164,
  "resolved_trades": 135,
  "wins": 63,
  "losses": 72,
  "ambiguous": 0,
  "win_rate": 0.4666666666666667,
  "avg_validation_rr": 0.43575879024757497,
  "max_drawdown_rr": 4.340747847919658,
  "rule_based_performance": {
    "trades": 164,
    "resolved": 135,
    "wins": 63,
    "losses": 72,
    "ambiguous": 0,
    "win_rate": 0.4666666666666667,
    "avg_validation_rr": 0.43575879024757497,
    "max_drawdown_rr": 4.340747847919658
  },
  "assets": {
    "BTCUSD": {
      "trades": 45,
      "resolved": 33,
      "win_rate": 0.30303030303030304,
      "avg_validation_rr": -0.1772257611340538
    },
    "EURUSD": {
      "trades": 40,
      "resolved": 40,
      "win_rate": 0.1,
      "avg_validation_rr": -0.15546421403825317
    },
    "GOLD_CFD": {
      "trades": 24,
      "resolved": 11,
      "win_rate": 0.9090909090909091,
      "avg_validation_rr": 0.6483272693159328
    },
    "NVDA": {
      "trades": 4,
      "resolved": 4,
      "win_rate": 0.25,
      "avg_validation_rr": -0.2780254562964791
    },
    "USOIL": {
      "trades": 11,
      "resolved": 7,
      "win_rate": 0.42857142857142855,
      "avg_validation_rr": 0.48434759366636637
    },
    "XAGUSD": {
      "trades": 40,
      "resolved": 40,
      "win_rate": 0.875,
      "avg_validation_rr": 1.537113101735565
    }
  }
}
