{
  "generated_utc": "2025-12-16T04:55:37.676915+00:00",
  "evaluated_trades": 91,
  "resolved_trades": 73,
  "wins": 42,
  "losses": 31,
  "ambiguous": 0,
  "win_rate": 0.5753424657534246,
  "avg_validation_rr": 0.3286067060321173,
  "max_drawdown_rr": 7.112785324256038,
  "rule_based_performance": {
    "trades": 91,
    "resolved": 73,
    "wins": 42,
    "losses": 31,
    "ambiguous": 0,
    "win_rate": 0.5753424657534246,
    "avg_validation_rr": 0.3286067060321173,
    "max_drawdown_rr": 7.112785324256038
  },
  "assets": {
    "BTCUSD": {
      "trades": 33,
      "resolved": 32,
      "win_rate": 0.84375,
      "avg_validation_rr": 0.9892716728584704
    },
    "EURUSD": {
      "trades": 16,
      "resolved": 16,
      "win_rate": 0.5625,
      "avg_validation_rr": 0.012887553629607773
    },
    "GOLD_CFD": {
      "trades": 19,
      "resolved": 6,
      "win_rate": 0.0,
      "avg_validation_rr": -0.4880489438307803
    },
    "USOIL": {
      "trades": 7,
      "resolved": 3,
      "win_rate": 1.0,
      "avg_validation_rr": 1.1072504254468725
    },
    "XAGUSD": {
      "trades": 16,
      "resolved": 16,
      "win_rate": 0.1875,
      "avg_validation_rr": -0.5167539039097597
    }
  }
}
