{
  "generated_utc": "2025-12-19T11:34:45.177728+00:00",
  "evaluated_trades": 319,
  "resolved_trades": 156,
  "wins": 64,
  "losses": 92,
  "ambiguous": 0,
  "win_rate": 0.41025641025641024,
  "avg_validation_rr": -0.03475327035531775,
  "max_drawdown_rr": 31.658464203787148,
  "rule_based_performance": {
    "trades": 319,
    "resolved": 156,
    "wins": 64,
    "losses": 92,
    "ambiguous": 0,
    "win_rate": 0.41025641025641024,
    "avg_validation_rr": -0.03475327035531775,
    "max_drawdown_rr": 31.658464203787148
  },
  "assets": {
    "BTCUSD": {
      "trades": 72,
      "resolved": 27,
      "win_rate": 0.3333333333333333,
      "avg_validation_rr": -0.08273519417977937
    },
    "EURUSD": {
      "trades": 58,
      "resolved": 18,
      "win_rate": 0.16666666666666666,
      "avg_validation_rr": -0.16659151564802951
    },
    "GOLD_CFD": {
      "trades": 52,
      "resolved": 28,
      "win_rate": 0.2857142857142857,
      "avg_validation_rr": -0.09120180341676472
    },
    "NVDA": {
      "trades": 7,
      "resolved": 7,
      "win_rate": 1.0,
      "avg_validation_rr": 1.252776070402028
    },
    "USOIL": {
      "trades": 34,
      "resolved": 22,
      "win_rate": 0.4090909090909091,
      "avg_validation_rr": -0.23800583806356546
    },
    "XAGUSD": {
      "trades": 96,
      "resolved": 54,
      "win_rate": 0.5185185185185185,
      "avg_validation_rr": -0.021641966864024823
    }
  }
}
