{
  "generated_utc": "2025-12-16T00:38:05.450888+00:00",
  "evaluated_trades": 81,
  "resolved_trades": 63,
  "wins": 45,
  "losses": 18,
  "ambiguous": 0,
  "win_rate": 0.7142857142857143,
  "avg_validation_rr": 0.5395265975440355,
  "max_drawdown_rr": 2.0,
  "rule_based_performance": {
    "trades": 81,
    "resolved": 63,
    "wins": 45,
    "losses": 18,
    "ambiguous": 0,
    "win_rate": 0.7142857142857143,
    "avg_validation_rr": 0.5395265975440355,
    "max_drawdown_rr": 2.0
  },
  "assets": {
    "BTCUSD": {
      "trades": 29,
      "resolved": 29,
      "win_rate": 0.7241379310344828,
      "avg_validation_rr": 1.0074579647917212
    },
    "EURUSD": {
      "trades": 14,
      "resolved": 14,
      "win_rate": 0.6428571428571429,
      "avg_validation_rr": 0.024149668304508664
    },
    "GOLD_CFD": {
      "trades": 18,
      "resolved": 5,
      "win_rate": 0.8,
      "avg_validation_rr": -0.07761539962578079
    },
    "USOIL": {
      "trades": 7,
      "resolved": 3,
      "win_rate": 1.0,
      "avg_validation_rr": 0.7945537954503116
    },
    "XAGUSD": {
      "trades": 13,
      "resolved": 12,
      "win_rate": 0.6666666666666666,
      "avg_validation_rr": 0.2033512434857642
    }
  }
}
