{
  "generated_utc": "2025-12-17T07:28:43.979853+00:00",
  "evaluated_trades": 168,
  "resolved_trades": 137,
  "wins": 64,
  "losses": 73,
  "ambiguous": 0,
  "win_rate": 0.46715328467153283,
  "avg_validation_rr": 0.31183306393341603,
  "max_drawdown_rr": 4.4304160688665775,
  "rule_based_performance": {
    "trades": 168,
    "resolved": 137,
    "wins": 64,
    "losses": 73,
    "ambiguous": 0,
    "win_rate": 0.46715328467153283,
    "avg_validation_rr": 0.31183306393341603,
    "max_drawdown_rr": 4.4304160688665775
  },
  "assets": {
    "BTCUSD": {
      "trades": 46,
      "resolved": 32,
      "win_rate": 0.3125,
      "avg_validation_rr": -0.29954085424707866
    },
    "EURUSD": {
      "trades": 40,
      "resolved": 40,
      "win_rate": 0.1,
      "avg_validation_rr": -0.3249378349014516
    },
    "GOLD_CFD": {
      "trades": 24,
      "resolved": 11,
      "win_rate": 0.9090909090909091,
      "avg_validation_rr": 0.37096852638374733
    },
    "NVDA": {
      "trades": 4,
      "resolved": 4,
      "win_rate": 0.25,
      "avg_validation_rr": -0.2780254562964791
    },
    "USOIL": {
      "trades": 12,
      "resolved": 8,
      "win_rate": 0.375,
      "avg_validation_rr": 0.30995356480283426
    },
    "XAGUSD": {
      "trades": 42,
      "resolved": 42,
      "win_rate": 0.8571428571428571,
      "avg_validation_rr": 1.4251373811282044
    }
  }
}
