{
  "generated_utc": "2025-12-19T04:40:21.582936+00:00",
  "evaluated_trades": 302,
  "resolved_trades": 152,
  "wins": 41,
  "losses": 111,
  "ambiguous": 0,
  "win_rate": 0.26973684210526316,
  "avg_validation_rr": -0.2341348840735041,
  "max_drawdown_rr": 42.91763907983622,
  "rule_based_performance": {
    "trades": 302,
    "resolved": 152,
    "wins": 41,
    "losses": 111,
    "ambiguous": 0,
    "win_rate": 0.26973684210526316,
    "avg_validation_rr": -0.2341348840735041,
    "max_drawdown_rr": 42.91763907983622
  },
  "assets": {
    "BTCUSD": {
      "trades": 70,
      "resolved": 27,
      "win_rate": 0.25925925925925924,
      "avg_validation_rr": -0.205910743805716
    },
    "EURUSD": {
      "trades": 58,
      "resolved": 19,
      "win_rate": 0.15789473684210525,
      "avg_validation_rr": -0.13074020025448627
    },
    "GOLD_CFD": {
      "trades": 46,
      "resolved": 23,
      "win_rate": 0.08695652173913043,
      "avg_validation_rr": -0.2804390256534976
    },
    "NVDA": {
      "trades": 7,
      "resolved": 7,
      "win_rate": 1.0,
      "avg_validation_rr": 1.252776070402028
    },
    "USOIL": {
      "trades": 29,
      "resolved": 19,
      "win_rate": 0.7368421052631579,
      "avg_validation_rr": 0.3308145823795218
    },
    "XAGUSD": {
      "trades": 92,
      "resolved": 57,
      "win_rate": 0.14035087719298245,
      "avg_validation_rr": -0.6342045694662758
    }
  }
}
