{
  "generated_utc": "2025-12-19T07:24:53.066798+00:00",
  "evaluated_trades": 308,
  "resolved_trades": 151,
  "wins": 44,
  "losses": 107,
  "ambiguous": 0,
  "win_rate": 0.2913907284768212,
  "avg_validation_rr": -0.2408604733335354,
  "max_drawdown_rr": 43.793608086934604,
  "rule_based_performance": {
    "trades": 308,
    "resolved": 151,
    "wins": 44,
    "losses": 107,
    "ambiguous": 0,
    "win_rate": 0.2913907284768212,
    "avg_validation_rr": -0.2408604733335354,
    "max_drawdown_rr": 43.793608086934604
  },
  "assets": {
    "BTCUSD": {
      "trades": 71,
      "resolved": 26,
      "win_rate": 0.15384615384615385,
      "avg_validation_rr": -0.49230769230769295
    },
    "EURUSD": {
      "trades": 58,
      "resolved": 19,
      "win_rate": 0.15789473684210525,
      "avg_validation_rr": -0.15082929052493976
    },
    "GOLD_CFD": {
      "trades": 47,
      "resolved": 23,
      "win_rate": 0.2608695652173913,
      "avg_validation_rr": -0.10899288694244497
    },
    "NVDA": {
      "trades": 7,
      "resolved": 7,
      "win_rate": 1.0,
      "avg_validation_rr": 1.252776070402028
    },
    "USOIL": {
      "trades": 31,
      "resolved": 19,
      "win_rate": 0.8421052631578947,
      "avg_validation_rr": 0.3920618799521034
    },
    "XAGUSD": {
      "trades": 94,
      "resolved": 57,
      "win_rate": 0.14035087719298245,
      "avg_validation_rr": -0.6037885397476827
    }
  }
}
