{
  "generated_utc": "2025-12-19T12:01:38.279833+00:00",
  "evaluated_trades": 319,
  "resolved_trades": 156,
  "wins": 67,
  "losses": 89,
  "ambiguous": 0,
  "win_rate": 0.42948717948717946,
  "avg_validation_rr": -0.022974955503084458,
  "max_drawdown_rr": 29.432108008575103,
  "rule_based_performance": {
    "trades": 319,
    "resolved": 156,
    "wins": 67,
    "losses": 89,
    "ambiguous": 0,
    "win_rate": 0.42948717948717946,
    "avg_validation_rr": -0.022974955503084458,
    "max_drawdown_rr": 29.432108008575103
  },
  "assets": {
    "BTCUSD": {
      "trades": 72,
      "resolved": 27,
      "win_rate": 0.3333333333333333,
      "avg_validation_rr": -0.13311618333116662
    },
    "EURUSD": {
      "trades": 58,
      "resolved": 18,
      "win_rate": 0.16666666666666666,
      "avg_validation_rr": -0.16148096992837688
    },
    "GOLD_CFD": {
      "trades": 52,
      "resolved": 28,
      "win_rate": 0.39285714285714285,
      "avg_validation_rr": -0.06469117337363418
    },
    "NVDA": {
      "trades": 7,
      "resolved": 7,
      "win_rate": 1.0,
      "avg_validation_rr": 1.252776070402028
    },
    "USOIL": {
      "trades": 34,
      "resolved": 22,
      "win_rate": 0.4090909090909091,
      "avg_validation_rr": -0.25340175159212114
    },
    "XAGUSD": {
      "trades": 96,
      "resolved": 54,
      "win_rate": 0.5185185185185185,
      "avg_validation_rr": 0.028397411978617223
    }
  }
}
