{
  "generated_utc": "2025-12-17T04:29:20.047864+00:00",
  "evaluated_trades": 164,
  "resolved_trades": 135,
  "wins": 64,
  "losses": 71,
  "ambiguous": 0,
  "win_rate": 0.4740740740740741,
  "avg_validation_rr": 0.4354941471881913,
  "max_drawdown_rr": 4.067279277131014,
  "rule_based_performance": {
    "trades": 164,
    "resolved": 135,
    "wins": 64,
    "losses": 71,
    "ambiguous": 0,
    "win_rate": 0.4740740740740741,
    "avg_validation_rr": 0.4354941471881913,
    "max_drawdown_rr": 4.067279277131014
  },
  "assets": {
    "BTCUSD": {
      "trades": 45,
      "resolved": 33,
      "win_rate": 0.30303030303030304,
      "avg_validation_rr": -0.12321593328087245
    },
    "EURUSD": {
      "trades": 40,
      "resolved": 40,
      "win_rate": 0.1,
      "avg_validation_rr": -0.1350457055005197
    },
    "GOLD_CFD": {
      "trades": 24,
      "resolved": 11,
      "win_rate": 0.9090909090909091,
      "avg_validation_rr": 0.41785145164598136
    },
    "NVDA": {
      "trades": 4,
      "resolved": 4,
      "win_rate": 0.25,
      "avg_validation_rr": -0.2780254562964791
    },
    "USOIL": {
      "trades": 11,
      "resolved": 7,
      "win_rate": 0.5714285714285714,
      "avg_validation_rr": 0.6474386497613797
    },
    "XAGUSD": {
      "trades": 40,
      "resolved": 40,
      "win_rate": 0.875,
      "avg_validation_rr": 1.5060832299361466
    }
  }
}
