{
  "generated_utc": "2025-12-15T14:53:26.728521+00:00",
  "evaluated_trades": 42,
  "resolved_trades": 24,
  "wins": 13,
  "losses": 11,
  "ambiguous": 0,
  "win_rate": 0.5416666666666666,
  "avg_validation_rr": 0.07375020633506241,
  "max_drawdown_rr": 5.651200593659178,
  "rule_based_performance": {
    "trades": 42,
    "resolved": 24,
    "wins": 13,
    "losses": 11,
    "ambiguous": 0,
    "win_rate": 0.5416666666666666,
    "avg_validation_rr": 0.07375020633506241,
    "max_drawdown_rr": 5.651200593659178
  },
  "assets": {
    "BTCUSD": {
      "trades": 17,
      "resolved": 17,
      "win_rate": 0.5294117647058824,
      "avg_validation_rr": 0.07795512568566423
    },
    "EURUSD": {
      "trades": 1,
      "resolved": 1,
      "win_rate": 1.0,
      "avg_validation_rr": 0.11152542950059852
    },
    "GOLD_CFD": {
      "trades": 14,
      "resolved": 1,
      "win_rate": 0.0,
      "avg_validation_rr": -0.2639704286986644
    },
    "USOIL": {
      "trades": 6,
      "resolved": 2,
      "win_rate": 1.0,
      "avg_validation_rr": 0.3855171573000381
    },
    "XAGUSD": {
      "trades": 4,
      "resolved": 3,
      "win_rate": 0.3333333333333333,
      "avg_validation_rr": -0.05794050000560166
    }
  }
}
