{
  "generated_utc": "2025-12-18T10:58:53.983190+00:00",
  "evaluated_trades": 261,
  "resolved_trades": 169,
  "wins": 70,
  "losses": 99,
  "ambiguous": 0,
  "win_rate": 0.41420118343195267,
  "avg_validation_rr": 0.11385241950196152,
  "max_drawdown_rr": 18.044994047647474,
  "rule_based_performance": {
    "trades": 261,
    "resolved": 169,
    "wins": 70,
    "losses": 99,
    "ambiguous": 0,
    "win_rate": 0.41420118343195267,
    "avg_validation_rr": 0.11385241950196152,
    "max_drawdown_rr": 18.044994047647474
  },
  "assets": {
    "BTCUSD": {
      "trades": 60,
      "resolved": 27,
      "win_rate": 0.18518518518518517,
      "avg_validation_rr": -0.5674717074604653
    },
    "EURUSD": {
      "trades": 56,
      "resolved": 40,
      "win_rate": 0.1,
      "avg_validation_rr": -0.15577574105643005
    },
    "GOLD_CFD": {
      "trades": 40,
      "resolved": 21,
      "win_rate": 0.38095238095238093,
      "avg_validation_rr": 0.032676680767445995
    },
    "NVDA": {
      "trades": 4,
      "resolved": 4,
      "win_rate": 0.5,
      "avg_validation_rr": 0.40249999999999553
    },
    "USOIL": {
      "trades": 24,
      "resolved": 17,
      "win_rate": 0.6470588235294118,
      "avg_validation_rr": 0.09208438334092549
    },
    "XAGUSD": {
      "trades": 77,
      "resolved": 60,
      "win_rate": 0.6666666666666666,
      "avg_validation_rr": 0.6155363304434863
    }
  }
}
