{
  "generated_utc": "2025-12-16T01:08:17.754089+00:00",
  "evaluated_trades": 83,
  "resolved_trades": 65,
  "wins": 41,
  "losses": 23,
  "ambiguous": 1,
  "win_rate": 0.6307692307692307,
  "avg_validation_rr": 0.49325184242192754,
  "max_drawdown_rr": 2.005227572284312,
  "rule_based_performance": {
    "trades": 83,
    "resolved": 65,
    "wins": 41,
    "losses": 23,
    "ambiguous": 1,
    "win_rate": 0.6307692307692307,
    "avg_validation_rr": 0.49325184242192754,
    "max_drawdown_rr": 2.005227572284312
  },
  "assets": {
    "BTCUSD": {
      "trades": 31,
      "resolved": 30,
      "win_rate": 0.7333333333333333,
      "avg_validation_rr": 1.0291748767853524
    },
    "EURUSD": {
      "trades": 14,
      "resolved": 14,
      "win_rate": 0.5714285714285714,
      "avg_validation_rr": 0.00956040900089081
    },
    "GOLD_CFD": {
      "trades": 18,
      "resolved": 5,
      "win_rate": 0.4,
      "avg_validation_rr": -0.166705203957086
    },
    "USOIL": {
      "trades": 7,
      "resolved": 3,
      "win_rate": 1.0,
      "avg_validation_rr": 0.811922742019716
    },
    "XAGUSD": {
      "trades": 13,
      "resolved": 13,
      "win_rate": 0.46153846153846156,
      "avg_validation_rr": -0.042304959878574674
    }
  }
}
