{
  "generated_utc": "2025-12-19T10:30:14.203908+00:00",
  "evaluated_trades": 318,
  "resolved_trades": 157,
  "wins": 78,
  "losses": 79,
  "ambiguous": 0,
  "win_rate": 0.4968152866242038,
  "avg_validation_rr": 0.0412011739959898,
  "max_drawdown_rr": 29.650050305127458,
  "rule_based_performance": {
    "trades": 318,
    "resolved": 157,
    "wins": 78,
    "losses": 79,
    "ambiguous": 0,
    "win_rate": 0.4968152866242038,
    "avg_validation_rr": 0.0412011739959898,
    "max_drawdown_rr": 29.650050305127458
  },
  "assets": {
    "BTCUSD": {
      "trades": 72,
      "resolved": 27,
      "win_rate": 0.2962962962962963,
      "avg_validation_rr": -0.16022824329194363
    },
    "EURUSD": {
      "trades": 58,
      "resolved": 18,
      "win_rate": 0.16666666666666666,
      "avg_validation_rr": -0.1315262878005111
    },
    "GOLD_CFD": {
      "trades": 51,
      "resolved": 26,
      "win_rate": 0.38461538461538464,
      "avg_validation_rr": -0.04362256293912078
    },
    "NVDA": {
      "trades": 7,
      "resolved": 7,
      "win_rate": 1.0,
      "avg_validation_rr": 1.252776070402028
    },
    "USOIL": {
      "trades": 34,
      "resolved": 23,
      "win_rate": 0.9130434782608695,
      "avg_validation_rr": 0.4181378039530564
    },
    "XAGUSD": {
      "trades": 96,
      "resolved": 56,
      "win_rate": 0.5178571428571429,
      "avg_validation_rr": -0.0730392014402728
    }
  }
}
