{
  "generated_utc": "2025-12-18T14:30:00.287347+00:00",
  "evaluated_trades": 266,
  "resolved_trades": 153,
  "wins": 73,
  "losses": 80,
  "ambiguous": 0,
  "win_rate": 0.477124183006536,
  "avg_validation_rr": 0.1850819319975829,
  "max_drawdown_rr": 17.4657365584259,
  "rule_based_performance": {
    "trades": 266,
    "resolved": 153,
    "wins": 73,
    "losses": 80,
    "ambiguous": 0,
    "win_rate": 0.477124183006536,
    "avg_validation_rr": 0.1850819319975829,
    "max_drawdown_rr": 17.4657365584259
  },
  "assets": {
    "BTCUSD": {
      "trades": 62,
      "resolved": 24,
      "win_rate": 0.3333333333333333,
      "avg_validation_rr": -0.012491540680991823
    },
    "EURUSD": {
      "trades": 57,
      "resolved": 32,
      "win_rate": 0.15625,
      "avg_validation_rr": -0.08569105291112139
    },
    "GOLD_CFD": {
      "trades": 40,
      "resolved": 18,
      "win_rate": 0.6111111111111112,
      "avg_validation_rr": 0.11677374643829747
    },
    "NVDA": {
      "trades": 4,
      "resolved": 4,
      "win_rate": 1.0,
      "avg_validation_rr": 1.8049999999999975
    },
    "USOIL": {
      "trades": 24,
      "resolved": 17,
      "win_rate": 0.35294117647058826,
      "avg_validation_rr": -0.30888078351100945
    },
    "XAGUSD": {
      "trades": 79,
      "resolved": 58,
      "win_rate": 0.6724137931034483,
      "avg_validation_rr": 0.4704912439470291
    }
  }
}
