{
  "generated_utc": "2025-12-18T14:42:57.133029+00:00",
  "evaluated_trades": 267,
  "resolved_trades": 152,
  "wins": 69,
  "losses": 83,
  "ambiguous": 0,
  "win_rate": 0.45394736842105265,
  "avg_validation_rr": 0.1570950439789628,
  "max_drawdown_rr": 19.42287686951139,
  "rule_based_performance": {
    "trades": 267,
    "resolved": 152,
    "wins": 69,
    "losses": 83,
    "ambiguous": 0,
    "win_rate": 0.45394736842105265,
    "avg_validation_rr": 0.1570950439789628,
    "max_drawdown_rr": 19.42287686951139
  },
  "assets": {
    "BTCUSD": {
      "trades": 62,
      "resolved": 24,
      "win_rate": 0.375,
      "avg_validation_rr": 0.026606659925841953
    },
    "EURUSD": {
      "trades": 57,
      "resolved": 31,
      "win_rate": 0.16129032258064516,
      "avg_validation_rr": -0.0784373801730274
    },
    "GOLD_CFD": {
      "trades": 41,
      "resolved": 18,
      "win_rate": 0.5555555555555556,
      "avg_validation_rr": 0.07605658940863111
    },
    "NVDA": {
      "trades": 4,
      "resolved": 4,
      "win_rate": 1.0,
      "avg_validation_rr": 1.8049999999999975
    },
    "USOIL": {
      "trades": 24,
      "resolved": 17,
      "win_rate": 0.35294117647058826,
      "avg_validation_rr": -0.2994587392112398
    },
    "XAGUSD": {
      "trades": 79,
      "resolved": 58,
      "win_rate": 0.603448275862069,
      "avg_validation_rr": 0.38229699291692626
    }
  }
}
