{
  "generated_utc": "2025-12-16T14:29:55.829556+00:00",
  "evaluated_trades": 125,
  "resolved_trades": 104,
  "wins": 68,
  "losses": 36,
  "ambiguous": 0,
  "win_rate": 0.6538461538461539,
  "avg_validation_rr": 0.3065564704596829,
  "max_drawdown_rr": 11.758232487437574,
  "rule_based_performance": {
    "trades": 125,
    "resolved": 104,
    "wins": 68,
    "losses": 36,
    "ambiguous": 0,
    "win_rate": 0.6538461538461539,
    "avg_validation_rr": 0.3065564704596829,
    "max_drawdown_rr": 11.758232487437574
  },
  "assets": {
    "BTCUSD": {
      "trades": 40,
      "resolved": 36,
      "win_rate": 0.4444444444444444,
      "avg_validation_rr": 0.34285236996253715
    },
    "EURUSD": {
      "trades": 31,
      "resolved": 31,
      "win_rate": 0.8709677419354839,
      "avg_validation_rr": 0.1622660701564447
    },
    "GOLD_CFD": {
      "trades": 22,
      "resolved": 9,
      "win_rate": 0.8888888888888888,
      "avg_validation_rr": 0.4736936316031405
    },
    "USOIL": {
      "trades": 8,
      "resolved": 4,
      "win_rate": 1.0,
      "avg_validation_rr": 1.6388879928315414
    },
    "XAGUSD": {
      "trades": 24,
      "resolved": 24,
      "win_rate": 0.5416666666666666,
      "avg_validation_rr": 0.15375603243964445
    }
  }
}
