{
  "generated_utc": "2025-12-18T15:02:52.933468+00:00",
  "evaluated_trades": 267,
  "resolved_trades": 153,
  "wins": 45,
  "losses": 108,
  "ambiguous": 0,
  "win_rate": 0.29411764705882354,
  "avg_validation_rr": -0.044057632141022034,
  "max_drawdown_rr": 39.071787547574196,
  "rule_based_performance": {
    "trades": 267,
    "resolved": 153,
    "wins": 45,
    "losses": 108,
    "ambiguous": 0,
    "win_rate": 0.29411764705882354,
    "avg_validation_rr": -0.044057632141022034,
    "max_drawdown_rr": 39.071787547574196
  },
  "assets": {
    "BTCUSD": {
      "trades": 62,
      "resolved": 24,
      "win_rate": 0.375,
      "avg_validation_rr": 0.026096157661978942
    },
    "EURUSD": {
      "trades": 57,
      "resolved": 31,
      "win_rate": 0.16129032258064516,
      "avg_validation_rr": -0.08689470866201382
    },
    "GOLD_CFD": {
      "trades": 41,
      "resolved": 19,
      "win_rate": 0.3157894736842105,
      "avg_validation_rr": -0.1526815478159151
    },
    "NVDA": {
      "trades": 4,
      "resolved": 4,
      "win_rate": 1.0,
      "avg_validation_rr": 1.8049999999999975
    },
    "USOIL": {
      "trades": 24,
      "resolved": 17,
      "win_rate": 0.17647058823529413,
      "avg_validation_rr": -0.3465774422462566
    },
    "XAGUSD": {
      "trades": 79,
      "resolved": 58,
      "win_rate": 0.3103448275862069,
      "avg_validation_rr": -0.053459027694011736
    }
  }
}
