{
  "generated_utc": "2025-12-18T01:54:20.040630+00:00",
  "evaluated_trades": 225,
  "resolved_trades": 161,
  "wins": 78,
  "losses": 83,
  "ambiguous": 0,
  "win_rate": 0.484472049689441,
  "avg_validation_rr": 0.25527698377722596,
  "max_drawdown_rr": 11.670238222441675,
  "rule_based_performance": {
    "trades": 225,
    "resolved": 161,
    "wins": 78,
    "losses": 83,
    "ambiguous": 0,
    "win_rate": 0.484472049689441,
    "avg_validation_rr": 0.25527698377722596,
    "max_drawdown_rr": 11.670238222441675
  },
  "assets": {
    "BTCUSD": {
      "trades": 56,
      "resolved": 32,
      "win_rate": 0.46875,
      "avg_validation_rr": 0.0197321024647151
    },
    "EURUSD": {
      "trades": 52,
      "resolved": 42,
      "win_rate": 0.11904761904761904,
      "avg_validation_rr": -0.09278012003557704
    },
    "GOLD_CFD": {
      "trades": 33,
      "resolved": 19,
      "win_rate": 0.6842105263157895,
      "avg_validation_rr": 0.3114464166420204
    },
    "NVDA": {
      "trades": 4,
      "resolved": 4,
      "win_rate": 0.5,
      "avg_validation_rr": 0.40249999999999553
    },
    "USOIL": {
      "trades": 16,
      "resolved": 9,
      "win_rate": 0.0,
      "avg_validation_rr": -0.9578777127313588
    },
    "XAGUSD": {
      "trades": 64,
      "resolved": 55,
      "win_rate": 0.7818181818181819,
      "avg_validation_rr": 0.8265154481661925
    }
  }
}
