{
  "generated_utc": "2025-12-19T13:06:07.638989+00:00",
  "evaluated_trades": 321,
  "resolved_trades": 153,
  "wins": 53,
  "losses": 100,
  "ambiguous": 0,
  "win_rate": 0.3464052287581699,
  "avg_validation_rr": -0.0963958245507288,
  "max_drawdown_rr": 33.439196765313085,
  "rule_based_performance": {
    "trades": 321,
    "resolved": 153,
    "wins": 53,
    "losses": 100,
    "ambiguous": 0,
    "win_rate": 0.3464052287581699,
    "avg_validation_rr": -0.0963958245507288,
    "max_drawdown_rr": 33.439196765313085
  },
  "assets": {
    "BTCUSD": {
      "trades": 72,
      "resolved": 26,
      "win_rate": 0.34615384615384615,
      "avg_validation_rr": -0.11212857094292814
    },
    "EURUSD": {
      "trades": 58,
      "resolved": 17,
      "win_rate": 0.11764705882352941,
      "avg_validation_rr": -0.1864661792753534
    },
    "GOLD_CFD": {
      "trades": 52,
      "resolved": 27,
      "win_rate": 0.2962962962962963,
      "avg_validation_rr": -0.08496749345443988
    },
    "NVDA": {
      "trades": 7,
      "resolved": 7,
      "win_rate": 1.0,
      "avg_validation_rr": 1.252776070402028
    },
    "USOIL": {
      "trades": 34,
      "resolved": 22,
      "win_rate": 0.22727272727272727,
      "avg_validation_rr": -0.402280773487289
    },
    "XAGUSD": {
      "trades": 98,
      "resolved": 54,
      "win_rate": 0.4074074074074074,
      "avg_validation_rr": -0.11645234105348753
    }
  }
}
