{
  "generated_utc": "2025-12-15T12:03:46.139348+00:00",
  "evaluated_trades": 39,
  "resolved_trades": 21,
  "wins": 10,
  "losses": 11,
  "ambiguous": 0,
  "win_rate": 0.47619047619047616,
  "avg_validation_rr": -0.1640023188625106,
  "max_drawdown_rr": 7.205311526131823,
  "rule_based_performance": {
    "trades": 39,
    "resolved": 21,
    "wins": 10,
    "losses": 11,
    "ambiguous": 0,
    "win_rate": 0.47619047619047616,
    "avg_validation_rr": -0.1640023188625106,
    "max_drawdown_rr": 7.205311526131823
  },
  "assets": {
    "BTCUSD": {
      "trades": 17,
      "resolved": 17,
      "win_rate": 0.35294117647058826,
      "avg_validation_rr": -0.24177252573262642
    },
    "EURUSD": {
      "trades": 1,
      "resolved": 1,
      "win_rate": 1.0,
      "avg_validation_rr": 0.028094192164269588
    },
    "GOLD_CFD": {
      "trades": 14,
      "resolved": 1,
      "win_rate": 1.0,
      "avg_validation_rr": 0.06908834160950308
    },
    "USOIL": {
      "trades": 5,
      "resolved": 1,
      "win_rate": 1.0,
      "avg_validation_rr": 0.30508135593221336
    },
    "XAGUSD": {
      "trades": 2,
      "resolved": 1,
      "win_rate": 1.0,
      "avg_validation_rr": 0.26382035163594053
    }
  }
}
