{
  "generated_utc": "2025-12-18T04:58:47.108112+00:00",
  "evaluated_trades": 241,
  "resolved_trades": 163,
  "wins": 74,
  "losses": 89,
  "ambiguous": 0,
  "win_rate": 0.4539877300613497,
  "avg_validation_rr": 0.18396505130540539,
  "max_drawdown_rr": 15.307235527581437,
  "rule_based_performance": {
    "trades": 241,
    "resolved": 163,
    "wins": 74,
    "losses": 89,
    "ambiguous": 0,
    "win_rate": 0.4539877300613497,
    "avg_validation_rr": 0.18396505130540539,
    "max_drawdown_rr": 15.307235527581437
  },
  "assets": {
    "BTCUSD": {
      "trades": 60,
      "resolved": 31,
      "win_rate": 0.22580645161290322,
      "avg_validation_rr": -0.3727138304285038
    },
    "EURUSD": {
      "trades": 55,
      "resolved": 42,
      "win_rate": 0.2619047619047619,
      "avg_validation_rr": -0.05713782331299792
    },
    "GOLD_CFD": {
      "trades": 35,
      "resolved": 18,
      "win_rate": 0.5555555555555556,
      "avg_validation_rr": 0.28195206053219335
    },
    "NVDA": {
      "trades": 4,
      "resolved": 4,
      "win_rate": 0.5,
      "avg_validation_rr": 0.40249999999999553
    },
    "USOIL": {
      "trades": 18,
      "resolved": 11,
      "win_rate": 0.2727272727272727,
      "avg_validation_rr": -0.701456243674085
    },
    "XAGUSD": {
      "trades": 69,
      "resolved": 57,
      "win_rate": 0.7192982456140351,
      "avg_validation_rr": 0.7889667065972998
    }
  }
}
