{
  "generated_utc": "2025-12-18T03:29:16.270167+00:00",
  "evaluated_trades": 236,
  "resolved_trades": 159,
  "wins": 74,
  "losses": 85,
  "ambiguous": 0,
  "win_rate": 0.46540880503144655,
  "avg_validation_rr": 0.23473992749320102,
  "max_drawdown_rr": 13.445804050942073,
  "rule_based_performance": {
    "trades": 236,
    "resolved": 159,
    "wins": 74,
    "losses": 85,
    "ambiguous": 0,
    "win_rate": 0.46540880503144655,
    "avg_validation_rr": 0.23473992749320102,
    "max_drawdown_rr": 13.445804050942073
  },
  "assets": {
    "BTCUSD": {
      "trades": 58,
      "resolved": 31,
      "win_rate": 0.3870967741935484,
      "avg_validation_rr": -0.20661413479681978
    },
    "EURUSD": {
      "trades": 54,
      "resolved": 41,
      "win_rate": 0.12195121951219512,
      "avg_validation_rr": -0.07555264766444908
    },
    "GOLD_CFD": {
      "trades": 34,
      "resolved": 17,
      "win_rate": 0.6470588235294118,
      "avg_validation_rr": 0.40892999677924696
    },
    "NVDA": {
      "trades": 4,
      "resolved": 4,
      "win_rate": 0.5,
      "avg_validation_rr": 0.40249999999999553
    },
    "USOIL": {
      "trades": 18,
      "resolved": 11,
      "win_rate": 0.09090909090909091,
      "avg_validation_rr": -0.7063198480070277
    },
    "XAGUSD": {
      "trades": 68,
      "resolved": 55,
      "win_rate": 0.7818181818181819,
      "avg_validation_rr": 0.8369827924944164
    }
  }
}
