{
  "generated_utc": "2025-12-15T20:34:51.059132+00:00",
  "evaluated_trades": 64,
  "resolved_trades": 47,
  "wins": 33,
  "losses": 14,
  "ambiguous": 0,
  "win_rate": 0.7021276595744681,
  "avg_validation_rr": 0.6269294014366046,
  "max_drawdown_rr": 4.805091374288693,
  "rule_based_performance": {
    "trades": 64,
    "resolved": 47,
    "wins": 33,
    "losses": 14,
    "ambiguous": 0,
    "win_rate": 0.7021276595744681,
    "avg_validation_rr": 0.6269294014366046,
    "max_drawdown_rr": 4.805091374288693
  },
  "assets": {
    "BTCUSD": {
      "trades": 24,
      "resolved": 24,
      "win_rate": 0.7916666666666666,
      "avg_validation_rr": 1.2444494696118205
    },
    "EURUSD": {
      "trades": 10,
      "resolved": 10,
      "win_rate": 0.6,
      "avg_validation_rr": 0.00623276687534399
    },
    "GOLD_CFD": {
      "trades": 14,
      "resolved": 1,
      "win_rate": 0.0,
      "avg_validation_rr": -1.0
    },
    "USOIL": {
      "trades": 7,
      "resolved": 3,
      "win_rate": 1.0,
      "avg_validation_rr": 0.6555709525372214
    },
    "XAGUSD": {
      "trades": 9,
      "resolved": 9,
      "win_rate": 0.5555555555555556,
      "avg_validation_rr": -0.15890510328093133
    }
  }
}
