{
  "generated_utc": "2025-12-18T00:49:25.520233+00:00",
  "evaluated_trades": 222,
  "resolved_trades": 156,
  "wins": 85,
  "losses": 71,
  "ambiguous": 0,
  "win_rate": 0.5448717948717948,
  "avg_validation_rr": 0.39484518175711175,
  "max_drawdown_rr": 4.70291343813448,
  "rule_based_performance": {
    "trades": 222,
    "resolved": 156,
    "wins": 85,
    "losses": 71,
    "ambiguous": 0,
    "win_rate": 0.5448717948717948,
    "avg_validation_rr": 0.39484518175711175,
    "max_drawdown_rr": 4.70291343813448
  },
  "assets": {
    "BTCUSD": {
      "trades": 55,
      "resolved": 31,
      "win_rate": 0.4838709677419355,
      "avg_validation_rr": 0.006869220657189583
    },
    "EURUSD": {
      "trades": 51,
      "resolved": 40,
      "win_rate": 0.225,
      "avg_validation_rr": -0.06044151388958082
    },
    "GOLD_CFD": {
      "trades": 33,
      "resolved": 18,
      "win_rate": 0.7777777777777778,
      "avg_validation_rr": 0.541050733406078
    },
    "NVDA": {
      "trades": 4,
      "resolved": 4,
      "win_rate": 0.5,
      "avg_validation_rr": 0.40249999999999553
    },
    "USOIL": {
      "trades": 16,
      "resolved": 9,
      "win_rate": 0.0,
      "avg_validation_rr": -0.9499931011373266
    },
    "XAGUSD": {
      "trades": 63,
      "resolved": 54,
      "win_rate": 0.8333333333333334,
      "avg_validation_rr": 1.129659032930488
    }
  }
}
