{
  "generated_utc": "2025-12-17T14:24:14.699880+00:00",
  "evaluated_trades": 186,
  "resolved_trades": 151,
  "wins": 59,
  "losses": 92,
  "ambiguous": 0,
  "win_rate": 0.39072847682119205,
  "avg_validation_rr": 0.17625688652576466,
  "max_drawdown_rr": 17.490804825887263,
  "rule_based_performance": {
    "trades": 186,
    "resolved": 151,
    "wins": 59,
    "losses": 92,
    "ambiguous": 0,
    "win_rate": 0.39072847682119205,
    "avg_validation_rr": 0.17625688652576466,
    "max_drawdown_rr": 17.490804825887263
  },
  "assets": {
    "BTCUSD": {
      "trades": 49,
      "resolved": 31,
      "win_rate": 0.0967741935483871,
      "avg_validation_rr": -0.6511543911205457
    },
    "EURUSD": {
      "trades": 42,
      "resolved": 42,
      "win_rate": 0.14285714285714285,
      "avg_validation_rr": -0.12922275587691703
    },
    "GOLD_CFD": {
      "trades": 27,
      "resolved": 14,
      "win_rate": 0.9285714285714286,
      "avg_validation_rr": 0.3913883075123844
    },
    "NVDA": {
      "trades": 4,
      "resolved": 4,
      "win_rate": 0.0,
      "avg_validation_rr": -0.6401200386712598
    },
    "USOIL": {
      "trades": 14,
      "resolved": 10,
      "win_rate": 0.4,
      "avg_validation_rr": -0.08117613885918497
    },
    "XAGUSD": {
      "trades": 50,
      "resolved": 50,
      "win_rate": 0.66,
      "avg_validation_rr": 1.002414739501228
    }
  }
}
