{
  "generated_utc": "2025-12-18T08:29:36.710304+00:00",
  "evaluated_trades": 254,
  "resolved_trades": 164,
  "wins": 62,
  "losses": 100,
  "ambiguous": 2,
  "win_rate": 0.3780487804878049,
  "avg_validation_rr": 0.14191245732153068,
  "max_drawdown_rr": 13.501552175786475,
  "rule_based_performance": {
    "trades": 254,
    "resolved": 164,
    "wins": 62,
    "losses": 100,
    "ambiguous": 2,
    "win_rate": 0.3780487804878049,
    "avg_validation_rr": 0.14191245732153068,
    "max_drawdown_rr": 13.501552175786475
  },
  "assets": {
    "BTCUSD": {
      "trades": 60,
      "resolved": 27,
      "win_rate": 0.18518518518518517,
      "avg_validation_rr": -0.4763757832044397
    },
    "EURUSD": {
      "trades": 56,
      "resolved": 40,
      "win_rate": 0.125,
      "avg_validation_rr": -0.094642796534091
    },
    "GOLD_CFD": {
      "trades": 40,
      "resolved": 21,
      "win_rate": 0.38095238095238093,
      "avg_validation_rr": 0.11326016729388225
    },
    "NVDA": {
      "trades": 4,
      "resolved": 4,
      "win_rate": 0.5,
      "avg_validation_rr": 0.40249999999999553
    },
    "USOIL": {
      "trades": 22,
      "resolved": 15,
      "win_rate": 0.2,
      "avg_validation_rr": -0.3785263526418688
    },
    "XAGUSD": {
      "trades": 72,
      "resolved": 57,
      "win_rate": 0.6842105263157895,
      "avg_validation_rr": 0.7300163646503697
    }
  }
}
