{
  "generated_utc": "2025-12-16T06:38:09.754332+00:00",
  "evaluated_trades": 95,
  "resolved_trades": 77,
  "wins": 31,
  "losses": 46,
  "ambiguous": 0,
  "win_rate": 0.4025974025974026,
  "avg_validation_rr": 0.1845752132161648,
  "max_drawdown_rr": 16.765333125800872,
  "rule_based_performance": {
    "trades": 95,
    "resolved": 77,
    "wins": 31,
    "losses": 46,
    "ambiguous": 0,
    "win_rate": 0.4025974025974026,
    "avg_validation_rr": 0.1845752132161648,
    "max_drawdown_rr": 16.765333125800872
  },
  "assets": {
    "BTCUSD": {
      "trades": 34,
      "resolved": 33,
      "win_rate": 0.5151515151515151,
      "avg_validation_rr": 0.6792184735197329
    },
    "EURUSD": {
      "trades": 17,
      "resolved": 17,
      "win_rate": 0.35294117647058826,
      "avg_validation_rr": -0.01960696246302104
    },
    "GOLD_CFD": {
      "trades": 20,
      "resolved": 7,
      "win_rate": 0.14285714285714285,
      "avg_validation_rr": -0.5205287637632645
    },
    "USOIL": {
      "trades": 7,
      "resolved": 3,
      "win_rate": 1.0,
      "avg_validation_rr": 1.1767418469034239
    },
    "XAGUSD": {
      "trades": 17,
      "resolved": 17,
      "win_rate": 0.23529411764705882,
      "avg_validation_rr": -0.45618376711779746
    }
  }
}
