{
  "generated_utc": "2025-12-18T19:01:45.752924+00:00",
  "evaluated_trades": 286,
  "resolved_trades": 161,
  "wins": 49,
  "losses": 112,
  "ambiguous": 0,
  "win_rate": 0.30434782608695654,
  "avg_validation_rr": -0.09155576185967694,
  "max_drawdown_rr": 40.329472577197045,
  "rule_based_performance": {
    "trades": 286,
    "resolved": 161,
    "wins": 49,
    "losses": 112,
    "ambiguous": 0,
    "win_rate": 0.30434782608695654,
    "avg_validation_rr": -0.09155576185967694,
    "max_drawdown_rr": 40.329472577197045
  },
  "assets": {
    "BTCUSD": {
      "trades": 65,
      "resolved": 26,
      "win_rate": 0.3076923076923077,
      "avg_validation_rr": -0.07767083761086756
    },
    "EURUSD": {
      "trades": 58,
      "resolved": 27,
      "win_rate": 0.14814814814814814,
      "avg_validation_rr": -0.1799622859469625
    },
    "GOLD_CFD": {
      "trades": 43,
      "resolved": 21,
      "win_rate": 0.2857142857142857,
      "avg_validation_rr": -0.0768383380820396
    },
    "NVDA": {
      "trades": 7,
      "resolved": 7,
      "win_rate": 0.7142857142857143,
      "avg_validation_rr": 0.969599856263525
    },
    "USOIL": {
      "trades": 27,
      "resolved": 19,
      "win_rate": 0.42105263157894735,
      "avg_validation_rr": -0.14982354071238838
    },
    "XAGUSD": {
      "trades": 86,
      "resolved": 61,
      "win_rate": 0.29508196721311475,
      "avg_validation_rr": -0.16703279969744103
    }
  }
}
