{
  "generated_utc": "2025-12-14T15:05:08.883379+00:00",
  "evaluated_trades": 24,
  "resolved_trades": 6,
  "wins": 4,
  "losses": 2,
  "ambiguous": 0,
  "win_rate": 0.6666666666666666,
  "avg_validation_rr": 0.7805278521862246,
  "max_drawdown_rr": 0.30061515279005935,
  "rule_based_performance": {
    "trades": 24,
    "resolved": 6,
    "wins": 4,
    "losses": 2,
    "ambiguous": 0,
    "win_rate": 0.6666666666666666,
    "avg_validation_rr": 0.7805278521862246,
    "max_drawdown_rr": 0.30061515279005935
  },
  "assets": {
    "BTCUSD": {
      "trades": 7,
      "resolved": 6,
      "win_rate": 0.6666666666666666,
      "avg_validation_rr": 0.7805278521862246
    },
    "GOLD_CFD": {
      "trades": 13,
      "resolved": 0,
      "win_rate": null,
      "avg_validation_rr": null
    },
    "USOIL": {
      "trades": 4,
      "resolved": 0,
      "win_rate": null,
      "avg_validation_rr": null
    }
  }
}
