{
  "generated_utc": "2025-12-17T23:37:29.031211+00:00",
  "evaluated_trades": 217,
  "resolved_trades": 158,
  "wins": 89,
  "losses": 69,
  "ambiguous": 0,
  "win_rate": 0.5632911392405063,
  "avg_validation_rr": 0.41283830425795726,
  "max_drawdown_rr": 4.166306525353278,
  "rule_based_performance": {
    "trades": 217,
    "resolved": 158,
    "wins": 89,
    "losses": 69,
    "ambiguous": 0,
    "win_rate": 0.5632911392405063,
    "avg_validation_rr": 0.41283830425795726,
    "max_drawdown_rr": 4.166306525353278
  },
  "assets": {
    "BTCUSD": {
      "trades": 55,
      "resolved": 34,
      "win_rate": 0.6176470588235294,
      "avg_validation_rr": 0.16809745290106762
    },
    "EURUSD": {
      "trades": 50,
      "resolved": 41,
      "win_rate": 0.21951219512195122,
      "avg_validation_rr": -0.06525597954119948
    },
    "GOLD_CFD": {
      "trades": 31,
      "resolved": 17,
      "win_rate": 0.8235294117647058,
      "avg_validation_rr": 0.588544101229016
    },
    "NVDA": {
      "trades": 4,
      "resolved": 4,
      "win_rate": 0.5,
      "avg_validation_rr": 0.40249999999999553
    },
    "USOIL": {
      "trades": 16,
      "resolved": 9,
      "win_rate": 0.0,
      "avg_validation_rr": -0.9677330337255836
    },
    "XAGUSD": {
      "trades": 61,
      "resolved": 53,
      "win_rate": 0.8113207547169812,
      "avg_validation_rr": 1.1185468192065495
    }
  }
}
