{
  "generated_utc": "2025-12-15T15:38:25.511351+00:00",
  "evaluated_trades": 45,
  "resolved_trades": 26,
  "wins": 14,
  "losses": 12,
  "ambiguous": 0,
  "win_rate": 0.5384615384615384,
  "avg_validation_rr": 0.4267512130777566,
  "max_drawdown_rr": 5.0,
  "rule_based_performance": {
    "trades": 45,
    "resolved": 26,
    "wins": 14,
    "losses": 12,
    "ambiguous": 0,
    "win_rate": 0.5384615384615384,
    "avg_validation_rr": 0.4267512130777566,
    "max_drawdown_rr": 5.0
  },
  "assets": {
    "BTCUSD": {
      "trades": 18,
      "resolved": 18,
      "win_rate": 0.5,
      "avg_validation_rr": 0.6034146241809536
    },
    "EURUSD": {
      "trades": 3,
      "resolved": 2,
      "win_rate": 1.0,
      "avg_validation_rr": 0.07998710914044763
    },
    "GOLD_CFD": {
      "trades": 14,
      "resolved": 1,
      "win_rate": 0.0,
      "avg_validation_rr": -0.49291400407546754
    },
    "USOIL": {
      "trades": 6,
      "resolved": 2,
      "win_rate": 1.0,
      "avg_validation_rr": 0.6097234611953704
    },
    "XAGUSD": {
      "trades": 4,
      "resolved": 3,
      "win_rate": 0.3333333333333333,
      "avg_validation_rr": -0.2174796106105542
    }
  }
}
