{
  "generated_utc": "2025-12-18T13:53:02.228635+00:00",
  "evaluated_trades": 262,
  "resolved_trades": 155,
  "wins": 92,
  "losses": 63,
  "ambiguous": 0,
  "win_rate": 0.5935483870967742,
  "avg_validation_rr": 0.22791073842618498,
  "max_drawdown_rr": 13.349912812706322,
  "rule_based_performance": {
    "trades": 262,
    "resolved": 155,
    "wins": 92,
    "losses": 63,
    "ambiguous": 0,
    "win_rate": 0.5935483870967742,
    "avg_validation_rr": 0.22791073842618498,
    "max_drawdown_rr": 13.349912812706322
  },
  "assets": {
    "BTCUSD": {
      "trades": 60,
      "resolved": 24,
      "win_rate": 0.20833333333333334,
      "avg_validation_rr": -0.32203966461593364
    },
    "EURUSD": {
      "trades": 56,
      "resolved": 33,
      "win_rate": 0.3333333333333333,
      "avg_validation_rr": -0.07437237110708683
    },
    "GOLD_CFD": {
      "trades": 40,
      "resolved": 18,
      "win_rate": 0.7222222222222222,
      "avg_validation_rr": 0.13887824310424873
    },
    "NVDA": {
      "trades": 4,
      "resolved": 4,
      "win_rate": 1.0,
      "avg_validation_rr": 1.8049999999999975
    },
    "USOIL": {
      "trades": 24,
      "resolved": 17,
      "win_rate": 0.5882352941176471,
      "avg_validation_rr": -0.05869848202841183
    },
    "XAGUSD": {
      "trades": 78,
      "resolved": 59,
      "win_rate": 0.8305084745762712,
      "avg_validation_rr": 0.6235164486776523
    }
  }
}
