{
  "generated_utc": "2025-12-17T02:13:16.730766+00:00",
  "evaluated_trades": 159,
  "resolved_trades": 130,
  "wins": 65,
  "losses": 65,
  "ambiguous": 0,
  "win_rate": 0.5,
  "avg_validation_rr": 0.4922019718536155,
  "max_drawdown_rr": 3.9889287265480675,
  "rule_based_performance": {
    "trades": 159,
    "resolved": 130,
    "wins": 65,
    "losses": 65,
    "ambiguous": 0,
    "win_rate": 0.5,
    "avg_validation_rr": 0.4922019718536155,
    "max_drawdown_rr": 3.9889287265480675
  },
  "assets": {
    "BTCUSD": {
      "trades": 45,
      "resolved": 33,
      "win_rate": 0.36363636363636365,
      "avg_validation_rr": -0.0725536683999624
    },
    "EURUSD": {
      "trades": 39,
      "resolved": 39,
      "win_rate": 0.1282051282051282,
      "avg_validation_rr": -0.07505053076430664
    },
    "GOLD_CFD": {
      "trades": 23,
      "resolved": 10,
      "win_rate": 0.9,
      "avg_validation_rr": 0.371279298153893
    },
    "NVDA": {
      "trades": 4,
      "resolved": 4,
      "win_rate": 0.25,
      "avg_validation_rr": -0.2780254562964791
    },
    "USOIL": {
      "trades": 11,
      "resolved": 7,
      "win_rate": 0.7142857142857143,
      "avg_validation_rr": 0.9224641203718633
    },
    "XAGUSD": {
      "trades": 37,
      "resolved": 37,
      "win_rate": 0.8918918918918919,
      "avg_validation_rr": 1.6283664351086669
    }
  }
}
