{
  "generated_utc": "2025-12-17T12:24:37.419987+00:00",
  "evaluated_trades": 183,
  "resolved_trades": 148,
  "wins": 68,
  "losses": 80,
  "ambiguous": 0,
  "win_rate": 0.4594594594594595,
  "avg_validation_rr": 0.2426128734509104,
  "max_drawdown_rr": 5.006875678409912,
  "rule_based_performance": {
    "trades": 183,
    "resolved": 148,
    "wins": 68,
    "losses": 80,
    "ambiguous": 0,
    "win_rate": 0.4594594594594595,
    "avg_validation_rr": 0.2426128734509104,
    "max_drawdown_rr": 5.006875678409912
  },
  "assets": {
    "BTCUSD": {
      "trades": 48,
      "resolved": 31,
      "win_rate": 0.16129032258064516,
      "avg_validation_rr": -0.5522018514604303
    },
    "EURUSD": {
      "trades": 42,
      "resolved": 42,
      "win_rate": 0.11904761904761904,
      "avg_validation_rr": -0.2442176345922625
    },
    "GOLD_CFD": {
      "trades": 27,
      "resolved": 14,
      "win_rate": 0.8571428571428571,
      "avg_validation_rr": 0.25835950032410554
    },
    "NVDA": {
      "trades": 4,
      "resolved": 4,
      "win_rate": 0.25,
      "avg_validation_rr": -0.2780254562964791
    },
    "USOIL": {
      "trades": 14,
      "resolved": 9,
      "win_rate": 0.3333333333333333,
      "avg_validation_rr": -0.14976677241217196
    },
    "XAGUSD": {
      "trades": 48,
      "resolved": 48,
      "win_rate": 0.875,
      "avg_validation_rr": 1.2942723560675227
    }
  }
}
