{
  "generated_utc": "2025-12-16T17:47:51.018102+00:00",
  "evaluated_trades": 140,
  "resolved_trades": 116,
  "wins": 72,
  "losses": 44,
  "ambiguous": 0,
  "win_rate": 0.6206896551724138,
  "avg_validation_rr": 0.2183814155864277,
  "max_drawdown_rr": 14.913000540423024,
  "rule_based_performance": {
    "trades": 140,
    "resolved": 116,
    "wins": 72,
    "losses": 44,
    "ambiguous": 0,
    "win_rate": 0.6206896551724138,
    "avg_validation_rr": 0.2183814155864277,
    "max_drawdown_rr": 14.913000540423024
  },
  "assets": {
    "BTCUSD": {
      "trades": 42,
      "resolved": 37,
      "win_rate": 0.43243243243243246,
      "avg_validation_rr": 0.37306774392887365
    },
    "EURUSD": {
      "trades": 35,
      "resolved": 34,
      "win_rate": 0.8529411764705882,
      "avg_validation_rr": 0.12877498985353475
    },
    "GOLD_CFD": {
      "trades": 22,
      "resolved": 9,
      "win_rate": 0.7777777777777778,
      "avg_validation_rr": 0.09042018497250771
    },
    "NVDA": {
      "trades": 3,
      "resolved": 3,
      "win_rate": 0.6666666666666666,
      "avg_validation_rr": 0.05923795373827187
    },
    "USOIL": {
      "trades": 8,
      "resolved": 4,
      "win_rate": 1.0,
      "avg_validation_rr": 1.8599999999999997
    },
    "XAGUSD": {
      "trades": 30,
      "resolved": 29,
      "win_rate": 0.4827586206896552,
      "avg_validation_rr": -0.04417612063207849
    }
  }
}
