{
  "generated_utc": "2025-12-19T10:03:53.416416+00:00",
  "evaluated_trades": 317,
  "resolved_trades": 155,
  "wins": 73,
  "losses": 82,
  "ambiguous": 0,
  "win_rate": 0.47096774193548385,
  "avg_validation_rr": -0.00880297225701864,
  "max_drawdown_rr": 30.718795313670018,
  "rule_based_performance": {
    "trades": 317,
    "resolved": 155,
    "wins": 73,
    "losses": 82,
    "ambiguous": 0,
    "win_rate": 0.47096774193548385,
    "avg_validation_rr": -0.00880297225701864,
    "max_drawdown_rr": 30.718795313670018
  },
  "assets": {
    "BTCUSD": {
      "trades": 72,
      "resolved": 27,
      "win_rate": 0.2962962962962963,
      "avg_validation_rr": -0.15744492322603673
    },
    "EURUSD": {
      "trades": 58,
      "resolved": 18,
      "win_rate": 0.16666666666666666,
      "avg_validation_rr": -0.155519700154377
    },
    "GOLD_CFD": {
      "trades": 50,
      "resolved": 25,
      "win_rate": 0.36,
      "avg_validation_rr": -0.07839913078622958
    },
    "NVDA": {
      "trades": 7,
      "resolved": 7,
      "win_rate": 1.0,
      "avg_validation_rr": 1.252776070402028
    },
    "USOIL": {
      "trades": 34,
      "resolved": 22,
      "win_rate": 0.8636363636363636,
      "avg_validation_rr": 0.39094854622703445
    },
    "XAGUSD": {
      "trades": 96,
      "resolved": 56,
      "win_rate": 0.48214285714285715,
      "avg_validation_rr": -0.17365027518052362
    }
  }
}
