{
  "generated_utc": "2025-12-16T16:38:31.343096+00:00",
  "evaluated_trades": 133,
  "resolved_trades": 112,
  "wins": 67,
  "losses": 45,
  "ambiguous": 0,
  "win_rate": 0.5982142857142857,
  "avg_validation_rr": 0.2021549475605564,
  "max_drawdown_rr": 15.198063988081959,
  "rule_based_performance": {
    "trades": 133,
    "resolved": 112,
    "wins": 67,
    "losses": 45,
    "ambiguous": 0,
    "win_rate": 0.5982142857142857,
    "avg_validation_rr": 0.2021549475605564,
    "max_drawdown_rr": 15.198063988081959
  },
  "assets": {
    "BTCUSD": {
      "trades": 41,
      "resolved": 38,
      "win_rate": 0.42105263157894735,
      "avg_validation_rr": 0.32501807732375426
    },
    "EURUSD": {
      "trades": 32,
      "resolved": 32,
      "win_rate": 0.875,
      "avg_validation_rr": 0.12908494045292207
    },
    "GOLD_CFD": {
      "trades": 22,
      "resolved": 9,
      "win_rate": 0.5555555555555556,
      "avg_validation_rr": 0.024198979932693536
    },
    "NVDA": {
      "trades": 2,
      "resolved": 2,
      "win_rate": 0.5,
      "avg_validation_rr": 0.3689555636671051
    },
    "USOIL": {
      "trades": 8,
      "resolved": 4,
      "win_rate": 1.0,
      "avg_validation_rr": 1.8599999999999997
    },
    "XAGUSD": {
      "trades": 28,
      "resolved": 27,
      "win_rate": 0.48148148148148145,
      "avg_validation_rr": -0.08280566121267763
    }
  }
}
