{
  "generated_utc": "2025-12-18T19:24:35.375476+00:00",
  "evaluated_trades": 287,
  "resolved_trades": 162,
  "wins": 51,
  "losses": 110,
  "ambiguous": 1,
  "win_rate": 0.3148148148148148,
  "avg_validation_rr": -0.10193333503523756,
  "max_drawdown_rr": 41.287196917565524,
  "rule_based_performance": {
    "trades": 287,
    "resolved": 162,
    "wins": 51,
    "losses": 110,
    "ambiguous": 1,
    "win_rate": 0.3148148148148148,
    "avg_validation_rr": -0.10193333503523756,
    "max_drawdown_rr": 41.287196917565524
  },
  "assets": {
    "BTCUSD": {
      "trades": 65,
      "resolved": 26,
      "win_rate": 0.19230769230769232,
      "avg_validation_rr": -0.39064261806757145
    },
    "EURUSD": {
      "trades": 58,
      "resolved": 27,
      "win_rate": 0.14814814814814814,
      "avg_validation_rr": -0.16431488994662977
    },
    "GOLD_CFD": {
      "trades": 43,
      "resolved": 21,
      "win_rate": 0.2857142857142857,
      "avg_validation_rr": 0.021142359124786115
    },
    "NVDA": {
      "trades": 7,
      "resolved": 7,
      "win_rate": 0.8571428571428571,
      "avg_validation_rr": 1.076250638211793
    },
    "USOIL": {
      "trades": 27,
      "resolved": 19,
      "win_rate": 0.5789473684210527,
      "avg_validation_rr": -0.014961184244613268
    },
    "XAGUSD": {
      "trades": 87,
      "resolved": 62,
      "win_rate": 0.3064516129032258,
      "avg_validation_rr": -0.1550559949330327
    }
  }
}
