{
  "generated_utc": "2025-12-18T20:24:53.790672+00:00",
  "evaluated_trades": 288,
  "resolved_trades": 160,
  "wins": 53,
  "losses": 107,
  "ambiguous": 0,
  "win_rate": 0.33125,
  "avg_validation_rr": -0.10497556496042801,
  "max_drawdown_rr": 38.363769894992444,
  "rule_based_performance": {
    "trades": 288,
    "resolved": 160,
    "wins": 53,
    "losses": 107,
    "ambiguous": 0,
    "win_rate": 0.33125,
    "avg_validation_rr": -0.10497556496042801,
    "max_drawdown_rr": 38.363769894992444
  },
  "assets": {
    "BTCUSD": {
      "trades": 66,
      "resolved": 25,
      "win_rate": 0.2,
      "avg_validation_rr": -0.4154865634710998
    },
    "EURUSD": {
      "trades": 58,
      "resolved": 27,
      "win_rate": 0.14814814814814814,
      "avg_validation_rr": -0.149835008977273
    },
    "GOLD_CFD": {
      "trades": 43,
      "resolved": 21,
      "win_rate": 0.2857142857142857,
      "avg_validation_rr": -0.028420614047413504
    },
    "NVDA": {
      "trades": 7,
      "resolved": 7,
      "win_rate": 1.0,
      "avg_validation_rr": 1.252776070402028
    },
    "USOIL": {
      "trades": 27,
      "resolved": 19,
      "win_rate": 0.7368421052631579,
      "avg_validation_rr": 0.18733516011288648
    },
    "XAGUSD": {
      "trades": 87,
      "resolved": 61,
      "win_rate": 0.2786885245901639,
      "avg_validation_rr": -0.23107129023717984
    }
  }
}
