{
  "generated_utc": "2025-12-16T18:23:18.312889+00:00",
  "evaluated_trades": 143,
  "resolved_trades": 119,
  "wins": 62,
  "losses": 57,
  "ambiguous": 0,
  "win_rate": 0.5210084033613446,
  "avg_validation_rr": 0.12789457030263163,
  "max_drawdown_rr": 16.596541141615326,
  "rule_based_performance": {
    "trades": 143,
    "resolved": 119,
    "wins": 62,
    "losses": 57,
    "ambiguous": 0,
    "win_rate": 0.5210084033613446,
    "avg_validation_rr": 0.12789457030263163,
    "max_drawdown_rr": 16.596541141615326
  },
  "assets": {
    "BTCUSD": {
      "trades": 43,
      "resolved": 37,
      "win_rate": 0.43243243243243246,
      "avg_validation_rr": 0.32318091172784674
    },
    "EURUSD": {
      "trades": 36,
      "resolved": 35,
      "win_rate": 0.7428571428571429,
      "avg_validation_rr": 0.020088888593738016
    },
    "GOLD_CFD": {
      "trades": 22,
      "resolved": 9,
      "win_rate": 0.3333333333333333,
      "avg_validation_rr": -0.022250568706515476
    },
    "NVDA": {
      "trades": 3,
      "resolved": 3,
      "win_rate": 0.6666666666666666,
      "avg_validation_rr": 0.0988588029382357
    },
    "USOIL": {
      "trades": 8,
      "resolved": 4,
      "win_rate": 1.0,
      "avg_validation_rr": 1.8599999999999997
    },
    "XAGUSD": {
      "trades": 31,
      "resolved": 31,
      "win_rate": 0.3548387096774194,
      "avg_validation_rr": -0.1605700728759375
    }
  }
}
