{
  "generated_utc": "2025-12-15T02:17:19.346384+00:00",
  "evaluated_trades": 31,
  "resolved_trades": 13,
  "wins": 4,
  "losses": 9,
  "ambiguous": 0,
  "win_rate": 0.3076923076923077,
  "avg_validation_rr": 0.08868800083477961,
  "max_drawdown_rr": 5.317055989147872,
  "rule_based_performance": {
    "trades": 31,
    "resolved": 13,
    "wins": 4,
    "losses": 9,
    "ambiguous": 0,
    "win_rate": 0.3076923076923077,
    "avg_validation_rr": 0.08868800083477961,
    "max_drawdown_rr": 5.317055989147872
  },
  "assets": {
    "BTCUSD": {
      "trades": 14,
      "resolved": 13,
      "win_rate": 0.3076923076923077,
      "avg_validation_rr": 0.08868800083477961
    },
    "GOLD_CFD": {
      "trades": 13,
      "resolved": 0,
      "win_rate": null,
      "avg_validation_rr": null
    },
    "USOIL": {
      "trades": 4,
      "resolved": 0,
      "win_rate": null,
      "avg_validation_rr": null
    }
  }
}
