{
  "generated_utc": "2025-12-17T15:23:14.372168+00:00",
  "evaluated_trades": 187,
  "resolved_trades": 152,
  "wins": 72,
  "losses": 80,
  "ambiguous": 0,
  "win_rate": 0.47368421052631576,
  "avg_validation_rr": 0.31638348046529,
  "max_drawdown_rr": 11.541612666063855,
  "rule_based_performance": {
    "trades": 187,
    "resolved": 152,
    "wins": 72,
    "losses": 80,
    "ambiguous": 0,
    "win_rate": 0.47368421052631576,
    "avg_validation_rr": 0.31638348046529,
    "max_drawdown_rr": 11.541612666063855
  },
  "assets": {
    "BTCUSD": {
      "trades": 48,
      "resolved": 31,
      "win_rate": 0.12903225806451613,
      "avg_validation_rr": -0.5838709677419353
    },
    "EURUSD": {
      "trades": 42,
      "resolved": 42,
      "win_rate": 0.2619047619047619,
      "avg_validation_rr": -0.021582200800332713
    },
    "GOLD_CFD": {
      "trades": 27,
      "resolved": 14,
      "win_rate": 0.9285714285714286,
      "avg_validation_rr": 0.7588837757193557
    },
    "NVDA": {
      "trades": 4,
      "resolved": 4,
      "win_rate": 0.5,
      "avg_validation_rr": 0.40249999999999553
    },
    "USOIL": {
      "trades": 14,
      "resolved": 10,
      "win_rate": 0.4,
      "avg_validation_rr": -0.12007674077253358
    },
    "XAGUSD": {
      "trades": 52,
      "resolved": 51,
      "win_rate": 0.7450980392156863,
      "avg_validation_rr": 1.099277176705734
    }
  }
}
