{
  "generated_utc": "2025-12-16T16:13:52.740756+00:00",
  "evaluated_trades": 130,
  "resolved_trades": 110,
  "wins": 71,
  "losses": 39,
  "ambiguous": 0,
  "win_rate": 0.6454545454545455,
  "avg_validation_rr": 0.25005961320156905,
  "max_drawdown_rr": 13.0507570178623,
  "rule_based_performance": {
    "trades": 130,
    "resolved": 110,
    "wins": 71,
    "losses": 39,
    "ambiguous": 0,
    "win_rate": 0.6454545454545455,
    "avg_validation_rr": 0.25005961320156905,
    "max_drawdown_rr": 13.0507570178623
  },
  "assets": {
    "BTCUSD": {
      "trades": 41,
      "resolved": 38,
      "win_rate": 0.42105263157894735,
      "avg_validation_rr": 0.3250174967221642
    },
    "EURUSD": {
      "trades": 31,
      "resolved": 31,
      "win_rate": 0.9032258064516129,
      "avg_validation_rr": 0.09281595900507379
    },
    "GOLD_CFD": {
      "trades": 22,
      "resolved": 9,
      "win_rate": 0.8888888888888888,
      "avg_validation_rr": 0.31018463652686357
    },
    "NVDA": {
      "trades": 2,
      "resolved": 2,
      "win_rate": 0.5,
      "avg_validation_rr": 0.09168395706856869
    },
    "USOIL": {
      "trades": 8,
      "resolved": 4,
      "win_rate": 1.0,
      "avg_validation_rr": 1.8599999999999997
    },
    "XAGUSD": {
      "trades": 26,
      "resolved": 26,
      "win_rate": 0.5384615384615384,
      "avg_validation_rr": 0.0716757001805444
    }
  }
}
