{
  "generated_utc": "2025-12-19T08:24:30.583956+00:00",
  "evaluated_trades": 311,
  "resolved_trades": 152,
  "wins": 59,
  "losses": 93,
  "ambiguous": 0,
  "win_rate": 0.3881578947368421,
  "avg_validation_rr": -0.08040562919407312,
  "max_drawdown_rr": 32.586366638574574,
  "rule_based_performance": {
    "trades": 311,
    "resolved": 152,
    "wins": 59,
    "losses": 93,
    "ambiguous": 0,
    "win_rate": 0.3881578947368421,
    "avg_validation_rr": -0.08040562919407312,
    "max_drawdown_rr": 32.586366638574574
  },
  "assets": {
    "BTCUSD": {
      "trades": 72,
      "resolved": 27,
      "win_rate": 0.2962962962962963,
      "avg_validation_rr": -0.15989664027878875
    },
    "EURUSD": {
      "trades": 58,
      "resolved": 18,
      "win_rate": 0.16666666666666666,
      "avg_validation_rr": -0.1493675431405641
    },
    "GOLD_CFD": {
      "trades": 47,
      "resolved": 23,
      "win_rate": 0.2608695652173913,
      "avg_validation_rr": -0.14113759686922253
    },
    "NVDA": {
      "trades": 7,
      "resolved": 7,
      "win_rate": 1.0,
      "avg_validation_rr": 1.252776070402028
    },
    "USOIL": {
      "trades": 32,
      "resolved": 20,
      "win_rate": 0.9,
      "avg_validation_rr": 0.44515689640701694
    },
    "XAGUSD": {
      "trades": 95,
      "resolved": 57,
      "win_rate": 0.2982456140350877,
      "avg_validation_rr": -0.3446006362527031
    }
  }
}
