{
  "generated_utc": "2025-12-17T16:24:09.865926+00:00",
  "evaluated_trades": 190,
  "resolved_trades": 154,
  "wins": 80,
  "losses": 74,
  "ambiguous": 0,
  "win_rate": 0.5194805194805194,
  "avg_validation_rr": 0.28867977625851743,
  "max_drawdown_rr": 16.071563443485665,
  "rule_based_performance": {
    "trades": 190,
    "resolved": 154,
    "wins": 80,
    "losses": 74,
    "ambiguous": 0,
    "win_rate": 0.5194805194805194,
    "avg_validation_rr": 0.28867977625851743,
    "max_drawdown_rr": 16.071563443485665
  },
  "assets": {
    "BTCUSD": {
      "trades": 50,
      "resolved": 32,
      "win_rate": 0.1875,
      "avg_validation_rr": -0.3888156550889955
    },
    "EURUSD": {
      "trades": 42,
      "resolved": 42,
      "win_rate": 0.47619047619047616,
      "avg_validation_rr": -0.005293683850991492
    },
    "GOLD_CFD": {
      "trades": 27,
      "resolved": 14,
      "win_rate": 0.9285714285714286,
      "avg_validation_rr": 0.3965784932224877
    },
    "NVDA": {
      "trades": 4,
      "resolved": 4,
      "win_rate": 0.5,
      "avg_validation_rr": 0.40249999999999553
    },
    "USOIL": {
      "trades": 14,
      "resolved": 10,
      "win_rate": 0.4,
      "avg_validation_rr": -0.12007674077253358
    },
    "XAGUSD": {
      "trades": 53,
      "resolved": 52,
      "win_rate": 0.6730769230769231,
      "avg_validation_rr": 0.9838421102117635
    }
  }
}
