{
  "generated_utc": "2025-12-15T16:07:18.679148+00:00",
  "evaluated_trades": 49,
  "resolved_trades": 30,
  "wins": 19,
  "losses": 11,
  "ambiguous": 0,
  "win_rate": 0.6333333333333333,
  "avg_validation_rr": 0.5059244091947371,
  "max_drawdown_rr": 2.0,
  "rule_based_performance": {
    "trades": 49,
    "resolved": 30,
    "wins": 19,
    "losses": 11,
    "ambiguous": 0,
    "win_rate": 0.6333333333333333,
    "avg_validation_rr": 0.5059244091947371,
    "max_drawdown_rr": 2.0
  },
  "assets": {
    "BTCUSD": {
      "trades": 18,
      "resolved": 18,
      "win_rate": 0.5555555555555556,
      "avg_validation_rr": 0.7800216425817683
    },
    "EURUSD": {
      "trades": 5,
      "resolved": 4,
      "win_rate": 0.75,
      "avg_validation_rr": 0.035750834422614376
    },
    "GOLD_CFD": {
      "trades": 14,
      "resolved": 1,
      "win_rate": 0.0,
      "avg_validation_rr": -0.6296050849697751
    },
    "USOIL": {
      "trades": 7,
      "resolved": 3,
      "win_rate": 1.0,
      "avg_validation_rr": 0.6555709525372214
    },
    "XAGUSD": {
      "trades": 5,
      "resolved": 4,
      "win_rate": 0.75,
      "avg_validation_rr": -0.08569210024051546
    }
  }
}
