{
  "generated_utc": "2025-12-17T00:01:24.887618+00:00",
  "evaluated_trades": 153,
  "resolved_trades": 125,
  "wins": 60,
  "losses": 65,
  "ambiguous": 0,
  "win_rate": 0.48,
  "avg_validation_rr": 0.17391678771421365,
  "max_drawdown_rr": 11.994907163974592,
  "rule_based_performance": {
    "trades": 153,
    "resolved": 125,
    "wins": 60,
    "losses": 65,
    "ambiguous": 0,
    "win_rate": 0.48,
    "avg_validation_rr": 0.17391678771421365,
    "max_drawdown_rr": 11.994907163974592
  },
  "assets": {
    "BTCUSD": {
      "trades": 43,
      "resolved": 32,
      "win_rate": 0.40625,
      "avg_validation_rr": 0.018829579993189776
    },
    "EURUSD": {
      "trades": 39,
      "resolved": 39,
      "win_rate": 0.23076923076923078,
      "avg_validation_rr": -0.0317719551115113
    },
    "GOLD_CFD": {
      "trades": 23,
      "resolved": 10,
      "win_rate": 0.7,
      "avg_validation_rr": 0.0923345889821355
    },
    "NVDA": {
      "trades": 4,
      "resolved": 4,
      "win_rate": 0.25,
      "avg_validation_rr": -0.2780254562964791
    },
    "USOIL": {
      "trades": 9,
      "resolved": 5,
      "win_rate": 0.8,
      "avg_validation_rr": 1.4227116430903155
    },
    "XAGUSD": {
      "trades": 35,
      "resolved": 35,
      "win_rate": 0.7428571428571429,
      "avg_validation_rr": 0.44146731067875883
    }
  }
}
