{
  "generated_utc": "2025-12-16T18:43:21.039654+00:00",
  "evaluated_trades": 143,
  "resolved_trades": 120,
  "wins": 77,
  "losses": 43,
  "ambiguous": 0,
  "win_rate": 0.6416666666666667,
  "avg_validation_rr": 0.20270732936903446,
  "max_drawdown_rr": 15.606884685832586,
  "rule_based_performance": {
    "trades": 143,
    "resolved": 120,
    "wins": 77,
    "losses": 43,
    "ambiguous": 0,
    "win_rate": 0.6416666666666667,
    "avg_validation_rr": 0.20270732936903446,
    "max_drawdown_rr": 15.606884685832586
  },
  "assets": {
    "BTCUSD": {
      "trades": 43,
      "resolved": 37,
      "win_rate": 0.43243243243243246,
      "avg_validation_rr": 0.339919095223301
    },
    "EURUSD": {
      "trades": 36,
      "resolved": 36,
      "win_rate": 0.7777777777777778,
      "avg_validation_rr": 0.024493500175298152
    },
    "GOLD_CFD": {
      "trades": 22,
      "resolved": 9,
      "win_rate": 0.7777777777777778,
      "avg_validation_rr": 0.1071031727089873
    },
    "NVDA": {
      "trades": 3,
      "resolved": 3,
      "win_rate": 0.3333333333333333,
      "avg_validation_rr": -0.20678774803293906
    },
    "USOIL": {
      "trades": 8,
      "resolved": 4,
      "win_rate": 1.0,
      "avg_validation_rr": 1.8599999999999997
    },
    "XAGUSD": {
      "trades": 31,
      "resolved": 31,
      "win_rate": 0.6774193548387096,
      "avg_validation_rr": 0.0994368285299743
    }
  }
}
