{
  "generated_utc": "2025-12-17T02:53:25.084939+00:00",
  "evaluated_trades": 161,
  "resolved_trades": 131,
  "wins": 63,
  "losses": 68,
  "ambiguous": 0,
  "win_rate": 0.48091603053435117,
  "avg_validation_rr": 0.467358645989082,
  "max_drawdown_rr": 4.017032728387598,
  "rule_based_performance": {
    "trades": 161,
    "resolved": 131,
    "wins": 63,
    "losses": 68,
    "ambiguous": 0,
    "win_rate": 0.48091603053435117,
    "avg_validation_rr": 0.467358645989082,
    "max_drawdown_rr": 4.017032728387598
  },
  "assets": {
    "BTCUSD": {
      "trades": 45,
      "resolved": 33,
      "win_rate": 0.36363636363636365,
      "avg_validation_rr": -0.061359709747486
    },
    "EURUSD": {
      "trades": 40,
      "resolved": 40,
      "win_rate": 0.125,
      "avg_validation_rr": -0.09488930537629992
    },
    "GOLD_CFD": {
      "trades": 23,
      "resolved": 10,
      "win_rate": 0.9,
      "avg_validation_rr": 0.2356721372741047
    },
    "NVDA": {
      "trades": 4,
      "resolved": 4,
      "win_rate": 0.25,
      "avg_validation_rr": -0.2780254562964791
    },
    "USOIL": {
      "trades": 11,
      "resolved": 7,
      "win_rate": 0.5714285714285714,
      "avg_validation_rr": 0.8403256553417168
    },
    "XAGUSD": {
      "trades": 38,
      "resolved": 37,
      "win_rate": 0.8648648648648649,
      "avg_validation_rr": 1.6193925980092327
    }
  }
}
