{
  "generated_utc": "2025-12-15T20:18:06.493985+00:00",
  "evaluated_trades": 64,
  "resolved_trades": 47,
  "wins": 30,
  "losses": 17,
  "ambiguous": 0,
  "win_rate": 0.6382978723404256,
  "avg_validation_rr": 0.6364205056938558,
  "max_drawdown_rr": 5.299407397762526,
  "rule_based_performance": {
    "trades": 64,
    "resolved": 47,
    "wins": 30,
    "losses": 17,
    "ambiguous": 0,
    "win_rate": 0.6382978723404256,
    "avg_validation_rr": 0.6364205056938558,
    "max_drawdown_rr": 5.299407397762526
  },
  "assets": {
    "BTCUSD": {
      "trades": 24,
      "resolved": 24,
      "win_rate": 0.75,
      "avg_validation_rr": 1.2413749721746719
    },
    "EURUSD": {
      "trades": 10,
      "resolved": 10,
      "win_rate": 0.6,
      "avg_validation_rr": 0.0072541582534368845
    },
    "GOLD_CFD": {
      "trades": 14,
      "resolved": 1,
      "win_rate": 0.0,
      "avg_validation_rr": -1.0
    },
    "USOIL": {
      "trades": 7,
      "resolved": 3,
      "win_rate": 1.0,
      "avg_validation_rr": 0.6555709525372214
    },
    "XAGUSD": {
      "trades": 9,
      "resolved": 9,
      "win_rate": 0.3333333333333333,
      "avg_validation_rr": -0.10227666719188219
    }
  }
}
