{
  "generated_utc": "2025-12-16T05:20:02.235915+00:00",
  "evaluated_trades": 91,
  "resolved_trades": 73,
  "wins": 39,
  "losses": 34,
  "ambiguous": 0,
  "win_rate": 0.5342465753424658,
  "avg_validation_rr": 0.28032015943884464,
  "max_drawdown_rr": 10.072882993188585,
  "rule_based_performance": {
    "trades": 91,
    "resolved": 73,
    "wins": 39,
    "losses": 34,
    "ambiguous": 0,
    "win_rate": 0.5342465753424658,
    "avg_validation_rr": 0.28032015943884464,
    "max_drawdown_rr": 10.072882993188585
  },
  "assets": {
    "BTCUSD": {
      "trades": 33,
      "resolved": 32,
      "win_rate": 0.78125,
      "avg_validation_rr": 0.9068123561772429
    },
    "EURUSD": {
      "trades": 16,
      "resolved": 16,
      "win_rate": 0.5,
      "avg_validation_rr": 0.0013993463672095502
    },
    "GOLD_CFD": {
      "trades": 19,
      "resolved": 6,
      "win_rate": 0.0,
      "avg_validation_rr": -0.560137593338368
    },
    "USOIL": {
      "trades": 7,
      "resolved": 3,
      "win_rate": 1.0,
      "avg_validation_rr": 1.1072504254468725
    },
    "XAGUSD": {
      "trades": 16,
      "resolved": 16,
      "win_rate": 0.1875,
      "avg_validation_rr": -0.5336211885513669
    }
  }
}
