{
  "generated_utc": "2025-12-15T22:54:30.388322+00:00",
  "evaluated_trades": 74,
  "resolved_trades": 57,
  "wins": 43,
  "losses": 14,
  "ambiguous": 0,
  "win_rate": 0.7543859649122807,
  "avg_validation_rr": 0.6360394148559947,
  "max_drawdown_rr": 2.0,
  "rule_based_performance": {
    "trades": 74,
    "resolved": 57,
    "wins": 43,
    "losses": 14,
    "ambiguous": 0,
    "win_rate": 0.7543859649122807,
    "avg_validation_rr": 0.6360394148559947,
    "max_drawdown_rr": 2.0
  },
  "assets": {
    "BTCUSD": {
      "trades": 27,
      "resolved": 27,
      "win_rate": 0.7037037037037037,
      "avg_validation_rr": 1.0794135046943585
    },
    "EURUSD": {
      "trades": 12,
      "resolved": 12,
      "win_rate": 0.75,
      "avg_validation_rr": 0.016046042528532343
    },
    "GOLD_CFD": {
      "trades": 16,
      "resolved": 3,
      "win_rate": 0.6666666666666666,
      "avg_validation_rr": -0.24741906141271733
    },
    "USOIL": {
      "trades": 7,
      "resolved": 3,
      "win_rate": 1.0,
      "avg_validation_rr": 0.6555709525372214
    },
    "XAGUSD": {
      "trades": 12,
      "resolved": 12,
      "win_rate": 0.8333333333333334,
      "avg_validation_rr": 0.4744228196940095
    }
  }
}
