{
  "generated_utc": "2025-12-18T08:48:10.227318+00:00",
  "evaluated_trades": 256,
  "resolved_trades": 164,
  "wins": 61,
  "losses": 101,
  "ambiguous": 2,
  "win_rate": 0.3719512195121951,
  "avg_validation_rr": 0.13096165336454602,
  "max_drawdown_rr": 14.689529272813807,
  "rule_based_performance": {
    "trades": 256,
    "resolved": 164,
    "wins": 61,
    "losses": 101,
    "ambiguous": 2,
    "win_rate": 0.3719512195121951,
    "avg_validation_rr": 0.13096165336454602,
    "max_drawdown_rr": 14.689529272813807
  },
  "assets": {
    "BTCUSD": {
      "trades": 60,
      "resolved": 27,
      "win_rate": 0.14814814814814814,
      "avg_validation_rr": -0.5062263966759035
    },
    "EURUSD": {
      "trades": 56,
      "resolved": 40,
      "win_rate": 0.125,
      "avg_validation_rr": -0.11830445299062238
    },
    "GOLD_CFD": {
      "trades": 40,
      "resolved": 21,
      "win_rate": 0.38095238095238093,
      "avg_validation_rr": 0.07830037771777396
    },
    "NVDA": {
      "trades": 4,
      "resolved": 4,
      "win_rate": 0.5,
      "avg_validation_rr": 0.40249999999999553
    },
    "USOIL": {
      "trades": 23,
      "resolved": 15,
      "win_rate": 0.2,
      "avg_validation_rr": -0.3785263526418688
    },
    "XAGUSD": {
      "trades": 73,
      "resolved": 57,
      "win_rate": 0.6842105263157895,
      "avg_validation_rr": 0.7421331463020112
    }
  }
}
