{
  "generated_utc": "2025-12-17T00:38:33.646628+00:00",
  "evaluated_trades": 153,
  "resolved_trades": 125,
  "wins": 63,
  "losses": 62,
  "ambiguous": 0,
  "win_rate": 0.504,
  "avg_validation_rr": 0.2050955346550369,
  "max_drawdown_rr": 10.694243535231678,
  "rule_based_performance": {
    "trades": 153,
    "resolved": 125,
    "wins": 63,
    "losses": 62,
    "ambiguous": 0,
    "win_rate": 0.504,
    "avg_validation_rr": 0.2050955346550369,
    "max_drawdown_rr": 10.694243535231678
  },
  "assets": {
    "BTCUSD": {
      "trades": 43,
      "resolved": 32,
      "win_rate": 0.375,
      "avg_validation_rr": -0.026021195115188148
    },
    "EURUSD": {
      "trades": 39,
      "resolved": 39,
      "win_rate": 0.20512820512820512,
      "avg_validation_rr": -0.05003010421503456
    },
    "GOLD_CFD": {
      "trades": 23,
      "resolved": 10,
      "win_rate": 0.8,
      "avg_validation_rr": 0.18222226899453034
    },
    "NVDA": {
      "trades": 4,
      "resolved": 4,
      "win_rate": 0.25,
      "avg_validation_rr": -0.2780254562964791
    },
    "USOIL": {
      "trades": 9,
      "resolved": 5,
      "win_rate": 0.8,
      "avg_validation_rr": 1.2879999999999998
    },
    "XAGUSD": {
      "trades": 35,
      "resolved": 35,
      "win_rate": 0.8571428571428571,
      "avg_validation_rr": 0.6077335221483597
    }
  }
}
