{
  "generated_utc": "2025-12-17T22:30:44.369702+00:00",
  "evaluated_trades": 215,
  "resolved_trades": 162,
  "wins": 85,
  "losses": 77,
  "ambiguous": 0,
  "win_rate": 0.5246913580246914,
  "avg_validation_rr": 0.32752259876272694,
  "max_drawdown_rr": 5.767411023264074,
  "rule_based_performance": {
    "trades": 215,
    "resolved": 162,
    "wins": 85,
    "losses": 77,
    "ambiguous": 0,
    "win_rate": 0.5246913580246914,
    "avg_validation_rr": 0.32752259876272694,
    "max_drawdown_rr": 5.767411023264074
  },
  "assets": {
    "BTCUSD": {
      "trades": 55,
      "resolved": 36,
      "win_rate": 0.3611111111111111,
      "avg_validation_rr": -0.2487072500540861
    },
    "EURUSD": {
      "trades": 49,
      "resolved": 43,
      "win_rate": 0.27906976744186046,
      "avg_validation_rr": -0.04973205013229383
    },
    "GOLD_CFD": {
      "trades": 30,
      "resolved": 16,
      "win_rate": 0.875,
      "avg_validation_rr": 0.6334455210935476
    },
    "NVDA": {
      "trades": 4,
      "resolved": 4,
      "win_rate": 0.5,
      "avg_validation_rr": 0.40249999999999553
    },
    "USOIL": {
      "trades": 16,
      "resolved": 9,
      "win_rate": 0.0,
      "avg_validation_rr": -0.9677330337255836
    },
    "XAGUSD": {
      "trades": 61,
      "resolved": 54,
      "win_rate": 0.8148148148148148,
      "avg_validation_rr": 1.1317605393190926
    }
  }
}
