{
  "generated_utc": "2025-12-18T05:44:14.364632+00:00",
  "evaluated_trades": 243,
  "resolved_trades": 162,
  "wins": 84,
  "losses": 77,
  "ambiguous": 1,
  "win_rate": 0.5185185185185185,
  "avg_validation_rr": 0.21245921003377524,
  "max_drawdown_rr": 14.168829483064663,
  "rule_based_performance": {
    "trades": 243,
    "resolved": 162,
    "wins": 84,
    "losses": 77,
    "ambiguous": 1,
    "win_rate": 0.5185185185185185,
    "avg_validation_rr": 0.21245921003377524,
    "max_drawdown_rr": 14.168829483064663
  },
  "assets": {
    "BTCUSD": {
      "trades": 60,
      "resolved": 31,
      "win_rate": 0.3870967741935484,
      "avg_validation_rr": -0.2778278441533761
    },
    "EURUSD": {
      "trades": 55,
      "resolved": 41,
      "win_rate": 0.34146341463414637,
      "avg_validation_rr": -0.04223666260420644
    },
    "GOLD_CFD": {
      "trades": 36,
      "resolved": 18,
      "win_rate": 0.5555555555555556,
      "avg_validation_rr": 0.27444255968680553
    },
    "NVDA": {
      "trades": 4,
      "resolved": 4,
      "win_rate": 0.5,
      "avg_validation_rr": 0.40249999999999553
    },
    "USOIL": {
      "trades": 19,
      "resolved": 12,
      "win_rate": 0.25,
      "avg_validation_rr": -0.6518991929632739
    },
    "XAGUSD": {
      "trades": 69,
      "resolved": 56,
      "win_rate": 0.7678571428571429,
      "avg_validation_rr": 0.8220639750392057
    }
  }
}
