{
  "generated_utc": "2025-12-18T05:49:59.574513+00:00",
  "evaluated_trades": 244,
  "resolved_trades": 162,
  "wins": 80,
  "losses": 82,
  "ambiguous": 0,
  "win_rate": 0.49382716049382713,
  "avg_validation_rr": 0.22406783847708014,
  "max_drawdown_rr": 14.55184924625246,
  "rule_based_performance": {
    "trades": 244,
    "resolved": 162,
    "wins": 80,
    "losses": 82,
    "ambiguous": 0,
    "win_rate": 0.49382716049382713,
    "avg_validation_rr": 0.22406783847708014,
    "max_drawdown_rr": 14.55184924625246
  },
  "assets": {
    "BTCUSD": {
      "trades": 60,
      "resolved": 31,
      "win_rate": 0.2903225806451613,
      "avg_validation_rr": -0.3191669689035709
    },
    "EURUSD": {
      "trades": 56,
      "resolved": 41,
      "win_rate": 0.34146341463414637,
      "avg_validation_rr": -0.0429217152389304
    },
    "GOLD_CFD": {
      "trades": 36,
      "resolved": 18,
      "win_rate": 0.6111111111111112,
      "avg_validation_rr": 0.32327942823494893
    },
    "NVDA": {
      "trades": 4,
      "resolved": 4,
      "win_rate": 0.5,
      "avg_validation_rr": 0.40249999999999553
    },
    "USOIL": {
      "trades": 19,
      "resolved": 12,
      "win_rate": 0.25,
      "avg_validation_rr": -0.6518965681596813
    },
    "XAGUSD": {
      "trades": 69,
      "resolved": 56,
      "win_rate": 0.7321428571428571,
      "avg_validation_rr": 0.8633336661389454
    }
  }
}
