{
  "generated_utc": "2025-12-19T02:01:28.322120+00:00",
  "evaluated_trades": 296,
  "resolved_trades": 147,
  "wins": 55,
  "losses": 92,
  "ambiguous": 0,
  "win_rate": 0.3741496598639456,
  "avg_validation_rr": -0.01884835755697686,
  "max_drawdown_rr": 12.033744664712852,
  "rule_based_performance": {
    "trades": 296,
    "resolved": 147,
    "wins": 55,
    "losses": 92,
    "ambiguous": 0,
    "win_rate": 0.3741496598639456,
    "avg_validation_rr": -0.01884835755697686,
    "max_drawdown_rr": 12.033744664712852
  },
  "assets": {
    "BTCUSD": {
      "trades": 68,
      "resolved": 24,
      "win_rate": 0.7083333333333334,
      "avg_validation_rr": 0.779571112685549
    },
    "EURUSD": {
      "trades": 58,
      "resolved": 19,
      "win_rate": 0.21052631578947367,
      "avg_validation_rr": -0.0805176194826733
    },
    "GOLD_CFD": {
      "trades": 44,
      "resolved": 21,
      "win_rate": 0.23809523809523808,
      "avg_validation_rr": -0.18973866284793534
    },
    "NVDA": {
      "trades": 7,
      "resolved": 7,
      "win_rate": 1.0,
      "avg_validation_rr": 1.252776070402028
    },
    "USOIL": {
      "trades": 28,
      "resolved": 19,
      "win_rate": 0.7368421052631579,
      "avg_validation_rr": 0.3390893036398656
    },
    "XAGUSD": {
      "trades": 91,
      "resolved": 57,
      "win_rate": 0.14035087719298245,
      "avg_validation_rr": -0.5469859269705787
    }
  }
}
