{
  "generated_utc": "2025-12-15T13:08:38.745127+00:00",
  "evaluated_trades": 40,
  "resolved_trades": 23,
  "wins": 11,
  "losses": 12,
  "ambiguous": 0,
  "win_rate": 0.4782608695652174,
  "avg_validation_rr": -0.1616795606332135,
  "max_drawdown_rr": 7.30180683725164,
  "rule_based_performance": {
    "trades": 40,
    "resolved": 23,
    "wins": 11,
    "losses": 12,
    "ambiguous": 0,
    "win_rate": 0.4782608695652174,
    "avg_validation_rr": -0.1616795606332135,
    "max_drawdown_rr": 7.30180683725164
  },
  "assets": {
    "BTCUSD": {
      "trades": 17,
      "resolved": 17,
      "win_rate": 0.35294117647058826,
      "avg_validation_rr": -0.24967868513589006
    },
    "EURUSD": {
      "trades": 1,
      "resolved": 1,
      "win_rate": 1.0,
      "avg_validation_rr": 0.08343123733632893
    },
    "GOLD_CFD": {
      "trades": 14,
      "resolved": 1,
      "win_rate": 1.0,
      "avg_validation_rr": 0.041494338256178404
    },
    "USOIL": {
      "trades": 5,
      "resolved": 1,
      "win_rate": 1.0,
      "avg_validation_rr": 0.08474745762712212
    },
    "XAGUSD": {
      "trades": 3,
      "resolved": 3,
      "win_rate": 0.6666666666666666,
      "avg_validation_rr": 0.10541157317553046
    }
  }
}
