{
  "generated_utc": "2025-12-16T06:02:17.930937+00:00",
  "evaluated_trades": 93,
  "resolved_trades": 73,
  "wins": 35,
  "losses": 38,
  "ambiguous": 0,
  "win_rate": 0.4794520547945205,
  "avg_validation_rr": 0.2585696352015298,
  "max_drawdown_rr": 12.113486631716754,
  "rule_based_performance": {
    "trades": 93,
    "resolved": 73,
    "wins": 35,
    "losses": 38,
    "ambiguous": 0,
    "win_rate": 0.4794520547945205,
    "avg_validation_rr": 0.2585696352015298,
    "max_drawdown_rr": 12.113486631716754
  },
  "assets": {
    "BTCUSD": {
      "trades": 34,
      "resolved": 32,
      "win_rate": 0.65625,
      "avg_validation_rr": 0.8458273871457983
    },
    "EURUSD": {
      "trades": 17,
      "resolved": 16,
      "win_rate": 0.5,
      "avg_validation_rr": 0.0026758138408046264
    },
    "GOLD_CFD": {
      "trades": 19,
      "resolved": 6,
      "win_rate": 0.0,
      "avg_validation_rr": -0.6182276437989138
    },
    "USOIL": {
      "trades": 7,
      "resolved": 3,
      "win_rate": 1.0,
      "avg_validation_rr": 1.298348794278681
    },
    "XAGUSD": {
      "trades": 16,
      "resolved": 16,
      "win_rate": 0.1875,
      "avg_validation_rr": -0.5262116600280817
    }
  }
}
