{
  "generated_utc": "2025-12-16T08:49:20.501399+00:00",
  "evaluated_trades": 108,
  "resolved_trades": 87,
  "wins": 32,
  "losses": 55,
  "ambiguous": 0,
  "win_rate": 0.367816091954023,
  "avg_validation_rr": 0.14685457889570733,
  "max_drawdown_rr": 16.084333577822367,
  "rule_based_performance": {
    "trades": 108,
    "resolved": 87,
    "wins": 32,
    "losses": 55,
    "ambiguous": 0,
    "win_rate": 0.367816091954023,
    "avg_validation_rr": 0.14685457889570733,
    "max_drawdown_rr": 16.084333577822367
  },
  "assets": {
    "BTCUSD": {
      "trades": 36,
      "resolved": 33,
      "win_rate": 0.48484848484848486,
      "avg_validation_rr": 0.5800868582388831
    },
    "EURUSD": {
      "trades": 24,
      "resolved": 23,
      "win_rate": 0.30434782608695654,
      "avg_validation_rr": -0.015899772748784725
    },
    "GOLD_CFD": {
      "trades": 22,
      "resolved": 9,
      "win_rate": 0.0,
      "avg_validation_rr": -0.48001247903869476
    },
    "USOIL": {
      "trades": 7,
      "resolved": 3,
      "win_rate": 1.0,
      "avg_validation_rr": 1.8033139466572685
    },
    "XAGUSD": {
      "trades": 19,
      "resolved": 19,
      "win_rate": 0.3157894736842105,
      "avg_validation_rr": -0.3731922480714794
    }
  }
}
