{
  "generated_utc": "2025-12-17T19:02:40.163852+00:00",
  "evaluated_trades": 205,
  "resolved_trades": 162,
  "wins": 82,
  "losses": 80,
  "ambiguous": 0,
  "win_rate": 0.5061728395061729,
  "avg_validation_rr": 0.366890970429226,
  "max_drawdown_rr": 7.263410134263374,
  "rule_based_performance": {
    "trades": 205,
    "resolved": 162,
    "wins": 82,
    "losses": 80,
    "ambiguous": 0,
    "win_rate": 0.5061728395061729,
    "avg_validation_rr": 0.366890970429226,
    "max_drawdown_rr": 7.263410134263374
  },
  "assets": {
    "BTCUSD": {
      "trades": 53,
      "resolved": 35,
      "win_rate": 0.2571428571428571,
      "avg_validation_rr": -0.20922271082830615
    },
    "EURUSD": {
      "trades": 45,
      "resolved": 43,
      "win_rate": 0.23255813953488372,
      "avg_validation_rr": -0.052719931236751
    },
    "GOLD_CFD": {
      "trades": 28,
      "resolved": 14,
      "win_rate": 0.9285714285714286,
      "avg_validation_rr": 0.6126224733682654
    },
    "NVDA": {
      "trades": 4,
      "resolved": 4,
      "win_rate": 0.5,
      "avg_validation_rr": 0.40249999999999553
    },
    "USOIL": {
      "trades": 16,
      "resolved": 11,
      "win_rate": 0.6363636363636364,
      "avg_validation_rr": 0.15013369703934265
    },
    "XAGUSD": {
      "trades": 59,
      "resolved": 55,
      "win_rate": 0.7454545454545455,
      "avg_validation_rr": 1.0397800697657669
    }
  }
}
