{
  "generated_utc": "2025-12-19T00:24:56.749813+00:00",
  "evaluated_trades": 292,
  "resolved_trades": 150,
  "wins": 63,
  "losses": 87,
  "ambiguous": 0,
  "win_rate": 0.42,
  "avg_validation_rr": 0.04457668956895927,
  "max_drawdown_rr": 10.308219120683418,
  "rule_based_performance": {
    "trades": 292,
    "resolved": 150,
    "wins": 63,
    "losses": 87,
    "ambiguous": 0,
    "win_rate": 0.42,
    "avg_validation_rr": 0.04457668956895927,
    "max_drawdown_rr": 10.308219120683418
  },
  "assets": {
    "BTCUSD": {
      "trades": 66,
      "resolved": 23,
      "win_rate": 0.6956521739130435,
      "avg_validation_rr": 0.7780207003549404
    },
    "EURUSD": {
      "trades": 58,
      "resolved": 21,
      "win_rate": 0.19047619047619047,
      "avg_validation_rr": -0.11686406067074724
    },
    "GOLD_CFD": {
      "trades": 44,
      "resolved": 22,
      "win_rate": 0.2727272727272727,
      "avg_validation_rr": -0.05360000984299406
    },
    "NVDA": {
      "trades": 7,
      "resolved": 7,
      "win_rate": 1.0,
      "avg_validation_rr": 1.252776070402028
    },
    "USOIL": {
      "trades": 27,
      "resolved": 19,
      "win_rate": 0.7368421052631579,
      "avg_validation_rr": 0.3251539093935119
    },
    "XAGUSD": {
      "trades": 90,
      "resolved": 58,
      "win_rate": 0.27586206896551724,
      "avg_validation_rr": -0.38831006816343283
    }
  }
}
