{
  "generated_utc": "2025-12-15T13:22:36.338047+00:00",
  "evaluated_trades": 40,
  "resolved_trades": 23,
  "wins": 12,
  "losses": 11,
  "ambiguous": 0,
  "win_rate": 0.5217391304347826,
  "avg_validation_rr": -0.11579642682450599,
  "max_drawdown_rr": 6.5994337761082935,
  "rule_based_performance": {
    "trades": 40,
    "resolved": 23,
    "wins": 12,
    "losses": 11,
    "ambiguous": 0,
    "win_rate": 0.5217391304347826,
    "avg_validation_rr": -0.11579642682450599,
    "max_drawdown_rr": 6.5994337761082935
  },
  "assets": {
    "BTCUSD": {
      "trades": 17,
      "resolved": 17,
      "win_rate": 0.4117647058823529,
      "avg_validation_rr": -0.18226562144071917
    },
    "EURUSD": {
      "trades": 1,
      "resolved": 1,
      "win_rate": 1.0,
      "avg_validation_rr": 0.06725579336296617
    },
    "GOLD_CFD": {
      "trades": 14,
      "resolved": 1,
      "win_rate": 0.0,
      "avg_validation_rr": -0.08442912095002356
    },
    "USOIL": {
      "trades": 5,
      "resolved": 1,
      "win_rate": 1.0,
      "avg_validation_rr": 0.08474745762712212
    },
    "XAGUSD": {
      "trades": 3,
      "resolved": 3,
      "win_rate": 1.0,
      "avg_validation_rr": 0.12254120582950778
    }
  }
}
