{
  "generated_utc": "2025-12-14T19:25:08.587691+00:00",
  "evaluated_trades": 28,
  "resolved_trades": 11,
  "wins": 9,
  "losses": 2,
  "ambiguous": 0,
  "win_rate": 0.8181818181818182,
  "avg_validation_rr": 0.6551716376726014,
  "max_drawdown_rr": 1.2551173450462842,
  "rule_based_performance": {
    "trades": 28,
    "resolved": 11,
    "wins": 9,
    "losses": 2,
    "ambiguous": 0,
    "win_rate": 0.8181818181818182,
    "avg_validation_rr": 0.6551716376726014,
    "max_drawdown_rr": 1.2551173450462842
  },
  "assets": {
    "BTCUSD": {
      "trades": 11,
      "resolved": 11,
      "win_rate": 0.8181818181818182,
      "avg_validation_rr": 0.6551716376726014
    },
    "GOLD_CFD": {
      "trades": 13,
      "resolved": 0,
      "win_rate": null,
      "avg_validation_rr": null
    },
    "USOIL": {
      "trades": 4,
      "resolved": 0,
      "win_rate": null,
      "avg_validation_rr": null
    }
  }
}
