{
  "generated_utc": "2025-12-18T07:09:17.241517+00:00",
  "evaluated_trades": 250,
  "resolved_trades": 162,
  "wins": 88,
  "losses": 74,
  "ambiguous": 0,
  "win_rate": 0.5432098765432098,
  "avg_validation_rr": 0.2500574848563717,
  "max_drawdown_rr": 6.389353595156109,
  "rule_based_performance": {
    "trades": 250,
    "resolved": 162,
    "wins": 88,
    "losses": 74,
    "ambiguous": 0,
    "win_rate": 0.5432098765432098,
    "avg_validation_rr": 0.2500574848563717,
    "max_drawdown_rr": 6.389353595156109
  },
  "assets": {
    "BTCUSD": {
      "trades": 60,
      "resolved": 28,
      "win_rate": 0.2857142857142857,
      "avg_validation_rr": -0.3817262978487185
    },
    "EURUSD": {
      "trades": 56,
      "resolved": 42,
      "win_rate": 0.40476190476190477,
      "avg_validation_rr": -0.012474689151802306
    },
    "GOLD_CFD": {
      "trades": 39,
      "resolved": 20,
      "win_rate": 0.45,
      "avg_validation_rr": 0.23256529829552447
    },
    "NVDA": {
      "trades": 4,
      "resolved": 4,
      "win_rate": 0.5,
      "avg_validation_rr": 0.40249999999999553
    },
    "USOIL": {
      "trades": 20,
      "resolved": 12,
      "win_rate": 0.25,
      "avg_validation_rr": -0.6518808156626651
    },
    "XAGUSD": {
      "trades": 71,
      "resolved": 56,
      "win_rate": 0.875,
      "avg_validation_rr": 0.9514794580877416
    }
  }
}
