{
  "generated_utc": "2025-12-19T23:47:31.418589+00:00",
  "evaluated_trades": 329,
  "resolved_trades": 133,
  "wins": 78,
  "losses": 55,
  "ambiguous": 0,
  "win_rate": 0.5864661654135338,
  "avg_validation_rr": 0.36726946714780795,
  "max_drawdown_rr": 5.543831452237818,
  "rule_based_performance": {
    "trades": 329,
    "resolved": 133,
    "wins": 78,
    "losses": 55,
    "ambiguous": 0,
    "win_rate": 0.5864661654135338,
    "avg_validation_rr": 0.36726946714780795,
    "max_drawdown_rr": 5.543831452237818
  },
  "assets": {
    "BTCUSD": {
      "trades": 73,
      "resolved": 21,
      "win_rate": 0.2857142857142857,
      "avg_validation_rr": -0.16262436221896578
    },
    "EURUSD": {
      "trades": 61,
      "resolved": 19,
      "win_rate": 0.21052631578947367,
      "avg_validation_rr": -0.11060408389504044
    },
    "GOLD_CFD": {
      "trades": 53,
      "resolved": 25,
      "win_rate": 0.8,
      "avg_validation_rr": 0.1343003866997326
    },
    "NVDA": {
      "trades": 7,
      "resolved": 4,
      "win_rate": 0.25,
      "avg_validation_rr": -0.4698759031024214
    },
    "USOIL": {
      "trades": 34,
      "resolved": 21,
      "win_rate": 0.3333333333333333,
      "avg_validation_rr": -0.4039624006113435
    },
    "XAGUSD": {
      "trades": 101,
      "resolved": 43,
      "win_rate": 0.9302325581395349,
      "avg_validation_rr": 1.4271775043957464
    }
  }
}
