{
  "generated_utc": "2025-12-18T21:24:55.182272+00:00",
  "evaluated_trades": 290,
  "resolved_trades": 160,
  "wins": 56,
  "losses": 104,
  "ambiguous": 0,
  "win_rate": 0.35,
  "avg_validation_rr": -0.10850926142403769,
  "max_drawdown_rr": 39.32027541321871,
  "rule_based_performance": {
    "trades": 290,
    "resolved": 160,
    "wins": 56,
    "losses": 104,
    "ambiguous": 0,
    "win_rate": 0.35,
    "avg_validation_rr": -0.10850926142403769,
    "max_drawdown_rr": 39.32027541321871
  },
  "assets": {
    "BTCUSD": {
      "trades": 66,
      "resolved": 25,
      "win_rate": 0.16,
      "avg_validation_rr": -0.5402827750997312
    },
    "EURUSD": {
      "trades": 58,
      "resolved": 26,
      "win_rate": 0.15384615384615385,
      "avg_validation_rr": -0.15542104153152725
    },
    "GOLD_CFD": {
      "trades": 43,
      "resolved": 21,
      "win_rate": 0.38095238095238093,
      "avg_validation_rr": 0.02941370494355523
    },
    "NVDA": {
      "trades": 7,
      "resolved": 7,
      "win_rate": 1.0,
      "avg_validation_rr": 1.252776070402028
    },
    "USOIL": {
      "trades": 27,
      "resolved": 19,
      "win_rate": 0.7368421052631579,
      "avg_validation_rr": 0.19857153574906036
    },
    "XAGUSD": {
      "trades": 89,
      "resolved": 62,
      "win_rate": 0.3064516129032258,
      "avg_validation_rr": -0.20924911042571034
    }
  }
}
