{
  "generated_utc": "2025-12-19T07:45:03.936100+00:00",
  "evaluated_trades": 309,
  "resolved_trades": 152,
  "wins": 44,
  "losses": 108,
  "ambiguous": 0,
  "win_rate": 0.2894736842105263,
  "avg_validation_rr": -0.24315531798309126,
  "max_drawdown_rr": 44.33532975915599,
  "rule_based_performance": {
    "trades": 309,
    "resolved": 152,
    "wins": 44,
    "losses": 108,
    "ambiguous": 0,
    "win_rate": 0.2894736842105263,
    "avg_validation_rr": -0.24315531798309126,
    "max_drawdown_rr": 44.33532975915599
  },
  "assets": {
    "BTCUSD": {
      "trades": 71,
      "resolved": 26,
      "win_rate": 0.15384615384615385,
      "avg_validation_rr": -0.49230769230769295
    },
    "EURUSD": {
      "trades": 58,
      "resolved": 18,
      "win_rate": 0.16666666666666666,
      "avg_validation_rr": -0.16228707286957517
    },
    "GOLD_CFD": {
      "trades": 47,
      "resolved": 24,
      "win_rate": 0.2916666666666667,
      "avg_validation_rr": -0.08384130443539288
    },
    "NVDA": {
      "trades": 7,
      "resolved": 7,
      "win_rate": 1.0,
      "avg_validation_rr": 1.252776070402028
    },
    "USOIL": {
      "trades": 31,
      "resolved": 20,
      "win_rate": 0.7,
      "avg_validation_rr": 0.318998839260172
    },
    "XAGUSD": {
      "trades": 95,
      "resolved": 57,
      "win_rate": 0.15789473684210525,
      "avg_validation_rr": -0.6030817367253634
    }
  }
}
