{
  "generated_utc": "2025-12-14T03:47:40.311160+00:00",
  "evaluated_trades": 20,
  "resolved_trades": 3,
  "wins": 1,
  "losses": 2,
  "ambiguous": 0,
  "win_rate": 0.3333333333333333,
  "avg_validation_rr": -0.04594701149753572,
  "max_drawdown_rr": 0.03216223148054159,
  "rule_based_performance": {
    "trades": 20,
    "resolved": 3,
    "wins": 1,
    "losses": 2,
    "ambiguous": 0,
    "win_rate": 0.3333333333333333,
    "avg_validation_rr": -0.04594701149753572,
    "max_drawdown_rr": 0.03216223148054159
  },
  "assets": {
    "BTCUSD": {
      "trades": 3,
      "resolved": 3,
      "win_rate": 0.3333333333333333,
      "avg_validation_rr": -0.04594701149753572
    },
    "GOLD_CFD": {
      "trades": 13,
      "resolved": 0,
      "win_rate": null,
      "avg_validation_rr": null
    },
    "USOIL": {
      "trades": 4,
      "resolved": 0,
      "win_rate": null,
      "avg_validation_rr": null
    }
  }
}
