{
  "generated_utc": "2025-12-16T22:05:56.109083+00:00",
  "evaluated_trades": 153,
  "resolved_trades": 128,
  "wins": 57,
  "losses": 71,
  "ambiguous": 0,
  "win_rate": 0.4453125,
  "avg_validation_rr": 0.16874966143946676,
  "max_drawdown_rr": 15.326508228674722,
  "rule_based_performance": {
    "trades": 153,
    "resolved": 128,
    "wins": 57,
    "losses": 71,
    "ambiguous": 0,
    "win_rate": 0.4453125,
    "avg_validation_rr": 0.16874966143946676,
    "max_drawdown_rr": 15.326508228674722
  },
  "assets": {
    "BTCUSD": {
      "trades": 43,
      "resolved": 35,
      "win_rate": 0.42857142857142855,
      "avg_validation_rr": 0.17513729811148038
    },
    "EURUSD": {
      "trades": 39,
      "resolved": 39,
      "win_rate": 0.20512820512820512,
      "avg_validation_rr": -0.048001420981311424
    },
    "GOLD_CFD": {
      "trades": 23,
      "resolved": 10,
      "win_rate": 0.3,
      "avg_validation_rr": -0.03878809686296274
    },
    "NVDA": {
      "trades": 4,
      "resolved": 4,
      "win_rate": 0.25,
      "avg_validation_rr": -0.2780254562964791
    },
    "USOIL": {
      "trades": 9,
      "resolved": 5,
      "win_rate": 1.0,
      "avg_validation_rr": 1.513389916575988
    },
    "XAGUSD": {
      "trades": 35,
      "resolved": 35,
      "win_rate": 0.7142857142857143,
      "avg_validation_rr": 0.32214971027304795
    }
  }
}
