{
  "generated_utc": "2025-12-16T01:43:37.519522+00:00",
  "evaluated_trades": 84,
  "resolved_trades": 66,
  "wins": 47,
  "losses": 19,
  "ambiguous": 0,
  "win_rate": 0.7121212121212122,
  "avg_validation_rr": 0.5496527372000684,
  "max_drawdown_rr": 2.17584931756074,
  "rule_based_performance": {
    "trades": 84,
    "resolved": 66,
    "wins": 47,
    "losses": 19,
    "ambiguous": 0,
    "win_rate": 0.7121212121212122,
    "avg_validation_rr": 0.5496527372000684,
    "max_drawdown_rr": 2.17584931756074
  },
  "assets": {
    "BTCUSD": {
      "trades": 31,
      "resolved": 31,
      "win_rate": 0.7419354838709677,
      "avg_validation_rr": 1.0278478673832327
    },
    "EURUSD": {
      "trades": 14,
      "resolved": 14,
      "win_rate": 0.6428571428571429,
      "avg_validation_rr": 0.021110239282928923
    },
    "GOLD_CFD": {
      "trades": 18,
      "resolved": 5,
      "win_rate": 0.8,
      "avg_validation_rr": 0.11407662726110421
    },
    "USOIL": {
      "trades": 7,
      "resolved": 3,
      "win_rate": 1.0,
      "avg_validation_rr": 0.8814141634762551
    },
    "XAGUSD": {
      "trades": 14,
      "resolved": 13,
      "win_rate": 0.6153846153846154,
      "avg_validation_rr": 0.0695098299714621
    }
  }
}
