{
  "generated_utc": "2025-12-18T21:26:28.890989+00:00",
  "evaluated_trades": 289,
  "resolved_trades": 159,
  "wins": 54,
  "losses": 105,
  "ambiguous": 0,
  "win_rate": 0.33962264150943394,
  "avg_validation_rr": -0.12390851077446927,
  "max_drawdown_rr": 39.51499493662406,
  "rule_based_performance": {
    "trades": 289,
    "resolved": 159,
    "wins": 54,
    "losses": 105,
    "ambiguous": 0,
    "win_rate": 0.33962264150943394,
    "avg_validation_rr": -0.12390851077446927,
    "max_drawdown_rr": 39.51499493662406
  },
  "assets": {
    "BTCUSD": {
      "trades": 66,
      "resolved": 25,
      "win_rate": 0.16,
      "avg_validation_rr": -0.5384871566030607
    },
    "EURUSD": {
      "trades": 58,
      "resolved": 26,
      "win_rate": 0.15384615384615385,
      "avg_validation_rr": -0.15492951486384382
    },
    "GOLD_CFD": {
      "trades": 43,
      "resolved": 21,
      "win_rate": 0.3333333333333333,
      "avg_validation_rr": 0.018065899144198996
    },
    "NVDA": {
      "trades": 7,
      "resolved": 7,
      "win_rate": 1.0,
      "avg_validation_rr": 1.252776070402028
    },
    "USOIL": {
      "trades": 27,
      "resolved": 19,
      "win_rate": 0.7368421052631579,
      "avg_validation_rr": 0.19857153574906036
    },
    "XAGUSD": {
      "trades": 88,
      "resolved": 61,
      "win_rate": 0.29508196721311475,
      "avg_validation_rr": -0.2480784010766997
    }
  }
}
