{
  "generated_utc": "2025-12-19T06:51:03.743807+00:00",
  "evaluated_trades": 306,
  "resolved_trades": 153,
  "wins": 47,
  "losses": 106,
  "ambiguous": 0,
  "win_rate": 0.30718954248366015,
  "avg_validation_rr": -0.19650922125112194,
  "max_drawdown_rr": 40.06434777398651,
  "rule_based_performance": {
    "trades": 306,
    "resolved": 153,
    "wins": 47,
    "losses": 106,
    "ambiguous": 0,
    "win_rate": 0.30718954248366015,
    "avg_validation_rr": -0.19650922125112194,
    "max_drawdown_rr": 40.06434777398651
  },
  "assets": {
    "BTCUSD": {
      "trades": 71,
      "resolved": 27,
      "win_rate": 0.2962962962962963,
      "avg_validation_rr": -0.16873791971416402
    },
    "EURUSD": {
      "trades": 58,
      "resolved": 19,
      "win_rate": 0.15789473684210525,
      "avg_validation_rr": -0.15773491530540942
    },
    "GOLD_CFD": {
      "trades": 46,
      "resolved": 23,
      "win_rate": 0.21739130434782608,
      "avg_validation_rr": -0.1768652717897779
    },
    "NVDA": {
      "trades": 7,
      "resolved": 7,
      "win_rate": 1.0,
      "avg_validation_rr": 1.252776070402028
    },
    "USOIL": {
      "trades": 30,
      "resolved": 20,
      "win_rate": 0.75,
      "avg_validation_rr": 0.33838335272563985
    },
    "XAGUSD": {
      "trades": 94,
      "resolved": 57,
      "win_rate": 0.15789473684210525,
      "avg_validation_rr": -0.5961793320087464
    }
  }
}
