{
  "generated_utc": "2025-12-17T06:02:09.050884+00:00",
  "evaluated_trades": 167,
  "resolved_trades": 136,
  "wins": 64,
  "losses": 72,
  "ambiguous": 0,
  "win_rate": 0.47058823529411764,
  "avg_validation_rr": 0.42946352677842364,
  "max_drawdown_rr": 4.3945480631276865,
  "rule_based_performance": {
    "trades": 167,
    "resolved": 136,
    "wins": 64,
    "losses": 72,
    "ambiguous": 0,
    "win_rate": 0.47058823529411764,
    "avg_validation_rr": 0.42946352677842364,
    "max_drawdown_rr": 4.3945480631276865
  },
  "assets": {
    "BTCUSD": {
      "trades": 45,
      "resolved": 33,
      "win_rate": 0.30303030303030304,
      "avg_validation_rr": -0.19020511047797922
    },
    "EURUSD": {
      "trades": 40,
      "resolved": 40,
      "win_rate": 0.1,
      "avg_validation_rr": -0.17996642428353032
    },
    "GOLD_CFD": {
      "trades": 24,
      "resolved": 11,
      "win_rate": 0.9090909090909091,
      "avg_validation_rr": 0.7114668967601304
    },
    "NVDA": {
      "trades": 4,
      "resolved": 4,
      "win_rate": 0.25,
      "avg_validation_rr": -0.2780254562964791
    },
    "USOIL": {
      "trades": 12,
      "resolved": 7,
      "win_rate": 0.42857142857142855,
      "avg_validation_rr": 0.46898161310157466
    },
    "XAGUSD": {
      "trades": 42,
      "resolved": 41,
      "win_rate": 0.8780487804878049,
      "avg_validation_rr": 1.5094039006852098
    }
  }
}
