{
  "generated_utc": "2025-12-18T22:35:34.012355+00:00",
  "evaluated_trades": 289,
  "resolved_trades": 154,
  "wins": 64,
  "losses": 90,
  "ambiguous": 0,
  "win_rate": 0.4155844155844156,
  "avg_validation_rr": 0.03487671688003955,
  "max_drawdown_rr": 14.71271420121482,
  "rule_based_performance": {
    "trades": 289,
    "resolved": 154,
    "wins": 64,
    "losses": 90,
    "ambiguous": 0,
    "win_rate": 0.4155844155844156,
    "avg_validation_rr": 0.03487671688003955,
    "max_drawdown_rr": 14.71271420121482
  },
  "assets": {
    "BTCUSD": {
      "trades": 66,
      "resolved": 24,
      "win_rate": 0.5416666666666666,
      "avg_validation_rr": 0.5208997999452799
    },
    "EURUSD": {
      "trades": 58,
      "resolved": 24,
      "win_rate": 0.16666666666666666,
      "avg_validation_rr": -0.1316335648879777
    },
    "GOLD_CFD": {
      "trades": 43,
      "resolved": 21,
      "win_rate": 0.3333333333333333,
      "avg_validation_rr": 0.02294979247979905
    },
    "NVDA": {
      "trades": 7,
      "resolved": 7,
      "win_rate": 1.0,
      "avg_validation_rr": 1.252776070402028
    },
    "USOIL": {
      "trades": 27,
      "resolved": 19,
      "win_rate": 0.7368421052631579,
      "avg_validation_rr": 0.15362041389269865
    },
    "XAGUSD": {
      "trades": 88,
      "resolved": 59,
      "win_rate": 0.3220338983050847,
      "avg_validation_rr": -0.27358544475763413
    }
  }
}
