{
  "generated_utc": "2025-12-15T15:50:56.965112+00:00",
  "evaluated_trades": 47,
  "resolved_trades": 28,
  "wins": 17,
  "losses": 11,
  "ambiguous": 0,
  "win_rate": 0.6071428571428571,
  "avg_validation_rr": 0.5300760726690023,
  "max_drawdown_rr": 2.0,
  "rule_based_performance": {
    "trades": 47,
    "resolved": 28,
    "wins": 17,
    "losses": 11,
    "ambiguous": 0,
    "win_rate": 0.6071428571428571,
    "avg_validation_rr": 0.5300760726690023,
    "max_drawdown_rr": 2.0
  },
  "assets": {
    "BTCUSD": {
      "trades": 18,
      "resolved": 18,
      "win_rate": 0.5555555555555556,
      "avg_validation_rr": 0.794670104196091
    },
    "EURUSD": {
      "trades": 4,
      "resolved": 3,
      "win_rate": 0.6666666666666666,
      "avg_validation_rr": 0.047098516870636827
    },
    "GOLD_CFD": {
      "trades": 14,
      "resolved": 1,
      "win_rate": 0.0,
      "avg_validation_rr": -0.4167070745276554
    },
    "USOIL": {
      "trades": 7,
      "resolved": 2,
      "win_rate": 1.0,
      "avg_validation_rr": 0.5924735057984032
    },
    "XAGUSD": {
      "trades": 4,
      "resolved": 4,
      "win_rate": 0.75,
      "avg_validation_rr": -0.09286683211965946
    }
  }
}
