{
  "generated_utc": "2025-12-15T02:02:24.021344+00:00",
  "evaluated_trades": 30,
  "resolved_trades": 13,
  "wins": 5,
  "losses": 8,
  "ambiguous": 0,
  "win_rate": 0.38461538461538464,
  "avg_validation_rr": 0.27271609084244736,
  "max_drawdown_rr": 2.924690819048191,
  "rule_based_performance": {
    "trades": 30,
    "resolved": 13,
    "wins": 5,
    "losses": 8,
    "ambiguous": 0,
    "win_rate": 0.38461538461538464,
    "avg_validation_rr": 0.27271609084244736,
    "max_drawdown_rr": 2.924690819048191
  },
  "assets": {
    "BTCUSD": {
      "trades": 13,
      "resolved": 13,
      "win_rate": 0.38461538461538464,
      "avg_validation_rr": 0.27271609084244736
    },
    "GOLD_CFD": {
      "trades": 13,
      "resolved": 0,
      "win_rate": null,
      "avg_validation_rr": null
    },
    "USOIL": {
      "trades": 4,
      "resolved": 0,
      "win_rate": null,
      "avg_validation_rr": null
    }
  }
}
