{
  "generated_utc": "2025-12-16T21:07:32.617212+00:00",
  "evaluated_trades": 153,
  "resolved_trades": 128,
  "wins": 55,
  "losses": 73,
  "ambiguous": 0,
  "win_rate": 0.4296875,
  "avg_validation_rr": 0.11389852171768333,
  "max_drawdown_rr": 16.87697521135111,
  "rule_based_performance": {
    "trades": 153,
    "resolved": 128,
    "wins": 55,
    "losses": 73,
    "ambiguous": 0,
    "win_rate": 0.4296875,
    "avg_validation_rr": 0.11389852171768333,
    "max_drawdown_rr": 16.87697521135111
  },
  "assets": {
    "BTCUSD": {
      "trades": 43,
      "resolved": 36,
      "win_rate": 0.4444444444444444,
      "avg_validation_rr": 0.2122979479019041
    },
    "EURUSD": {
      "trades": 39,
      "resolved": 39,
      "win_rate": 0.20512820512820512,
      "avg_validation_rr": -0.04732519323673204
    },
    "GOLD_CFD": {
      "trades": 23,
      "resolved": 10,
      "win_rate": 0.3,
      "avg_validation_rr": -0.03285035653848001
    },
    "NVDA": {
      "trades": 4,
      "resolved": 4,
      "win_rate": 0.25,
      "avg_validation_rr": -0.2780254562964791
    },
    "USOIL": {
      "trades": 9,
      "resolved": 5,
      "win_rate": 1.0,
      "avg_validation_rr": 1.5061356546971332
    },
    "XAGUSD": {
      "trades": 35,
      "resolved": 34,
      "win_rate": 0.6470588235294118,
      "avg_validation_rr": 0.07917336202095644
    }
  }
}
