{
  "generated_utc": "2025-12-18T12:54:59.507674+00:00",
  "evaluated_trades": 262,
  "resolved_trades": 162,
  "wins": 67,
  "losses": 95,
  "ambiguous": 0,
  "win_rate": 0.41358024691358025,
  "avg_validation_rr": 0.07760529809360671,
  "max_drawdown_rr": 19.561279370096667,
  "rule_based_performance": {
    "trades": 262,
    "resolved": 162,
    "wins": 67,
    "losses": 95,
    "ambiguous": 0,
    "win_rate": 0.41358024691358025,
    "avg_validation_rr": 0.07760529809360671,
    "max_drawdown_rr": 19.561279370096667
  },
  "assets": {
    "BTCUSD": {
      "trades": 60,
      "resolved": 25,
      "win_rate": 0.2,
      "avg_validation_rr": -0.5243846946265509
    },
    "EURUSD": {
      "trades": 56,
      "resolved": 37,
      "win_rate": 0.10810810810810811,
      "avg_validation_rr": -0.21743596203377627
    },
    "GOLD_CFD": {
      "trades": 40,
      "resolved": 19,
      "win_rate": 0.2631578947368421,
      "avg_validation_rr": -0.14566931543883122
    },
    "NVDA": {
      "trades": 4,
      "resolved": 4,
      "win_rate": 0.5,
      "avg_validation_rr": 0.40249999999999553
    },
    "USOIL": {
      "trades": 24,
      "resolved": 17,
      "win_rate": 0.6470588235294118,
      "avg_validation_rr": 0.08266233904115598
    },
    "XAGUSD": {
      "trades": 78,
      "resolved": 60,
      "win_rate": 0.6666666666666666,
      "avg_validation_rr": 0.5579877246952656
    }
  }
}
