{
  "generated_utc": "2025-12-17T22:08:28.161561+00:00",
  "evaluated_trades": 215,
  "resolved_trades": 163,
  "wins": 83,
  "losses": 80,
  "ambiguous": 0,
  "win_rate": 0.50920245398773,
  "avg_validation_rr": 0.34427249287590145,
  "max_drawdown_rr": 5.085913546266056,
  "rule_based_performance": {
    "trades": 215,
    "resolved": 163,
    "wins": 83,
    "losses": 80,
    "ambiguous": 0,
    "win_rate": 0.50920245398773,
    "avg_validation_rr": 0.34427249287590145,
    "max_drawdown_rr": 5.085913546266056
  },
  "assets": {
    "BTCUSD": {
      "trades": 55,
      "resolved": 37,
      "win_rate": 0.3783783783783784,
      "avg_validation_rr": -0.19620856261756492
    },
    "EURUSD": {
      "trades": 49,
      "resolved": 42,
      "win_rate": 0.19047619047619047,
      "avg_validation_rr": -0.0669635869522572
    },
    "GOLD_CFD": {
      "trades": 30,
      "resolved": 16,
      "win_rate": 0.875,
      "avg_validation_rr": 0.6319490652691802
    },
    "NVDA": {
      "trades": 4,
      "resolved": 4,
      "win_rate": 0.5,
      "avg_validation_rr": 0.40249999999999553
    },
    "USOIL": {
      "trades": 16,
      "resolved": 9,
      "win_rate": 0.0,
      "avg_validation_rr": -0.9677330337255836
    },
    "XAGUSD": {
      "trades": 61,
      "resolved": 55,
      "win_rate": 0.8181818181818182,
      "avg_validation_rr": 1.1486730193970915
    }
  }
}
