{
  "generated_utc": "2025-12-17T18:00:18.821740+00:00",
  "evaluated_trades": 198,
  "resolved_trades": 156,
  "wins": 76,
  "losses": 80,
  "ambiguous": 0,
  "win_rate": 0.48717948717948717,
  "avg_validation_rr": 0.36818472468792707,
  "max_drawdown_rr": 7.31596222222808,
  "rule_based_performance": {
    "trades": 198,
    "resolved": 156,
    "wins": 76,
    "losses": 80,
    "ambiguous": 0,
    "win_rate": 0.48717948717948717,
    "avg_validation_rr": 0.36818472468792707,
    "max_drawdown_rr": 7.31596222222808
  },
  "assets": {
    "BTCUSD": {
      "trades": 51,
      "resolved": 34,
      "win_rate": 0.17647058823529413,
      "avg_validation_rr": -0.37987182697412036
    },
    "EURUSD": {
      "trades": 42,
      "resolved": 41,
      "win_rate": 0.24390243902439024,
      "avg_validation_rr": -0.032525398516989656
    },
    "GOLD_CFD": {
      "trades": 28,
      "resolved": 13,
      "win_rate": 1.0,
      "avg_validation_rr": 0.7178152417184133
    },
    "NVDA": {
      "trades": 4,
      "resolved": 4,
      "win_rate": 0.5,
      "avg_validation_rr": 0.40249999999999553
    },
    "USOIL": {
      "trades": 15,
      "resolved": 10,
      "win_rate": 0.5,
      "avg_validation_rr": 0.0226044929677098
    },
    "XAGUSD": {
      "trades": 58,
      "resolved": 54,
      "win_rate": 0.7407407407407407,
      "avg_validation_rr": 1.120710322881793
    }
  }
}
