{
  "generated_utc": "2025-12-19T12:25:11.513495+00:00",
  "evaluated_trades": 319,
  "resolved_trades": 155,
  "wins": 59,
  "losses": 96,
  "ambiguous": 0,
  "win_rate": 0.38064516129032255,
  "avg_validation_rr": -0.05901958547641135,
  "max_drawdown_rr": 31.722638190235216,
  "rule_based_performance": {
    "trades": 319,
    "resolved": 155,
    "wins": 59,
    "losses": 96,
    "ambiguous": 0,
    "win_rate": 0.38064516129032255,
    "avg_validation_rr": -0.05901958547641135,
    "max_drawdown_rr": 31.722638190235216
  },
  "assets": {
    "BTCUSD": {
      "trades": 72,
      "resolved": 26,
      "win_rate": 0.34615384615384615,
      "avg_validation_rr": -0.10794877164443092
    },
    "EURUSD": {
      "trades": 58,
      "resolved": 18,
      "win_rate": 0.16666666666666666,
      "avg_validation_rr": -0.16886286930121266
    },
    "GOLD_CFD": {
      "trades": 52,
      "resolved": 28,
      "win_rate": 0.21428571428571427,
      "avg_validation_rr": -0.11161715751190739
    },
    "NVDA": {
      "trades": 7,
      "resolved": 7,
      "win_rate": 1.0,
      "avg_validation_rr": 1.252776070402028
    },
    "USOIL": {
      "trades": 34,
      "resolved": 22,
      "win_rate": 0.4090909090909091,
      "avg_validation_rr": -0.25340175159212114
    },
    "XAGUSD": {
      "trades": 96,
      "resolved": 54,
      "win_rate": 0.46296296296296297,
      "avg_validation_rr": -0.062428696039275026
    }
  }
}
