{
  "generated_utc": "2025-12-16T05:38:07.112659+00:00",
  "evaluated_trades": 91,
  "resolved_trades": 73,
  "wins": 36,
  "losses": 37,
  "ambiguous": 0,
  "win_rate": 0.4931506849315068,
  "avg_validation_rr": 0.24031528410165975,
  "max_drawdown_rr": 12.54432502704249,
  "rule_based_performance": {
    "trades": 91,
    "resolved": 73,
    "wins": 36,
    "losses": 37,
    "ambiguous": 0,
    "win_rate": 0.4931506849315068,
    "avg_validation_rr": 0.24031528410165975,
    "max_drawdown_rr": 12.54432502704249
  },
  "assets": {
    "BTCUSD": {
      "trades": 33,
      "resolved": 32,
      "win_rate": 0.65625,
      "avg_validation_rr": 0.8581637917635403
    },
    "EURUSD": {
      "trades": 16,
      "resolved": 16,
      "win_rate": 0.5625,
      "avg_validation_rr": 0.012887553629607773
    },
    "GOLD_CFD": {
      "trades": 19,
      "resolved": 6,
      "win_rate": 0.0,
      "avg_validation_rr": -0.7683692972651391
    },
    "USOIL": {
      "trades": 7,
      "resolved": 3,
      "win_rate": 1.0,
      "avg_validation_rr": 1.2114884262527377
    },
    "XAGUSD": {
      "trades": 16,
      "resolved": 16,
      "win_rate": 0.1875,
      "avg_validation_rr": -0.571792246890827
    }
  }
}
