{
  "generated_utc": "2025-12-17T05:43:37.933032+00:00",
  "evaluated_trades": 166,
  "resolved_trades": 135,
  "wins": 63,
  "losses": 72,
  "ambiguous": 0,
  "win_rate": 0.4666666666666667,
  "avg_validation_rr": 0.4426807758598991,
  "max_drawdown_rr": 4.35867826398853,
  "rule_based_performance": {
    "trades": 166,
    "resolved": 135,
    "wins": 63,
    "losses": 72,
    "ambiguous": 0,
    "win_rate": 0.4666666666666667,
    "avg_validation_rr": 0.4426807758598991,
    "max_drawdown_rr": 4.35867826398853
  },
  "assets": {
    "BTCUSD": {
      "trades": 46,
      "resolved": 33,
      "win_rate": 0.30303030303030304,
      "avg_validation_rr": -0.17881428501886976
    },
    "EURUSD": {
      "trades": 40,
      "resolved": 40,
      "win_rate": 0.1,
      "avg_validation_rr": -0.17792457342975848
    },
    "GOLD_CFD": {
      "trades": 24,
      "resolved": 11,
      "win_rate": 0.9090909090909091,
      "avg_validation_rr": 0.7466430268147225
    },
    "NVDA": {
      "trades": 4,
      "resolved": 4,
      "win_rate": 0.25,
      "avg_validation_rr": -0.2780254562964791
    },
    "USOIL": {
      "trades": 11,
      "resolved": 7,
      "win_rate": 0.42857142857142855,
      "avg_validation_rr": 0.4792264538388103
    },
    "XAGUSD": {
      "trades": 41,
      "resolved": 40,
      "win_rate": 0.875,
      "avg_validation_rr": 1.5581050609312928
    }
  }
}
