{
  "generated_utc": "2025-12-15T03:02:58.721682+00:00",
  "evaluated_trades": 31,
  "resolved_trades": 14,
  "wins": 5,
  "losses": 9,
  "ambiguous": 0,
  "win_rate": 0.35714285714285715,
  "avg_validation_rr": 0.05074880932590179,
  "max_drawdown_rr": 6.023133797144504,
  "rule_based_performance": {
    "trades": 31,
    "resolved": 14,
    "wins": 5,
    "losses": 9,
    "ambiguous": 0,
    "win_rate": 0.35714285714285715,
    "avg_validation_rr": 0.05074880932590179,
    "max_drawdown_rr": 6.023133797144504
  },
  "assets": {
    "BTCUSD": {
      "trades": 14,
      "resolved": 14,
      "win_rate": 0.35714285714285715,
      "avg_validation_rr": 0.05074880932590179
    },
    "GOLD_CFD": {
      "trades": 13,
      "resolved": 0,
      "win_rate": null,
      "avg_validation_rr": null
    },
    "USOIL": {
      "trades": 4,
      "resolved": 0,
      "win_rate": null,
      "avg_validation_rr": null
    }
  }
}
