{
  "generated_utc": "2025-12-15T23:05:29.501587+00:00",
  "evaluated_trades": 75,
  "resolved_trades": 57,
  "wins": 42,
  "losses": 15,
  "ambiguous": 0,
  "win_rate": 0.7368421052631579,
  "avg_validation_rr": 0.6289500560549351,
  "max_drawdown_rr": 2.0,
  "rule_based_performance": {
    "trades": 75,
    "resolved": 57,
    "wins": 42,
    "losses": 15,
    "ambiguous": 0,
    "win_rate": 0.7368421052631579,
    "avg_validation_rr": 0.6289500560549351,
    "max_drawdown_rr": 2.0
  },
  "assets": {
    "BTCUSD": {
      "trades": 28,
      "resolved": 27,
      "win_rate": 0.6666666666666666,
      "avg_validation_rr": 1.0427960294248058
    },
    "EURUSD": {
      "trades": 12,
      "resolved": 12,
      "win_rate": 0.75,
      "avg_validation_rr": 0.023989797073911
    },
    "GOLD_CFD": {
      "trades": 16,
      "resolved": 3,
      "win_rate": 0.6666666666666666,
      "avg_validation_rr": -0.20209161546868984
    },
    "USOIL": {
      "trades": 7,
      "resolved": 3,
      "win_rate": 1.0,
      "avg_validation_rr": 0.6555709525372214
    },
    "XAGUSD": {
      "trades": 12,
      "resolved": 12,
      "win_rate": 0.8333333333333334,
      "avg_validation_rr": 0.5038620687140849
    }
  }
}
