{
  "generated_utc": "2025-12-17T11:37:38.577707+00:00",
  "evaluated_trades": 181,
  "resolved_trades": 147,
  "wins": 67,
  "losses": 80,
  "ambiguous": 0,
  "win_rate": 0.4557823129251701,
  "avg_validation_rr": 0.24063445740273842,
  "max_drawdown_rr": 5.0,
  "rule_based_performance": {
    "trades": 181,
    "resolved": 147,
    "wins": 67,
    "losses": 80,
    "ambiguous": 0,
    "win_rate": 0.4557823129251701,
    "avg_validation_rr": 0.24063445740273842,
    "max_drawdown_rr": 5.0
  },
  "assets": {
    "BTCUSD": {
      "trades": 48,
      "resolved": 31,
      "win_rate": 0.1935483870967742,
      "avg_validation_rr": -0.4998012977455907
    },
    "EURUSD": {
      "trades": 42,
      "resolved": 42,
      "win_rate": 0.11904761904761904,
      "avg_validation_rr": -0.25290910798353644
    },
    "GOLD_CFD": {
      "trades": 27,
      "resolved": 14,
      "win_rate": 0.7857142857142857,
      "avg_validation_rr": 0.20646213012045916
    },
    "NVDA": {
      "trades": 4,
      "resolved": 4,
      "win_rate": 0.25,
      "avg_validation_rr": -0.2780254562964791
    },
    "USOIL": {
      "trades": 13,
      "resolved": 9,
      "win_rate": 0.3333333333333333,
      "avg_validation_rr": -0.1791407198527398
    },
    "XAGUSD": {
      "trades": 47,
      "resolved": 47,
      "win_rate": 0.8723404255319149,
      "avg_validation_rr": 1.3047486486340112
    }
  }
}
