{
  "generated_utc": "2025-12-15T03:47:25.255828+00:00",
  "evaluated_trades": 33,
  "resolved_trades": 15,
  "wins": 7,
  "losses": 8,
  "ambiguous": 0,
  "win_rate": 0.4666666666666667,
  "avg_validation_rr": 0.06339409808983089,
  "max_drawdown_rr": 5.992897420150315,
  "rule_based_performance": {
    "trades": 33,
    "resolved": 15,
    "wins": 7,
    "losses": 8,
    "ambiguous": 0,
    "win_rate": 0.4666666666666667,
    "avg_validation_rr": 0.06339409808983089,
    "max_drawdown_rr": 5.992897420150315
  },
  "assets": {
    "BTCUSD": {
      "trades": 16,
      "resolved": 15,
      "win_rate": 0.4666666666666667,
      "avg_validation_rr": 0.06339409808983089
    },
    "GOLD_CFD": {
      "trades": 13,
      "resolved": 0,
      "win_rate": null,
      "avg_validation_rr": null
    },
    "USOIL": {
      "trades": 4,
      "resolved": 0,
      "win_rate": null,
      "avg_validation_rr": null
    }
  }
}
