{
  "generated_utc": "2025-12-21T10:38:16.210948+00:00",
  "evaluated_trades": 330,
  "resolved_trades": 90,
  "wins": 47,
  "losses": 43,
  "ambiguous": 0,
  "win_rate": 0.5222222222222223,
  "avg_validation_rr": 0.34489406210243595,
  "max_drawdown_rr": 5.04736540695361,
  "rule_based_performance": {
    "trades": 330,
    "resolved": 90,
    "wins": 47,
    "losses": 43,
    "ambiguous": 0,
    "win_rate": 0.5222222222222223,
    "avg_validation_rr": 0.34489406210243595,
    "max_drawdown_rr": 5.04736540695361
  },
  "assets": {
    "BTCUSD": {
      "trades": 74,
      "resolved": 4,
      "win_rate": 0.25,
      "avg_validation_rr": -0.5585617524467537
    },
    "EURUSD": {
      "trades": 61,
      "resolved": 19,
      "win_rate": 0.15789473684210525,
      "avg_validation_rr": -0.13891884939876006
    },
    "GOLD_CFD": {
      "trades": 53,
      "resolved": 13,
      "win_rate": 0.9230769230769231,
      "avg_validation_rr": 0.20815831192123596
    },
    "NVDA": {
      "trades": 7,
      "resolved": 4,
      "win_rate": 0.25,
      "avg_validation_rr": -0.4698759031024214
    },
    "USOIL": {
      "trades": 34,
      "resolved": 20,
      "win_rate": 0.1,
      "avg_validation_rr": -0.6198253233125458
    },
    "XAGUSD": {
      "trades": 101,
      "resolved": 30,
      "win_rate": 0.9333333333333333,
      "avg_validation_rr": 1.5828040920422406
    }
  }
}
