{
  "generated_utc": "2025-12-15T18:04:27.936159+00:00",
  "evaluated_trades": 57,
  "resolved_trades": 38,
  "wins": 19,
  "losses": 19,
  "ambiguous": 0,
  "win_rate": 0.5,
  "avg_validation_rr": 0.3723496108518801,
  "max_drawdown_rr": 4.571563940171062,
  "rule_based_performance": {
    "trades": 57,
    "resolved": 38,
    "wins": 19,
    "losses": 19,
    "ambiguous": 0,
    "win_rate": 0.5,
    "avg_validation_rr": 0.3723496108518801,
    "max_drawdown_rr": 4.571563940171062
  },
  "assets": {
    "BTCUSD": {
      "trades": 21,
      "resolved": 20,
      "win_rate": 0.55,
      "avg_validation_rr": 0.8010352757613963
    },
    "EURUSD": {
      "trades": 8,
      "resolved": 7,
      "win_rate": 0.2857142857142857,
      "avg_validation_rr": -0.028306850248562037
    },
    "GOLD_CFD": {
      "trades": 14,
      "resolved": 1,
      "win_rate": 0.0,
      "avg_validation_rr": -1.0
    },
    "USOIL": {
      "trades": 7,
      "resolved": 3,
      "win_rate": 1.0,
      "avg_validation_rr": 0.7250623739937726
    },
    "XAGUSD": {
      "trades": 7,
      "resolved": 7,
      "win_rate": 0.42857142857142855,
      "avg_validation_rr": -0.406922781871124
    }
  }
}
