{
  "generated_utc": "2025-12-17T18:50:01.263762+00:00",
  "evaluated_trades": 202,
  "resolved_trades": 161,
  "wins": 81,
  "losses": 80,
  "ambiguous": 0,
  "win_rate": 0.5031055900621118,
  "avg_validation_rr": 0.3596044008177273,
  "max_drawdown_rr": 8.24764151017284,
  "rule_based_performance": {
    "trades": 202,
    "resolved": 161,
    "wins": 81,
    "losses": 80,
    "ambiguous": 0,
    "win_rate": 0.5031055900621118,
    "avg_validation_rr": 0.3596044008177273,
    "max_drawdown_rr": 8.24764151017284
  },
  "assets": {
    "BTCUSD": {
      "trades": 52,
      "resolved": 35,
      "win_rate": 0.2571428571428571,
      "avg_validation_rr": -0.20274165687289195
    },
    "EURUSD": {
      "trades": 44,
      "resolved": 42,
      "win_rate": 0.23809523809523808,
      "avg_validation_rr": -0.04643843438593874
    },
    "GOLD_CFD": {
      "trades": 28,
      "resolved": 14,
      "win_rate": 0.9285714285714286,
      "avg_validation_rr": 0.5518164796237542
    },
    "NVDA": {
      "trades": 4,
      "resolved": 4,
      "win_rate": 0.5,
      "avg_validation_rr": 0.40249999999999553
    },
    "USOIL": {
      "trades": 16,
      "resolved": 11,
      "win_rate": 0.5454545454545454,
      "avg_validation_rr": 0.02054979543714673
    },
    "XAGUSD": {
      "trades": 58,
      "resolved": 55,
      "win_rate": 0.7454545454545455,
      "avg_validation_rr": 1.0432945873067925
    }
  }
}
