{
  "generated_utc": "2025-12-16T17:13:19.363728+00:00",
  "evaluated_trades": 135,
  "resolved_trades": 113,
  "wins": 74,
  "losses": 39,
  "ambiguous": 0,
  "win_rate": 0.6548672566371682,
  "avg_validation_rr": 0.24958797162614954,
  "max_drawdown_rr": 14.762597999301192,
  "rule_based_performance": {
    "trades": 135,
    "resolved": 113,
    "wins": 74,
    "losses": 39,
    "ambiguous": 0,
    "win_rate": 0.6548672566371682,
    "avg_validation_rr": 0.24958797162614954,
    "max_drawdown_rr": 14.762597999301192
  },
  "assets": {
    "BTCUSD": {
      "trades": 41,
      "resolved": 36,
      "win_rate": 0.4444444444444444,
      "avg_validation_rr": 0.3986300055043488
    },
    "EURUSD": {
      "trades": 33,
      "resolved": 33,
      "win_rate": 0.8787878787878788,
      "avg_validation_rr": 0.14837787975890832
    },
    "GOLD_CFD": {
      "trades": 22,
      "resolved": 9,
      "win_rate": 0.8888888888888888,
      "avg_validation_rr": 0.12842629734195304
    },
    "NVDA": {
      "trades": 3,
      "resolved": 3,
      "win_rate": 0.3333333333333333,
      "avg_validation_rr": -0.06528471517591161
    },
    "USOIL": {
      "trades": 8,
      "resolved": 4,
      "win_rate": 1.0,
      "avg_validation_rr": 1.8599999999999997
    },
    "XAGUSD": {
      "trades": 28,
      "resolved": 28,
      "win_rate": 0.5714285714285714,
      "avg_validation_rr": 0.01986814403587576
    }
  }
}
