{
  "generated_utc": "2025-12-15T06:35:58.152293+00:00",
  "evaluated_trades": 34,
  "resolved_trades": 17,
  "wins": 7,
  "losses": 10,
  "ambiguous": 0,
  "win_rate": 0.4117647058823529,
  "avg_validation_rr": -0.1496525831847381,
  "max_drawdown_rr": 6.831729330438889,
  "rule_based_performance": {
    "trades": 34,
    "resolved": 17,
    "wins": 7,
    "losses": 10,
    "ambiguous": 0,
    "win_rate": 0.4117647058823529,
    "avg_validation_rr": -0.1496525831847381,
    "max_drawdown_rr": 6.831729330438889
  },
  "assets": {
    "BTCUSD": {
      "trades": 17,
      "resolved": 17,
      "win_rate": 0.4117647058823529,
      "avg_validation_rr": -0.1496525831847381
    },
    "GOLD_CFD": {
      "trades": 13,
      "resolved": 0,
      "win_rate": null,
      "avg_validation_rr": null
    },
    "USOIL": {
      "trades": 4,
      "resolved": 0,
      "win_rate": null,
      "avg_validation_rr": null
    }
  }
}
