{
  "generated_utc": "2025-12-18T04:24:15.157255+00:00",
  "evaluated_trades": 240,
  "resolved_trades": 164,
  "wins": 69,
  "losses": 95,
  "ambiguous": 0,
  "win_rate": 0.42073170731707316,
  "avg_validation_rr": 0.18366459676641003,
  "max_drawdown_rr": 15.753983197683244,
  "rule_based_performance": {
    "trades": 240,
    "resolved": 164,
    "wins": 69,
    "losses": 95,
    "ambiguous": 0,
    "win_rate": 0.42073170731707316,
    "avg_validation_rr": 0.18366459676641003,
    "max_drawdown_rr": 15.753983197683244
  },
  "assets": {
    "BTCUSD": {
      "trades": 59,
      "resolved": 31,
      "win_rate": 0.2903225806451613,
      "avg_validation_rr": -0.343314089205465
    },
    "EURUSD": {
      "trades": 54,
      "resolved": 42,
      "win_rate": 0.11904761904761904,
      "avg_validation_rr": -0.07634762048410661
    },
    "GOLD_CFD": {
      "trades": 35,
      "resolved": 19,
      "win_rate": 0.5789473684210527,
      "avg_validation_rr": 0.27585361088073634
    },
    "NVDA": {
      "trades": 4,
      "resolved": 4,
      "win_rate": 0.5,
      "avg_validation_rr": 0.40249999999999553
    },
    "USOIL": {
      "trades": 18,
      "resolved": 11,
      "win_rate": 0.09090909090909091,
      "avg_validation_rr": -0.7111828039242358
    },
    "XAGUSD": {
      "trades": 70,
      "resolved": 57,
      "win_rate": 0.7192982456140351,
      "avg_validation_rr": 0.7884582970495749
    }
  }
}
