{
  "generated_utc": "2025-12-17T08:30:36.947696+00:00",
  "evaluated_trades": 172,
  "resolved_trades": 140,
  "wins": 61,
  "losses": 79,
  "ambiguous": 0,
  "win_rate": 0.4357142857142857,
  "avg_validation_rr": 0.2823796064133493,
  "max_drawdown_rr": 4.448346484935449,
  "rule_based_performance": {
    "trades": 172,
    "resolved": 140,
    "wins": 61,
    "losses": 79,
    "ambiguous": 0,
    "win_rate": 0.4357142857142857,
    "avg_validation_rr": 0.2823796064133493,
    "max_drawdown_rr": 4.448346484935449
  },
  "assets": {
    "BTCUSD": {
      "trades": 46,
      "resolved": 31,
      "win_rate": 0.2903225806451613,
      "avg_validation_rr": -0.38044182972930046
    },
    "EURUSD": {
      "trades": 41,
      "resolved": 41,
      "win_rate": 0.12195121951219512,
      "avg_validation_rr": -0.2601311624268651
    },
    "GOLD_CFD": {
      "trades": 25,
      "resolved": 12,
      "win_rate": 0.75,
      "avg_validation_rr": 0.20518771413360914
    },
    "NVDA": {
      "trades": 4,
      "resolved": 4,
      "win_rate": 0.25,
      "avg_validation_rr": -0.2780254562964791
    },
    "USOIL": {
      "trades": 12,
      "resolved": 8,
      "win_rate": 0.375,
      "avg_validation_rr": 0.3010374829410619
    },
    "XAGUSD": {
      "trades": 44,
      "resolved": 44,
      "win_rate": 0.7727272727272727,
      "avg_validation_rr": 1.3234947425234727
    }
  }
}
