{
  "generated_utc": "2025-12-16T13:11:14.774147+00:00",
  "evaluated_trades": 123,
  "resolved_trades": 103,
  "wins": 53,
  "losses": 50,
  "ambiguous": 0,
  "win_rate": 0.5145631067961165,
  "avg_validation_rr": 0.10852019640929947,
  "max_drawdown_rr": 18.3102689454305,
  "rule_based_performance": {
    "trades": 123,
    "resolved": 103,
    "wins": 53,
    "losses": 50,
    "ambiguous": 0,
    "win_rate": 0.5145631067961165,
    "avg_validation_rr": 0.10852019640929947,
    "max_drawdown_rr": 18.3102689454305
  },
  "assets": {
    "BTCUSD": {
      "trades": 38,
      "resolved": 35,
      "win_rate": 0.42857142857142855,
      "avg_validation_rr": 0.32632652624016223
    },
    "EURUSD": {
      "trades": 31,
      "resolved": 31,
      "win_rate": 0.8709677419354839,
      "avg_validation_rr": 0.16163470550960993
    },
    "GOLD_CFD": {
      "trades": 22,
      "resolved": 9,
      "win_rate": 0.3333333333333333,
      "avg_validation_rr": -0.24939995114859087
    },
    "USOIL": {
      "trades": 8,
      "resolved": 4,
      "win_rate": 1.0,
      "avg_validation_rr": 1.513440860215051
    },
    "XAGUSD": {
      "trades": 24,
      "resolved": 24,
      "win_rate": 0.16666666666666666,
      "avg_validation_rr": -0.37765366414869295
    }
  }
}
