{
  "generated_utc": "2025-12-19T08:20:11.449161+00:00",
  "evaluated_trades": 313,
  "resolved_trades": 152,
  "wins": 53,
  "losses": 99,
  "ambiguous": 0,
  "win_rate": 0.34868421052631576,
  "avg_validation_rr": -0.12475296038692828,
  "max_drawdown_rr": 33.66745211733181,
  "rule_based_performance": {
    "trades": 313,
    "resolved": 152,
    "wins": 53,
    "losses": 99,
    "ambiguous": 0,
    "win_rate": 0.34868421052631576,
    "avg_validation_rr": -0.12475296038692828,
    "max_drawdown_rr": 33.66745211733181
  },
  "assets": {
    "BTCUSD": {
      "trades": 72,
      "resolved": 27,
      "win_rate": 0.25925925925925924,
      "avg_validation_rr": -0.1582309140274115
    },
    "EURUSD": {
      "trades": 58,
      "resolved": 18,
      "win_rate": 0.16666666666666666,
      "avg_validation_rr": -0.16597836707786015
    },
    "GOLD_CFD": {
      "trades": 48,
      "resolved": 23,
      "win_rate": 0.21739130434782608,
      "avg_validation_rr": -0.19399276073011198
    },
    "NVDA": {
      "trades": 7,
      "resolved": 7,
      "win_rate": 1.0,
      "avg_validation_rr": 1.252776070402028
    },
    "USOIL": {
      "trades": 32,
      "resolved": 20,
      "win_rate": 0.9,
      "avg_validation_rr": 0.4602986476659754
    },
    "XAGUSD": {
      "trades": 96,
      "resolved": 57,
      "win_rate": 0.22807017543859648,
      "avg_validation_rr": -0.4423890638949584
    }
  }
}
