{
  "generated_utc": "2025-12-14T17:55:44.056648+00:00",
  "evaluated_trades": 27,
  "resolved_trades": 9,
  "wins": 7,
  "losses": 2,
  "ambiguous": 0,
  "win_rate": 0.7777777777777778,
  "avg_validation_rr": 0.6403089956028166,
  "max_drawdown_rr": 0.8704417722280002,
  "rule_based_performance": {
    "trades": 27,
    "resolved": 9,
    "wins": 7,
    "losses": 2,
    "ambiguous": 0,
    "win_rate": 0.7777777777777778,
    "avg_validation_rr": 0.6403089956028166,
    "max_drawdown_rr": 0.8704417722280002
  },
  "assets": {
    "BTCUSD": {
      "trades": 10,
      "resolved": 9,
      "win_rate": 0.7777777777777778,
      "avg_validation_rr": 0.6403089956028166
    },
    "GOLD_CFD": {
      "trades": 13,
      "resolved": 0,
      "win_rate": null,
      "avg_validation_rr": null
    },
    "USOIL": {
      "trades": 4,
      "resolved": 0,
      "win_rate": null,
      "avg_validation_rr": null
    }
  }
}
