{
  "generated_utc": "2025-12-19T03:50:02.143759+00:00",
  "evaluated_trades": 299,
  "resolved_trades": 150,
  "wins": 42,
  "losses": 108,
  "ambiguous": 0,
  "win_rate": 0.28,
  "avg_validation_rr": -0.23277227878521112,
  "max_drawdown_rr": 42.22470974881814,
  "rule_based_performance": {
    "trades": 299,
    "resolved": 150,
    "wins": 42,
    "losses": 108,
    "ambiguous": 0,
    "win_rate": 0.28,
    "avg_validation_rr": -0.23277227878521112,
    "max_drawdown_rr": 42.22470974881814
  },
  "assets": {
    "BTCUSD": {
      "trades": 69,
      "resolved": 26,
      "win_rate": 0.23076923076923078,
      "avg_validation_rr": -0.20856690989794846
    },
    "EURUSD": {
      "trades": 58,
      "resolved": 19,
      "win_rate": 0.21052631578947367,
      "avg_validation_rr": -0.12006787104831089
    },
    "GOLD_CFD": {
      "trades": 45,
      "resolved": 22,
      "win_rate": 0.13636363636363635,
      "avg_validation_rr": -0.27643499135569854
    },
    "NVDA": {
      "trades": 7,
      "resolved": 7,
      "win_rate": 1.0,
      "avg_validation_rr": 1.252776070402028
    },
    "USOIL": {
      "trades": 28,
      "resolved": 19,
      "win_rate": 0.7368421052631579,
      "avg_validation_rr": 0.3308145823795218
    },
    "XAGUSD": {
      "trades": 92,
      "resolved": 57,
      "win_rate": 0.14035087719298245,
      "avg_validation_rr": -0.6348272343634533
    }
  }
}
