{
  "generated_utc": "2025-12-19T07:20:20.495295+00:00",
  "evaluated_trades": 307,
  "resolved_trades": 153,
  "wins": 46,
  "losses": 107,
  "ambiguous": 0,
  "win_rate": 0.3006535947712418,
  "avg_validation_rr": -0.23088366086280496,
  "max_drawdown_rr": 42.74895697727851,
  "rule_based_performance": {
    "trades": 307,
    "resolved": 153,
    "wins": 46,
    "losses": 107,
    "ambiguous": 0,
    "win_rate": 0.3006535947712418,
    "avg_validation_rr": -0.23088366086280496,
    "max_drawdown_rr": 42.74895697727851
  },
  "assets": {
    "BTCUSD": {
      "trades": 71,
      "resolved": 26,
      "win_rate": 0.15384615384615385,
      "avg_validation_rr": -0.49230769230769295
    },
    "EURUSD": {
      "trades": 58,
      "resolved": 19,
      "win_rate": 0.15789473684210525,
      "avg_validation_rr": -0.14831815424113134
    },
    "GOLD_CFD": {
      "trades": 46,
      "resolved": 23,
      "win_rate": 0.2608695652173913,
      "avg_validation_rr": -0.09656438975497615
    },
    "NVDA": {
      "trades": 7,
      "resolved": 7,
      "win_rate": 1.0,
      "avg_validation_rr": 1.252776070402028
    },
    "USOIL": {
      "trades": 31,
      "resolved": 21,
      "win_rate": 0.8095238095238095,
      "avg_validation_rr": 0.3866874763073744
    },
    "XAGUSD": {
      "trades": 94,
      "resolved": 57,
      "win_rate": 0.15789473684210525,
      "avg_validation_rr": -0.6030884861812675
    }
  }
}
