{
  "generated_utc": "2025-12-16T17:21:47.825918+00:00",
  "evaluated_trades": 138,
  "resolved_trades": 113,
  "wins": 71,
  "losses": 42,
  "ambiguous": 0,
  "win_rate": 0.6283185840707964,
  "avg_validation_rr": 0.23121081449059236,
  "max_drawdown_rr": 15.070002589281984,
  "rule_based_performance": {
    "trades": 138,
    "resolved": 113,
    "wins": 71,
    "losses": 42,
    "ambiguous": 0,
    "win_rate": 0.6283185840707964,
    "avg_validation_rr": 0.23121081449059236,
    "max_drawdown_rr": 15.070002589281984
  },
  "assets": {
    "BTCUSD": {
      "trades": 42,
      "resolved": 36,
      "win_rate": 0.4444444444444444,
      "avg_validation_rr": 0.39862999571788515
    },
    "EURUSD": {
      "trades": 34,
      "resolved": 33,
      "win_rate": 0.8787878787878788,
      "avg_validation_rr": 0.15546846027650893
    },
    "GOLD_CFD": {
      "trades": 22,
      "resolved": 9,
      "win_rate": 0.6666666666666666,
      "avg_validation_rr": 0.04354880570634029
    },
    "NVDA": {
      "trades": 3,
      "resolved": 3,
      "win_rate": 0.3333333333333333,
      "avg_validation_rr": -0.12471598897587344
    },
    "USOIL": {
      "trades": 8,
      "resolved": 4,
      "win_rate": 1.0,
      "avg_validation_rr": 1.8599999999999997
    },
    "XAGUSD": {
      "trades": 29,
      "resolved": 28,
      "win_rate": 0.5357142857142857,
      "avg_validation_rr": -0.029003867212898736
    }
  }
}
