{
  "generated_utc": "2025-12-19T07:00:12.729800+00:00",
  "evaluated_trades": 306,
  "resolved_trades": 152,
  "wins": 46,
  "losses": 106,
  "ambiguous": 0,
  "win_rate": 0.3026315789473684,
  "avg_validation_rr": -0.19812008636638495,
  "max_drawdown_rr": 37.78992706319006,
  "rule_based_performance": {
    "trades": 306,
    "resolved": 152,
    "wins": 46,
    "losses": 106,
    "ambiguous": 0,
    "win_rate": 0.3026315789473684,
    "avg_validation_rr": -0.19812008636638495,
    "max_drawdown_rr": 37.78992706319006
  },
  "assets": {
    "BTCUSD": {
      "trades": 71,
      "resolved": 26,
      "win_rate": 0.19230769230769232,
      "avg_validation_rr": -0.2652627250916696
    },
    "EURUSD": {
      "trades": 58,
      "resolved": 19,
      "win_rate": 0.15789473684210525,
      "avg_validation_rr": -0.12822906397067782
    },
    "GOLD_CFD": {
      "trades": 46,
      "resolved": 23,
      "win_rate": 0.2608695652173913,
      "avg_validation_rr": -0.13001864119627782
    },
    "NVDA": {
      "trades": 7,
      "resolved": 7,
      "win_rate": 1.0,
      "avg_validation_rr": 1.252776070402028
    },
    "USOIL": {
      "trades": 30,
      "resolved": 21,
      "win_rate": 0.8095238095238095,
      "avg_validation_rr": 0.3866874763073744
    },
    "XAGUSD": {
      "trades": 94,
      "resolved": 56,
      "win_rate": 0.14285714285714285,
      "avg_validation_rr": -0.6192948358503373
    }
  }
}
