{
  "generated_utc": "2025-12-15T20:02:02.805028+00:00",
  "evaluated_trades": 64,
  "resolved_trades": 46,
  "wins": 30,
  "losses": 16,
  "ambiguous": 0,
  "win_rate": 0.6521739130434783,
  "avg_validation_rr": 0.6261089757011419,
  "max_drawdown_rr": 5.5780620148137565,
  "rule_based_performance": {
    "trades": 64,
    "resolved": 46,
    "wins": 30,
    "losses": 16,
    "ambiguous": 0,
    "win_rate": 0.6521739130434783,
    "avg_validation_rr": 0.6261089757011419,
    "max_drawdown_rr": 5.5780620148137565
  },
  "assets": {
    "BTCUSD": {
      "trades": 24,
      "resolved": 24,
      "win_rate": 0.75,
      "avg_validation_rr": 1.2209322274704448
    },
    "EURUSD": {
      "trades": 10,
      "resolved": 10,
      "win_rate": 0.6,
      "avg_validation_rr": 0.0052113754972624386
    },
    "GOLD_CFD": {
      "trades": 14,
      "resolved": 1,
      "win_rate": 0.0,
      "avg_validation_rr": -1.0
    },
    "USOIL": {
      "trades": 7,
      "resolved": 3,
      "win_rate": 1.0,
      "avg_validation_rr": 0.48184847924323343
    },
    "XAGUSD": {
      "trades": 9,
      "resolved": 8,
      "win_rate": 0.375,
      "avg_validation_rr": -0.12487747121756021
    }
  }
}
