{
  "generated_utc": "2025-12-18T01:30:27.116972+00:00",
  "evaluated_trades": 225,
  "resolved_trades": 160,
  "wins": 82,
  "losses": 78,
  "ambiguous": 0,
  "win_rate": 0.5125,
  "avg_validation_rr": 0.34675034811354655,
  "max_drawdown_rr": 6.635529991970465,
  "rule_based_performance": {
    "trades": 225,
    "resolved": 160,
    "wins": 82,
    "losses": 78,
    "ambiguous": 0,
    "win_rate": 0.5125,
    "avg_validation_rr": 0.34675034811354655,
    "max_drawdown_rr": 6.635529991970465
  },
  "assets": {
    "BTCUSD": {
      "trades": 56,
      "resolved": 31,
      "win_rate": 0.5806451612903226,
      "avg_validation_rr": 0.0973874471474267
    },
    "EURUSD": {
      "trades": 52,
      "resolved": 42,
      "win_rate": 0.11904761904761904,
      "avg_validation_rr": -0.07786673519357108
    },
    "GOLD_CFD": {
      "trades": 33,
      "resolved": 19,
      "win_rate": 0.6842105263157895,
      "avg_validation_rr": 0.3185009247886648
    },
    "NVDA": {
      "trades": 4,
      "resolved": 4,
      "win_rate": 0.5,
      "avg_validation_rr": 0.40249999999999553
    },
    "USOIL": {
      "trades": 16,
      "resolved": 9,
      "win_rate": 0.0,
      "avg_validation_rr": -0.9559062148897175
    },
    "XAGUSD": {
      "trades": 64,
      "resolved": 55,
      "win_rate": 0.8,
      "avg_validation_rr": 1.0304197468681824
    }
  }
}
