{
  "generated_utc": "2025-12-19T06:27:42.434579+00:00",
  "evaluated_trades": 305,
  "resolved_trades": 155,
  "wins": 50,
  "losses": 105,
  "ambiguous": 0,
  "win_rate": 0.3225806451612903,
  "avg_validation_rr": -0.17433187371322287,
  "max_drawdown_rr": 35.20568726240123,
  "rule_based_performance": {
    "trades": 305,
    "resolved": 155,
    "wins": 50,
    "losses": 105,
    "ambiguous": 0,
    "win_rate": 0.3225806451612903,
    "avg_validation_rr": -0.17433187371322287,
    "max_drawdown_rr": 35.20568726240123
  },
  "assets": {
    "BTCUSD": {
      "trades": 71,
      "resolved": 28,
      "win_rate": 0.2857142857142857,
      "avg_validation_rr": -0.16900602702051942
    },
    "EURUSD": {
      "trades": 58,
      "resolved": 19,
      "win_rate": 0.21052631578947367,
      "avg_validation_rr": -0.1081399737002383
    },
    "GOLD_CFD": {
      "trades": 46,
      "resolved": 23,
      "win_rate": 0.2608695652173913,
      "avg_validation_rr": -0.09334074453338059
    },
    "NVDA": {
      "trades": 7,
      "resolved": 7,
      "win_rate": 1.0,
      "avg_validation_rr": 1.252776070402028
    },
    "USOIL": {
      "trades": 30,
      "resolved": 21,
      "win_rate": 0.8095238095238095,
      "avg_validation_rr": 0.3866874763073744
    },
    "XAGUSD": {
      "trades": 93,
      "resolved": 57,
      "win_rate": 0.14035087719298245,
      "avg_validation_rr": -0.6136428866609083
    }
  }
}
