{
  "generated_utc": "2025-12-15T11:36:31.741853+00:00",
  "evaluated_trades": 37,
  "resolved_trades": 20,
  "wins": 8,
  "losses": 12,
  "ambiguous": 0,
  "win_rate": 0.4,
  "avg_validation_rr": -0.26161346866958773,
  "max_drawdown_rr": 8.21398047027207,
  "rule_based_performance": {
    "trades": 37,
    "resolved": 20,
    "wins": 8,
    "losses": 12,
    "ambiguous": 0,
    "win_rate": 0.4,
    "avg_validation_rr": -0.26161346866958773,
    "max_drawdown_rr": 8.21398047027207
  },
  "assets": {
    "BTCUSD": {
      "trades": 17,
      "resolved": 17,
      "win_rate": 0.29411764705882354,
      "avg_validation_rr": -0.31601072124173807
    },
    "EURUSD": {
      "trades": 1,
      "resolved": 1,
      "win_rate": 1.0,
      "avg_validation_rr": 0.014472765660384168
    },
    "GOLD_CFD": {
      "trades": 13,
      "resolved": 0,
      "win_rate": null,
      "avg_validation_rr": null
    },
    "USOIL": {
      "trades": 5,
      "resolved": 1,
      "win_rate": 1.0,
      "avg_validation_rr": 0.033894915254239315
    },
    "XAGUSD": {
      "trades": 1,
      "resolved": 1,
      "win_rate": 1.0,
      "avg_validation_rr": 0.09154520680316859
    }
  }
}
