{
  "generated_utc": "2025-12-19T16:26:16.476907+00:00",
  "evaluated_trades": 329,
  "resolved_trades": 150,
  "wins": 81,
  "losses": 69,
  "ambiguous": 0,
  "win_rate": 0.54,
  "avg_validation_rr": 0.19226562637542197,
  "max_drawdown_rr": 22.098338068341484,
  "rule_based_performance": {
    "trades": 329,
    "resolved": 150,
    "wins": 81,
    "losses": 69,
    "ambiguous": 0,
    "win_rate": 0.54,
    "avg_validation_rr": 0.19226562637542197,
    "max_drawdown_rr": 22.098338068341484
  },
  "assets": {
    "BTCUSD": {
      "trades": 73,
      "resolved": 25,
      "win_rate": 0.32,
      "avg_validation_rr": 0.011217799519935494
    },
    "EURUSD": {
      "trades": 61,
      "resolved": 19,
      "win_rate": 0.21052631578947367,
      "avg_validation_rr": -0.11060408389504044
    },
    "GOLD_CFD": {
      "trades": 53,
      "resolved": 27,
      "win_rate": 0.9629629629629629,
      "avg_validation_rr": 0.22644897982915901
    },
    "NVDA": {
      "trades": 7,
      "resolved": 4,
      "win_rate": 0.25,
      "avg_validation_rr": -0.4698759031024214
    },
    "USOIL": {
      "trades": 34,
      "resolved": 21,
      "win_rate": 0.3333333333333333,
      "avg_validation_rr": -0.4039624006113435
    },
    "XAGUSD": {
      "trades": 101,
      "resolved": 54,
      "win_rate": 0.6481481481481481,
      "avg_validation_rr": 0.6464716320774313
    }
  }
}
