{
  "generated_utc": "2025-12-15T17:37:57.969995+00:00",
  "evaluated_trades": 55,
  "resolved_trades": 36,
  "wins": 20,
  "losses": 16,
  "ambiguous": 0,
  "win_rate": 0.5555555555555556,
  "avg_validation_rr": 0.4198047824920278,
  "max_drawdown_rr": 3.811265118422728,
  "rule_based_performance": {
    "trades": 55,
    "resolved": 36,
    "wins": 20,
    "losses": 16,
    "ambiguous": 0,
    "win_rate": 0.5555555555555556,
    "avg_validation_rr": 0.4198047824920278,
    "max_drawdown_rr": 3.811265118422728
  },
  "assets": {
    "BTCUSD": {
      "trades": 20,
      "resolved": 19,
      "win_rate": 0.5789473684210527,
      "avg_validation_rr": 0.8551470252596982
    },
    "EURUSD": {
      "trades": 7,
      "resolved": 6,
      "win_rate": 0.5,
      "avg_validation_rr": -0.009201689859559326
    },
    "GOLD_CFD": {
      "trades": 14,
      "resolved": 1,
      "win_rate": 0.0,
      "avg_validation_rr": -1.0
    },
    "USOIL": {
      "trades": 7,
      "resolved": 3,
      "win_rate": 1.0,
      "avg_validation_rr": 0.9335296893949857
    },
    "XAGUSD": {
      "trades": 7,
      "resolved": 7,
      "win_rate": 0.42857142857142855,
      "avg_validation_rr": -0.4114571770355524
    }
  }
}
