{
  "generated_utc": "2025-12-18T03:09:17.236591+00:00",
  "evaluated_trades": 233,
  "resolved_trades": 155,
  "wins": 75,
  "losses": 80,
  "ambiguous": 0,
  "win_rate": 0.4838709677419355,
  "avg_validation_rr": 0.22182453305850922,
  "max_drawdown_rr": 14.011765951324215,
  "rule_based_performance": {
    "trades": 233,
    "resolved": 155,
    "wins": 75,
    "losses": 80,
    "ambiguous": 0,
    "win_rate": 0.4838709677419355,
    "avg_validation_rr": 0.22182453305850922,
    "max_drawdown_rr": 14.011765951324215
  },
  "assets": {
    "BTCUSD": {
      "trades": 58,
      "resolved": 30,
      "win_rate": 0.4,
      "avg_validation_rr": -0.2817873645828161
    },
    "EURUSD": {
      "trades": 53,
      "resolved": 40,
      "win_rate": 0.15,
      "avg_validation_rr": -0.0748031065305605
    },
    "GOLD_CFD": {
      "trades": 33,
      "resolved": 17,
      "win_rate": 0.6470588235294118,
      "avg_validation_rr": 0.35170027334700654
    },
    "NVDA": {
      "trades": 4,
      "resolved": 4,
      "win_rate": 0.5,
      "avg_validation_rr": 0.40249999999999553
    },
    "USOIL": {
      "trades": 18,
      "resolved": 10,
      "win_rate": 0.2,
      "avg_validation_rr": -0.773385367944567
    },
    "XAGUSD": {
      "trades": 67,
      "resolved": 54,
      "win_rate": 0.7777777777777778,
      "avg_validation_rr": 0.851361052876341
    }
  }
}
