{
  "generated_utc": "2025-12-17T22:39:09.714795+00:00",
  "evaluated_trades": 216,
  "resolved_trades": 162,
  "wins": 86,
  "losses": 76,
  "ambiguous": 0,
  "win_rate": 0.5308641975308642,
  "avg_validation_rr": 0.3538356698492809,
  "max_drawdown_rr": 6.345213498882217,
  "rule_based_performance": {
    "trades": 216,
    "resolved": 162,
    "wins": 86,
    "losses": 76,
    "ambiguous": 0,
    "win_rate": 0.5308641975308642,
    "avg_validation_rr": 0.3538356698492809,
    "max_drawdown_rr": 6.345213498882217
  },
  "assets": {
    "BTCUSD": {
      "trades": 55,
      "resolved": 36,
      "win_rate": 0.3888888888888889,
      "avg_validation_rr": -0.13543555183542308
    },
    "EURUSD": {
      "trades": 50,
      "resolved": 43,
      "win_rate": 0.27906976744186046,
      "avg_validation_rr": -0.04646658261142396
    },
    "GOLD_CFD": {
      "trades": 30,
      "resolved": 16,
      "win_rate": 0.875,
      "avg_validation_rr": 0.6330838319604561
    },
    "NVDA": {
      "trades": 4,
      "resolved": 4,
      "win_rate": 0.5,
      "avg_validation_rr": 0.40249999999999553
    },
    "USOIL": {
      "trades": 16,
      "resolved": 9,
      "win_rate": 0.0,
      "avg_validation_rr": -0.9677330337255836
    },
    "XAGUSD": {
      "trades": 61,
      "resolved": 54,
      "win_rate": 0.8148148148148148,
      "avg_validation_rr": 1.132692174557647
    }
  }
}
