{
  "generated_utc": "2025-12-17T08:48:39.097997+00:00",
  "evaluated_trades": 173,
  "resolved_trades": 140,
  "wins": 63,
  "losses": 77,
  "ambiguous": 0,
  "win_rate": 0.45,
  "avg_validation_rr": 0.309477385490594,
  "max_drawdown_rr": 4.209502559167433,
  "rule_based_performance": {
    "trades": 173,
    "resolved": 140,
    "wins": 63,
    "losses": 77,
    "ambiguous": 0,
    "win_rate": 0.45,
    "avg_validation_rr": 0.309477385490594,
    "max_drawdown_rr": 4.209502559167433
  },
  "assets": {
    "BTCUSD": {
      "trades": 46,
      "resolved": 31,
      "win_rate": 0.2903225806451613,
      "avg_validation_rr": -0.3646745368597526
    },
    "EURUSD": {
      "trades": 41,
      "resolved": 41,
      "win_rate": 0.12195121951219512,
      "avg_validation_rr": -0.24095546980103702
    },
    "GOLD_CFD": {
      "trades": 26,
      "resolved": 12,
      "win_rate": 0.8333333333333334,
      "avg_validation_rr": 0.255610274921455
    },
    "NVDA": {
      "trades": 4,
      "resolved": 4,
      "win_rate": 0.25,
      "avg_validation_rr": -0.2780254562964791
    },
    "USOIL": {
      "trades": 12,
      "resolved": 8,
      "win_rate": 0.5,
      "avg_validation_rr": 0.4704751426302533
    },
    "XAGUSD": {
      "trades": 44,
      "resolved": 44,
      "win_rate": 0.7727272727272727,
      "avg_validation_rr": 1.336179460415101
    }
  }
}
