{
  "generated_utc": "2025-12-17T11:08:43.405973+00:00",
  "evaluated_trades": 179,
  "resolved_trades": 143,
  "wins": 68,
  "losses": 75,
  "ambiguous": 0,
  "win_rate": 0.4755244755244755,
  "avg_validation_rr": 0.27851153192032013,
  "max_drawdown_rr": 5.0,
  "rule_based_performance": {
    "trades": 179,
    "resolved": 143,
    "wins": 68,
    "losses": 75,
    "ambiguous": 0,
    "win_rate": 0.4755244755244755,
    "avg_validation_rr": 0.27851153192032013,
    "max_drawdown_rr": 5.0
  },
  "assets": {
    "BTCUSD": {
      "trades": 48,
      "resolved": 31,
      "win_rate": 0.2903225806451613,
      "avg_validation_rr": -0.44705396710616685
    },
    "EURUSD": {
      "trades": 42,
      "resolved": 41,
      "win_rate": 0.12195121951219512,
      "avg_validation_rr": -0.18137385342794576
    },
    "GOLD_CFD": {
      "trades": 26,
      "resolved": 12,
      "win_rate": 0.8333333333333334,
      "avg_validation_rr": 0.2731056928830194
    },
    "NVDA": {
      "trades": 4,
      "resolved": 4,
      "win_rate": 0.25,
      "avg_validation_rr": -0.2780254562964791
    },
    "USOIL": {
      "trades": 13,
      "resolved": 9,
      "win_rate": 0.3333333333333333,
      "avg_validation_rr": -0.1791407198527398
    },
    "XAGUSD": {
      "trades": 46,
      "resolved": 46,
      "win_rate": 0.8695652173913043,
      "avg_validation_rr": 1.316722826624067
    }
  }
}
