{
  "generated_utc": "2025-12-19T10:25:59.005935+00:00",
  "evaluated_trades": 318,
  "resolved_trades": 157,
  "wins": 76,
  "losses": 81,
  "ambiguous": 0,
  "win_rate": 0.4840764331210191,
  "avg_validation_rr": 0.015927721636292812,
  "max_drawdown_rr": 29.85921253332916,
  "rule_based_performance": {
    "trades": 318,
    "resolved": 157,
    "wins": 76,
    "losses": 81,
    "ambiguous": 0,
    "win_rate": 0.4840764331210191,
    "avg_validation_rr": 0.015927721636292812,
    "max_drawdown_rr": 29.85921253332916
  },
  "assets": {
    "BTCUSD": {
      "trades": 72,
      "resolved": 27,
      "win_rate": 0.2962962962962963,
      "avg_validation_rr": -0.15245245835284021
    },
    "EURUSD": {
      "trades": 58,
      "resolved": 18,
      "win_rate": 0.16666666666666666,
      "avg_validation_rr": -0.14567624893227923
    },
    "GOLD_CFD": {
      "trades": 51,
      "resolved": 26,
      "win_rate": 0.38461538461538464,
      "avg_validation_rr": -0.044231760549219554
    },
    "NVDA": {
      "trades": 7,
      "resolved": 7,
      "win_rate": 1.0,
      "avg_validation_rr": 1.252776070402028
    },
    "USOIL": {
      "trades": 34,
      "resolved": 23,
      "win_rate": 0.9130434782608695,
      "avg_validation_rr": 0.4181378039530564
    },
    "XAGUSD": {
      "trades": 96,
      "resolved": 56,
      "win_rate": 0.48214285714285715,
      "avg_validation_rr": -0.14281312600444815
    }
  }
}
