{
  "generated_utc": "2025-12-16T07:03:25.245387+00:00",
  "evaluated_trades": 96,
  "resolved_trades": 77,
  "wins": 33,
  "losses": 44,
  "ambiguous": 0,
  "win_rate": 0.42857142857142855,
  "avg_validation_rr": 0.14346938245343477,
  "max_drawdown_rr": 17.778530294090572,
  "rule_based_performance": {
    "trades": 96,
    "resolved": 77,
    "wins": 33,
    "losses": 44,
    "ambiguous": 0,
    "win_rate": 0.42857142857142855,
    "avg_validation_rr": 0.14346938245343477,
    "max_drawdown_rr": 17.778530294090572
  },
  "assets": {
    "BTCUSD": {
      "trades": 35,
      "resolved": 33,
      "win_rate": 0.45454545454545453,
      "avg_validation_rr": 0.5576201448338287
    },
    "EURUSD": {
      "trades": 17,
      "resolved": 17,
      "win_rate": 0.5882352941176471,
      "avg_validation_rr": 0.011628861757678103
    },
    "GOLD_CFD": {
      "trades": 20,
      "resolved": 7,
      "win_rate": 0.14285714285714285,
      "avg_validation_rr": -0.47586778948264236
    },
    "USOIL": {
      "trades": 7,
      "resolved": 3,
      "win_rate": 1.0,
      "avg_validation_rr": 1.1246263209846934
    },
    "XAGUSD": {
      "trades": 17,
      "resolved": 17,
      "win_rate": 0.23529411764705882,
      "avg_validation_rr": -0.44675396570929327
    }
  }
}
