{
  "generated_utc": "2025-12-18T07:39:46.334325+00:00",
  "evaluated_trades": 252,
  "resolved_trades": 164,
  "wins": 90,
  "losses": 74,
  "ambiguous": 0,
  "win_rate": 0.5487804878048781,
  "avg_validation_rr": 0.2753191734707686,
  "max_drawdown_rr": 4.432287484310386,
  "rule_based_performance": {
    "trades": 252,
    "resolved": 164,
    "wins": 90,
    "losses": 74,
    "ambiguous": 0,
    "win_rate": 0.5487804878048781,
    "avg_validation_rr": 0.2753191734707686,
    "max_drawdown_rr": 4.432287484310386
  },
  "assets": {
    "BTCUSD": {
      "trades": 60,
      "resolved": 27,
      "win_rate": 0.2222222222222222,
      "avg_validation_rr": -0.42424059900370814
    },
    "EURUSD": {
      "trades": 56,
      "resolved": 42,
      "win_rate": 0.3333333333333333,
      "avg_validation_rr": -0.04151512368920473
    },
    "GOLD_CFD": {
      "trades": 40,
      "resolved": 21,
      "win_rate": 0.7619047619047619,
      "avg_validation_rr": 0.2745761029056276
    },
    "NVDA": {
      "trades": 4,
      "resolved": 4,
      "win_rate": 0.5,
      "avg_validation_rr": 0.40249999999999553
    },
    "USOIL": {
      "trades": 21,
      "resolved": 14,
      "win_rate": 0.21428571428571427,
      "avg_validation_rr": -0.44371747640832565
    },
    "XAGUSD": {
      "trades": 71,
      "resolved": 56,
      "win_rate": 0.875,
      "avg_validation_rr": 1.0211861129634139
    }
  }
}
