{
  "generated_utc": "2025-12-17T14:04:07.913339+00:00",
  "evaluated_trades": 185,
  "resolved_trades": 151,
  "wins": 70,
  "losses": 81,
  "ambiguous": 0,
  "win_rate": 0.46357615894039733,
  "avg_validation_rr": 0.294720985265523,
  "max_drawdown_rr": 5.671414877943953,
  "rule_based_performance": {
    "trades": 185,
    "resolved": 151,
    "wins": 70,
    "losses": 81,
    "ambiguous": 0,
    "win_rate": 0.46357615894039733,
    "avg_validation_rr": 0.294720985265523,
    "max_drawdown_rr": 5.671414877943953
  },
  "assets": {
    "BTCUSD": {
      "trades": 48,
      "resolved": 31,
      "win_rate": 0.0967741935483871,
      "avg_validation_rr": -0.6427581808133062
    },
    "EURUSD": {
      "trades": 42,
      "resolved": 42,
      "win_rate": 0.14285714285714285,
      "avg_validation_rr": -0.14058852877320177
    },
    "GOLD_CFD": {
      "trades": 27,
      "resolved": 14,
      "win_rate": 0.9285714285714286,
      "avg_validation_rr": 0.7359344341265597
    },
    "NVDA": {
      "trades": 4,
      "resolved": 4,
      "win_rate": 0.0,
      "avg_validation_rr": -0.6401200386712598
    },
    "USOIL": {
      "trades": 14,
      "resolved": 10,
      "win_rate": 0.4,
      "avg_validation_rr": -0.053452295589173804
    },
    "XAGUSD": {
      "trades": 50,
      "resolved": 50,
      "win_rate": 0.88,
      "avg_validation_rr": 1.2625002324317178
    }
  }
}
