{
  "generated_utc": "2025-12-18T21:03:03.165035+00:00",
  "evaluated_trades": 289,
  "resolved_trades": 160,
  "wins": 60,
  "losses": 100,
  "ambiguous": 0,
  "win_rate": 0.375,
  "avg_validation_rr": -0.08289008559302,
  "max_drawdown_rr": 35.34891475585863,
  "rule_based_performance": {
    "trades": 289,
    "resolved": 160,
    "wins": 60,
    "losses": 100,
    "ambiguous": 0,
    "win_rate": 0.375,
    "avg_validation_rr": -0.08289008559302,
    "max_drawdown_rr": 35.34891475585863
  },
  "assets": {
    "BTCUSD": {
      "trades": 66,
      "resolved": 25,
      "win_rate": 0.2,
      "avg_validation_rr": -0.4186391963719134
    },
    "EURUSD": {
      "trades": 58,
      "resolved": 27,
      "win_rate": 0.14814814814814814,
      "avg_validation_rr": -0.16826224368400156
    },
    "GOLD_CFD": {
      "trades": 43,
      "resolved": 21,
      "win_rate": 0.47619047619047616,
      "avg_validation_rr": 0.05674728403561342
    },
    "NVDA": {
      "trades": 7,
      "resolved": 7,
      "win_rate": 1.0,
      "avg_validation_rr": 1.252776070402028
    },
    "USOIL": {
      "trades": 27,
      "resolved": 19,
      "win_rate": 0.7368421052631579,
      "avg_validation_rr": 0.19857153574906036
    },
    "XAGUSD": {
      "trades": 88,
      "resolved": 61,
      "win_rate": 0.32786885245901637,
      "avg_validation_rr": -0.19651373512969753
    }
  }
}
