{
  "generated_utc": "2025-12-18T11:21:06.964785+00:00",
  "evaluated_trades": 261,
  "resolved_trades": 168,
  "wins": 72,
  "losses": 96,
  "ambiguous": 0,
  "win_rate": 0.42857142857142855,
  "avg_validation_rr": 0.1514204604140482,
  "max_drawdown_rr": 15.873070566730583,
  "rule_based_performance": {
    "trades": 261,
    "resolved": 168,
    "wins": 72,
    "losses": 96,
    "ambiguous": 0,
    "win_rate": 0.42857142857142855,
    "avg_validation_rr": 0.1514204604140482,
    "max_drawdown_rr": 15.873070566730583
  },
  "assets": {
    "BTCUSD": {
      "trades": 60,
      "resolved": 26,
      "win_rate": 0.15384615384615385,
      "avg_validation_rr": -0.5469068430902969
    },
    "EURUSD": {
      "trades": 56,
      "resolved": 39,
      "win_rate": 0.10256410256410256,
      "avg_validation_rr": -0.17188411594955913
    },
    "GOLD_CFD": {
      "trades": 40,
      "resolved": 21,
      "win_rate": 0.38095238095238093,
      "avg_validation_rr": 0.08538036046319093
    },
    "NVDA": {
      "trades": 4,
      "resolved": 4,
      "win_rate": 0.5,
      "avg_validation_rr": 0.40249999999999553
    },
    "USOIL": {
      "trades": 24,
      "resolved": 17,
      "win_rate": 0.6470588235294118,
      "avg_validation_rr": 0.09208438334092549
    },
    "XAGUSD": {
      "trades": 77,
      "resolved": 61,
      "win_rate": 0.7049180327868853,
      "avg_validation_rr": 0.6785782574658673
    }
  }
}
