{
  "generated_utc": "2025-12-17T09:08:50.220126+00:00",
  "evaluated_trades": 172,
  "resolved_trades": 139,
  "wins": 62,
  "losses": 77,
  "ambiguous": 0,
  "win_rate": 0.4460431654676259,
  "avg_validation_rr": 0.2835475987392032,
  "max_drawdown_rr": 5.0,
  "rule_based_performance": {
    "trades": 172,
    "resolved": 139,
    "wins": 62,
    "losses": 77,
    "ambiguous": 0,
    "win_rate": 0.4460431654676259,
    "avg_validation_rr": 0.2835475987392032,
    "max_drawdown_rr": 5.0
  },
  "assets": {
    "BTCUSD": {
      "trades": 46,
      "resolved": 30,
      "win_rate": 0.26666666666666666,
      "avg_validation_rr": -0.44158771258784507
    },
    "EURUSD": {
      "trades": 41,
      "resolved": 41,
      "win_rate": 0.12195121951219512,
      "avg_validation_rr": -0.22383431567084644
    },
    "GOLD_CFD": {
      "trades": 25,
      "resolved": 12,
      "win_rate": 0.8333333333333334,
      "avg_validation_rr": 0.3340085546732751
    },
    "NVDA": {
      "trades": 4,
      "resolved": 4,
      "win_rate": 0.25,
      "avg_validation_rr": -0.2780254562964791
    },
    "USOIL": {
      "trades": 12,
      "resolved": 8,
      "win_rate": 0.375,
      "avg_validation_rr": -0.04106072961754409
    },
    "XAGUSD": {
      "trades": 44,
      "resolved": 44,
      "win_rate": 0.7954545454545454,
      "avg_validation_rr": 1.347055444339461
    }
  }
}
