{
  "generated_utc": "2025-12-16T18:05:59.061964+00:00",
  "evaluated_trades": 142,
  "resolved_trades": 117,
  "wins": 66,
  "losses": 51,
  "ambiguous": 0,
  "win_rate": 0.5641025641025641,
  "avg_validation_rr": 0.15367822256383215,
  "max_drawdown_rr": 15.808336534643011,
  "rule_based_performance": {
    "trades": 142,
    "resolved": 117,
    "wins": 66,
    "losses": 51,
    "ambiguous": 0,
    "win_rate": 0.5641025641025641,
    "avg_validation_rr": 0.15367822256383215,
    "max_drawdown_rr": 15.808336534643011
  },
  "assets": {
    "BTCUSD": {
      "trades": 43,
      "resolved": 36,
      "win_rate": 0.4166666666666667,
      "avg_validation_rr": 0.3129539926858291
    },
    "EURUSD": {
      "trades": 35,
      "resolved": 35,
      "win_rate": 0.8285714285714286,
      "avg_validation_rr": 0.06865454091761132
    },
    "GOLD_CFD": {
      "trades": 22,
      "resolved": 9,
      "win_rate": 0.3333333333333333,
      "avg_validation_rr": -0.03281990726827086
    },
    "NVDA": {
      "trades": 3,
      "resolved": 3,
      "win_rate": 0.6666666666666666,
      "avg_validation_rr": 0.19791092593816137
    },
    "USOIL": {
      "trades": 8,
      "resolved": 4,
      "win_rate": 1.0,
      "avg_validation_rr": 1.8599999999999997
    },
    "XAGUSD": {
      "trades": 31,
      "resolved": 30,
      "win_rate": 0.43333333333333335,
      "avg_validation_rr": -0.11424180804126435
    }
  }
}
