{
  "generated_utc": "2025-12-16T16:20:00.337053+00:00",
  "evaluated_trades": 132,
  "resolved_trades": 110,
  "wins": 69,
  "losses": 41,
  "ambiguous": 0,
  "win_rate": 0.6272727272727273,
  "avg_validation_rr": 0.23684377452783523,
  "max_drawdown_rr": 13.415707515855587,
  "rule_based_performance": {
    "trades": 132,
    "resolved": 110,
    "wins": 69,
    "losses": 41,
    "ambiguous": 0,
    "win_rate": 0.6272727272727273,
    "avg_validation_rr": 0.23684377452783523,
    "max_drawdown_rr": 13.415707515855587
  },
  "assets": {
    "BTCUSD": {
      "trades": 41,
      "resolved": 38,
      "win_rate": 0.42105263157894735,
      "avg_validation_rr": 0.3250162206145856
    },
    "EURUSD": {
      "trades": 32,
      "resolved": 31,
      "win_rate": 0.8709677419354839,
      "avg_validation_rr": 0.10228642870752643
    },
    "GOLD_CFD": {
      "trades": 22,
      "resolved": 9,
      "win_rate": 0.8888888888888888,
      "avg_validation_rr": 0.2361004258887884
    },
    "NVDA": {
      "trades": 2,
      "resolved": 2,
      "win_rate": 0.5,
      "avg_validation_rr": 0.19919743717820199
    },
    "USOIL": {
      "trades": 8,
      "resolved": 4,
      "win_rate": 1.0,
      "avg_validation_rr": 1.8599999999999997
    },
    "XAGUSD": {
      "trades": 27,
      "resolved": 26,
      "win_rate": 0.5,
      "avg_validation_rr": 0.02184695451610782
    }
  }
}
