{
  "generated_utc": "2025-12-18T05:23:04.609326+00:00",
  "evaluated_trades": 243,
  "resolved_trades": 162,
  "wins": 81,
  "losses": 81,
  "ambiguous": 0,
  "win_rate": 0.5,
  "avg_validation_rr": 0.2486756659194993,
  "max_drawdown_rr": 14.470535417194782,
  "rule_based_performance": {
    "trades": 243,
    "resolved": 162,
    "wins": 81,
    "losses": 81,
    "ambiguous": 0,
    "win_rate": 0.5,
    "avg_validation_rr": 0.2486756659194993,
    "max_drawdown_rr": 14.470535417194782
  },
  "assets": {
    "BTCUSD": {
      "trades": 60,
      "resolved": 31,
      "win_rate": 0.3548387096774194,
      "avg_validation_rr": -0.2890432273711775
    },
    "EURUSD": {
      "trades": 55,
      "resolved": 41,
      "win_rate": 0.3170731707317073,
      "avg_validation_rr": -0.04703203104724374
    },
    "GOLD_CFD": {
      "trades": 36,
      "resolved": 18,
      "win_rate": 0.6666666666666666,
      "avg_validation_rr": 0.37825092560301266
    },
    "NVDA": {
      "trades": 4,
      "resolved": 4,
      "win_rate": 0.5,
      "avg_validation_rr": 0.40249999999999553
    },
    "USOIL": {
      "trades": 19,
      "resolved": 11,
      "win_rate": 0.09090909090909091,
      "avg_validation_rr": -0.7111828039242358
    },
    "XAGUSD": {
      "trades": 69,
      "resolved": 57,
      "win_rate": 0.7368421052631579,
      "avg_validation_rr": 0.8873439540827153
    }
  }
}
