{
  "generated_utc": "2025-12-16T11:18:06.451344+00:00",
  "evaluated_trades": 119,
  "resolved_trades": 98,
  "wins": 43,
  "losses": 55,
  "ambiguous": 0,
  "win_rate": 0.4387755102040816,
  "avg_validation_rr": 0.03815447632018642,
  "max_drawdown_rr": 23.894239047216796,
  "rule_based_performance": {
    "trades": 119,
    "resolved": 98,
    "wins": 43,
    "losses": 55,
    "ambiguous": 0,
    "win_rate": 0.4387755102040816,
    "avg_validation_rr": 0.03815447632018642,
    "max_drawdown_rr": 23.894239047216796
  },
  "assets": {
    "BTCUSD": {
      "trades": 38,
      "resolved": 35,
      "win_rate": 0.42857142857142855,
      "avg_validation_rr": 0.30479918904267894
    },
    "EURUSD": {
      "trades": 29,
      "resolved": 28,
      "win_rate": 0.75,
      "avg_validation_rr": 0.023290497349082114
    },
    "GOLD_CFD": {
      "trades": 22,
      "resolved": 9,
      "win_rate": 0.0,
      "avg_validation_rr": -0.5847950012810634
    },
    "USOIL": {
      "trades": 7,
      "resolved": 3,
      "win_rate": 1.0,
      "avg_validation_rr": 2.0
    },
    "XAGUSD": {
      "trades": 23,
      "resolved": 23,
      "win_rate": 0.17391304347826086,
      "avg_validation_rr": -0.3616439935374011
    }
  }
}
