{
  "generated_utc": "2025-12-17T17:09:38.043730+00:00",
  "evaluated_trades": 194,
  "resolved_trades": 153,
  "wins": 76,
  "losses": 76,
  "ambiguous": 1,
  "win_rate": 0.49673202614379086,
  "avg_validation_rr": 0.3384249219831058,
  "max_drawdown_rr": 9.615341227472612,
  "rule_based_performance": {
    "trades": 194,
    "resolved": 153,
    "wins": 76,
    "losses": 76,
    "ambiguous": 1,
    "win_rate": 0.49673202614379086,
    "avg_validation_rr": 0.3384249219831058,
    "max_drawdown_rr": 9.615341227472612
  },
  "assets": {
    "BTCUSD": {
      "trades": 52,
      "resolved": 34,
      "win_rate": 0.23529411764705882,
      "avg_validation_rr": -0.354957789033472
    },
    "EURUSD": {
      "trades": 42,
      "resolved": 41,
      "win_rate": 0.2682926829268293,
      "avg_validation_rr": -0.020944364020354482
    },
    "GOLD_CFD": {
      "trades": 28,
      "resolved": 13,
      "win_rate": 1.0,
      "avg_validation_rr": 0.5731974294916528
    },
    "NVDA": {
      "trades": 4,
      "resolved": 4,
      "win_rate": 0.5,
      "avg_validation_rr": 0.40249999999999553
    },
    "USOIL": {
      "trades": 14,
      "resolved": 9,
      "win_rate": 0.3333333333333333,
      "avg_validation_rr": -0.020416749547169863
    },
    "XAGUSD": {
      "trades": 54,
      "resolved": 52,
      "win_rate": 0.75,
      "avg_validation_rr": 1.073624634190785
    }
  }
}
