{
  "generated_utc": "2025-12-17T14:34:53.103571+00:00",
  "evaluated_trades": 186,
  "resolved_trades": 151,
  "wins": 59,
  "losses": 92,
  "ambiguous": 0,
  "win_rate": 0.39072847682119205,
  "avg_validation_rr": 0.18094387694688213,
  "max_drawdown_rr": 16.357658772585104,
  "rule_based_performance": {
    "trades": 186,
    "resolved": 151,
    "wins": 59,
    "losses": 92,
    "ambiguous": 0,
    "win_rate": 0.39072847682119205,
    "avg_validation_rr": 0.18094387694688213,
    "max_drawdown_rr": 16.357658772585104
  },
  "assets": {
    "BTCUSD": {
      "trades": 48,
      "resolved": 31,
      "win_rate": 0.0967741935483871,
      "avg_validation_rr": -0.6500259223954663
    },
    "EURUSD": {
      "trades": 42,
      "resolved": 42,
      "win_rate": 0.14285714285714285,
      "avg_validation_rr": -0.15128572679323013
    },
    "GOLD_CFD": {
      "trades": 27,
      "resolved": 14,
      "win_rate": 0.9285714285714286,
      "avg_validation_rr": 0.44828971860642775
    },
    "NVDA": {
      "trades": 4,
      "resolved": 4,
      "win_rate": 0.0,
      "avg_validation_rr": -0.6401200386712598
    },
    "USOIL": {
      "trades": 14,
      "resolved": 10,
      "win_rate": 0.4,
      "avg_validation_rr": -0.09178504028462511
    },
    "XAGUSD": {
      "trades": 51,
      "resolved": 50,
      "win_rate": 0.66,
      "avg_validation_rr": 1.0205920807119124
    }
  }
}
