{
  "generated_utc": "2025-12-16T18:50:59.620769+00:00",
  "evaluated_trades": 143,
  "resolved_trades": 120,
  "wins": 78,
  "losses": 41,
  "ambiguous": 1,
  "win_rate": 0.65,
  "avg_validation_rr": 0.21568812443104443,
  "max_drawdown_rr": 15.425858600032878,
  "rule_based_performance": {
    "trades": 143,
    "resolved": 120,
    "wins": 78,
    "losses": 41,
    "ambiguous": 1,
    "win_rate": 0.65,
    "avg_validation_rr": 0.21568812443104443,
    "max_drawdown_rr": 15.425858600032878
  },
  "assets": {
    "BTCUSD": {
      "trades": 43,
      "resolved": 37,
      "win_rate": 0.4594594594594595,
      "avg_validation_rr": 0.35728126553420375
    },
    "EURUSD": {
      "trades": 36,
      "resolved": 36,
      "win_rate": 0.8055555555555556,
      "avg_validation_rr": 0.07015016849908672
    },
    "GOLD_CFD": {
      "trades": 22,
      "resolved": 9,
      "win_rate": 0.7777777777777778,
      "avg_validation_rr": 0.0903176222318328
    },
    "NVDA": {
      "trades": 3,
      "resolved": 3,
      "win_rate": 0.0,
      "avg_validation_rr": -0.4982839957184239
    },
    "USOIL": {
      "trades": 8,
      "resolved": 4,
      "win_rate": 1.0,
      "avg_validation_rr": 1.8599999999999997
    },
    "XAGUSD": {
      "trades": 31,
      "resolved": 31,
      "win_rate": 0.6774193548387096,
      "avg_validation_rr": 0.10902436864714353
    }
  }
}
