{
  "generated_utc": "2025-12-17T18:31:37.753530+00:00",
  "evaluated_trades": 201,
  "resolved_trades": 160,
  "wins": 82,
  "losses": 78,
  "ambiguous": 0,
  "win_rate": 0.5125,
  "avg_validation_rr": 0.4125462302234822,
  "max_drawdown_rr": 7.011139171526679,
  "rule_based_performance": {
    "trades": 201,
    "resolved": 160,
    "wins": 82,
    "losses": 78,
    "ambiguous": 0,
    "win_rate": 0.5125,
    "avg_validation_rr": 0.4125462302234822,
    "max_drawdown_rr": 7.011139171526679
  },
  "assets": {
    "BTCUSD": {
      "trades": 52,
      "resolved": 34,
      "win_rate": 0.29411764705882354,
      "avg_validation_rr": -0.1851477190891752
    },
    "EURUSD": {
      "trades": 43,
      "resolved": 42,
      "win_rate": 0.23809523809523808,
      "avg_validation_rr": -0.02577362988361189
    },
    "GOLD_CFD": {
      "trades": 28,
      "resolved": 14,
      "win_rate": 1.0,
      "avg_validation_rr": 0.77037967734164
    },
    "NVDA": {
      "trades": 4,
      "resolved": 4,
      "win_rate": 0.5,
      "avg_validation_rr": 0.40249999999999553
    },
    "USOIL": {
      "trades": 16,
      "resolved": 11,
      "win_rate": 0.5454545454545454,
      "avg_validation_rr": 0.012452421385776867
    },
    "XAGUSD": {
      "trades": 58,
      "resolved": 55,
      "win_rate": 0.7272727272727273,
      "avg_validation_rr": 1.1064112658522605
    }
  }
}
