{
  "generated_utc": "2025-12-15T18:47:51.493281+00:00",
  "evaluated_trades": 61,
  "resolved_trades": 43,
  "wins": 21,
  "losses": 22,
  "ambiguous": 0,
  "win_rate": 0.4883720930232558,
  "avg_validation_rr": 0.36391105710839955,
  "max_drawdown_rr": 4.0386070982516795,
  "rule_based_performance": {
    "trades": 61,
    "resolved": 43,
    "wins": 21,
    "losses": 22,
    "ambiguous": 0,
    "win_rate": 0.4883720930232558,
    "avg_validation_rr": 0.36391105710839955,
    "max_drawdown_rr": 4.0386070982516795
  },
  "assets": {
    "BTCUSD": {
      "trades": 23,
      "resolved": 22,
      "win_rate": 0.5454545454545454,
      "avg_validation_rr": 0.7309717925415904
    },
    "EURUSD": {
      "trades": 9,
      "resolved": 9,
      "win_rate": 0.2222222222222222,
      "avg_validation_rr": -0.034498116208210555
    },
    "GOLD_CFD": {
      "trades": 14,
      "resolved": 1,
      "win_rate": 0.0,
      "avg_validation_rr": -1.0
    },
    "USOIL": {
      "trades": 7,
      "resolved": 3,
      "win_rate": 1.0,
      "avg_validation_rr": 1.1767418469034239
    },
    "XAGUSD": {
      "trades": 8,
      "resolved": 8,
      "win_rate": 0.5,
      "avg_validation_rr": -0.33161830938627335
    }
  }
}
