{
  "generated_utc": "2025-12-18T16:07:30.620661+00:00",
  "evaluated_trades": 270,
  "resolved_trades": 152,
  "wins": 56,
  "losses": 96,
  "ambiguous": 0,
  "win_rate": 0.3684210526315789,
  "avg_validation_rr": -0.03506740208021146,
  "max_drawdown_rr": 35.03039809366257,
  "rule_based_performance": {
    "trades": 270,
    "resolved": 152,
    "wins": 56,
    "losses": 96,
    "ambiguous": 0,
    "win_rate": 0.3684210526315789,
    "avg_validation_rr": -0.03506740208021146,
    "max_drawdown_rr": 35.03039809366257
  },
  "assets": {
    "BTCUSD": {
      "trades": 62,
      "resolved": 24,
      "win_rate": 0.3333333333333333,
      "avg_validation_rr": -0.021873499307032158
    },
    "EURUSD": {
      "trades": 57,
      "resolved": 29,
      "win_rate": 0.1724137931034483,
      "avg_validation_rr": -0.1331776815962342
    },
    "GOLD_CFD": {
      "trades": 42,
      "resolved": 20,
      "win_rate": 0.75,
      "avg_validation_rr": 0.16007051280396054
    },
    "NVDA": {
      "trades": 5,
      "resolved": 5,
      "win_rate": 0.8,
      "avg_validation_rr": 1.3999723254617145
    },
    "USOIL": {
      "trades": 24,
      "resolved": 17,
      "win_rate": 0.4117647058823529,
      "avg_validation_rr": -0.27118412477576886
    },
    "XAGUSD": {
      "trades": 80,
      "resolved": 57,
      "win_rate": 0.2982456140350877,
      "avg_validation_rr": -0.11463631804793492
    }
  }
}
