{
  "generated_utc": "2025-12-18T09:45:04.573762+00:00",
  "evaluated_trades": 257,
  "resolved_trades": 165,
  "wins": 66,
  "losses": 99,
  "ambiguous": 0,
  "win_rate": 0.4,
  "avg_validation_rr": 0.10802608621388572,
  "max_drawdown_rr": 17.210671208169607,
  "rule_based_performance": {
    "trades": 257,
    "resolved": 165,
    "wins": 66,
    "losses": 99,
    "ambiguous": 0,
    "win_rate": 0.4,
    "avg_validation_rr": 0.10802608621388572,
    "max_drawdown_rr": 17.210671208169607
  },
  "assets": {
    "BTCUSD": {
      "trades": 60,
      "resolved": 27,
      "win_rate": 0.18518518518518517,
      "avg_validation_rr": -0.5332126307052362
    },
    "EURUSD": {
      "trades": 56,
      "resolved": 40,
      "win_rate": 0.1,
      "avg_validation_rr": -0.1762475516038414
    },
    "GOLD_CFD": {
      "trades": 40,
      "resolved": 21,
      "win_rate": 0.3333333333333333,
      "avg_validation_rr": -0.0024210434009357233
    },
    "NVDA": {
      "trades": 4,
      "resolved": 4,
      "win_rate": 0.5,
      "avg_validation_rr": 0.40249999999999553
    },
    "USOIL": {
      "trades": 23,
      "resolved": 16,
      "win_rate": 0.625,
      "avg_validation_rr": -0.01121437454781582
    },
    "XAGUSD": {
      "trades": 74,
      "resolved": 57,
      "win_rate": 0.6666666666666666,
      "avg_validation_rr": 0.6647582319766823
    }
  }
}
