{
  "generated_utc": "2025-12-18T16:32:30.542372+00:00",
  "evaluated_trades": 273,
  "resolved_trades": 151,
  "wins": 71,
  "losses": 79,
  "ambiguous": 1,
  "win_rate": 0.47019867549668876,
  "avg_validation_rr": 0.09243760683249719,
  "max_drawdown_rr": 18.071538971541756,
  "rule_based_performance": {
    "trades": 273,
    "resolved": 151,
    "wins": 71,
    "losses": 79,
    "ambiguous": 1,
    "win_rate": 0.47019867549668876,
    "avg_validation_rr": 0.09243760683249719,
    "max_drawdown_rr": 18.071538971541756
  },
  "assets": {
    "BTCUSD": {
      "trades": 62,
      "resolved": 24,
      "win_rate": 0.3333333333333333,
      "avg_validation_rr": -0.022044685387047125
    },
    "EURUSD": {
      "trades": 57,
      "resolved": 28,
      "win_rate": 0.5357142857142857,
      "avg_validation_rr": -0.018768249582180235
    },
    "GOLD_CFD": {
      "trades": 42,
      "resolved": 20,
      "win_rate": 0.95,
      "avg_validation_rr": 0.8761702003977883
    },
    "NVDA": {
      "trades": 6,
      "resolved": 5,
      "win_rate": 0.8,
      "avg_validation_rr": 1.4176977528732304
    },
    "USOIL": {
      "trades": 25,
      "resolved": 17,
      "win_rate": 0.4117647058823529,
      "avg_validation_rr": -0.27118412477576886
    },
    "XAGUSD": {
      "trades": 81,
      "resolved": 57,
      "win_rate": 0.3157894736842105,
      "avg_validation_rr": -0.08752808038309826
    }
  }
}
