{
  "generated_utc": "2025-12-18T20:32:22.223042+00:00",
  "evaluated_trades": 288,
  "resolved_trades": 160,
  "wins": 54,
  "losses": 106,
  "ambiguous": 0,
  "win_rate": 0.3375,
  "avg_validation_rr": -0.09453856509622745,
  "max_drawdown_rr": 37.23876754876299,
  "rule_based_performance": {
    "trades": 288,
    "resolved": 160,
    "wins": 54,
    "losses": 106,
    "ambiguous": 0,
    "win_rate": 0.3375,
    "avg_validation_rr": -0.09453856509622745,
    "max_drawdown_rr": 37.23876754876299
  },
  "assets": {
    "BTCUSD": {
      "trades": 66,
      "resolved": 25,
      "win_rate": 0.2,
      "avg_validation_rr": -0.4184364743118445
    },
    "EURUSD": {
      "trades": 58,
      "resolved": 27,
      "win_rate": 0.14814814814814814,
      "avg_validation_rr": -0.15216929648996588
    },
    "GOLD_CFD": {
      "trades": 43,
      "resolved": 21,
      "win_rate": 0.2857142857142857,
      "avg_validation_rr": 0.010572382430139042
    },
    "NVDA": {
      "trades": 7,
      "resolved": 7,
      "win_rate": 1.0,
      "avg_validation_rr": 1.252776070402028
    },
    "USOIL": {
      "trades": 27,
      "resolved": 19,
      "win_rate": 0.7368421052631579,
      "avg_validation_rr": 0.19857153574906036
    },
    "XAGUSD": {
      "trades": 87,
      "resolved": 61,
      "win_rate": 0.29508196721311475,
      "avg_validation_rr": -0.21837703697459768
    }
  }
}
