{
  "generated_utc": "2025-12-16T07:07:56.073126+00:00",
  "evaluated_trades": 98,
  "resolved_trades": 77,
  "wins": 31,
  "losses": 45,
  "ambiguous": 1,
  "win_rate": 0.4025974025974026,
  "avg_validation_rr": 0.13031619020457982,
  "max_drawdown_rr": 18.501022718585055,
  "rule_based_performance": {
    "trades": 98,
    "resolved": 77,
    "wins": 31,
    "losses": 45,
    "ambiguous": 1,
    "win_rate": 0.4025974025974026,
    "avg_validation_rr": 0.13031619020457982,
    "max_drawdown_rr": 18.501022718585055
  },
  "assets": {
    "BTCUSD": {
      "trades": 35,
      "resolved": 33,
      "win_rate": 0.45454545454545453,
      "avg_validation_rr": 0.5484982053883981
    },
    "EURUSD": {
      "trades": 18,
      "resolved": 17,
      "win_rate": 0.47058823529411764,
      "avg_validation_rr": 0.0025184130266396485
    },
    "GOLD_CFD": {
      "trades": 21,
      "resolved": 7,
      "win_rate": 0.14285714285714285,
      "avg_validation_rr": -0.5238025003891144
    },
    "USOIL": {
      "trades": 7,
      "resolved": 3,
      "win_rate": 1.0,
      "avg_validation_rr": 1.0551348995281542
    },
    "XAGUSD": {
      "trades": 17,
      "resolved": 17,
      "win_rate": 0.23529411764705882,
      "avg_validation_rr": -0.4475114323163547
    }
  }
}
