{
  "generated_utc": "2025-12-21T05:18:06.805338+00:00",
  "evaluated_trades": 329,
  "resolved_trades": 93,
  "wins": 46,
  "losses": 47,
  "ambiguous": 0,
  "win_rate": 0.4946236559139785,
  "avg_validation_rr": 0.29902825493853635,
  "max_drawdown_rr": 5.5435272092843455,
  "rule_based_performance": {
    "trades": 329,
    "resolved": 93,
    "wins": 46,
    "losses": 47,
    "ambiguous": 0,
    "win_rate": 0.4946236559139785,
    "avg_validation_rr": 0.29902825493853635,
    "max_drawdown_rr": 5.5435272092843455
  },
  "assets": {
    "BTCUSD": {
      "trades": 73,
      "resolved": 7,
      "win_rate": 0.0,
      "avg_validation_rr": -0.7807264128174812
    },
    "EURUSD": {
      "trades": 61,
      "resolved": 19,
      "win_rate": 0.15789473684210525,
      "avg_validation_rr": -0.13891884939876006
    },
    "GOLD_CFD": {
      "trades": 53,
      "resolved": 13,
      "win_rate": 0.9230769230769231,
      "avg_validation_rr": 0.20815831192123596
    },
    "NVDA": {
      "trades": 7,
      "resolved": 4,
      "win_rate": 0.25,
      "avg_validation_rr": -0.4698759031024214
    },
    "USOIL": {
      "trades": 34,
      "resolved": 20,
      "win_rate": 0.1,
      "avg_validation_rr": -0.6198253233125458
    },
    "XAGUSD": {
      "trades": 101,
      "resolved": 30,
      "win_rate": 0.9333333333333333,
      "avg_validation_rr": 1.5828040920422406
    }
  }
}
