{
  "generated_utc": "2025-12-15T11:51:54.193948+00:00",
  "evaluated_trades": 38,
  "resolved_trades": 20,
  "wins": 9,
  "losses": 11,
  "ambiguous": 0,
  "win_rate": 0.45,
  "avg_validation_rr": -0.18100119828465766,
  "max_drawdown_rr": 7.174674544385718,
  "rule_based_performance": {
    "trades": 38,
    "resolved": 20,
    "wins": 9,
    "losses": 11,
    "ambiguous": 0,
    "win_rate": 0.45,
    "avg_validation_rr": -0.18100119828465766,
    "max_drawdown_rr": 7.174674544385718
  },
  "assets": {
    "BTCUSD": {
      "trades": 17,
      "resolved": 17,
      "win_rate": 0.35294117647058826,
      "avg_validation_rr": -0.23926234302521157
    },
    "EURUSD": {
      "trades": 1,
      "resolved": 1,
      "win_rate": 1.0,
      "avg_validation_rr": 0.017026783129861504
    },
    "GOLD_CFD": {
      "trades": 14,
      "resolved": 0,
      "win_rate": null,
      "avg_validation_rr": null
    },
    "USOIL": {
      "trades": 5,
      "resolved": 1,
      "win_rate": 1.0,
      "avg_validation_rr": 0.38983220338983543
    },
    "XAGUSD": {
      "trades": 1,
      "resolved": 1,
      "win_rate": 1.0,
      "avg_validation_rr": 0.04057687921574643
    }
  }
}
