{
  "generated_utc": "2025-12-16T02:38:46.254821+00:00",
  "evaluated_trades": 89,
  "resolved_trades": 71,
  "wins": 48,
  "losses": 23,
  "ambiguous": 0,
  "win_rate": 0.676056338028169,
  "avg_validation_rr": 0.43049117477915183,
  "max_drawdown_rr": 4.494005911089044,
  "rule_based_performance": {
    "trades": 89,
    "resolved": 71,
    "wins": 48,
    "losses": 23,
    "ambiguous": 0,
    "win_rate": 0.676056338028169,
    "avg_validation_rr": 0.43049117477915183,
    "max_drawdown_rr": 4.494005911089044
  },
  "assets": {
    "BTCUSD": {
      "trades": 33,
      "resolved": 33,
      "win_rate": 0.6060606060606061,
      "avg_validation_rr": 0.8690081375656517
    },
    "EURUSD": {
      "trades": 15,
      "resolved": 14,
      "win_rate": 0.7857142857142857,
      "avg_validation_rr": 0.030228526347681643
    },
    "GOLD_CFD": {
      "trades": 19,
      "resolved": 6,
      "win_rate": 0.8333333333333334,
      "avg_validation_rr": -0.039970092744598375
    },
    "USOIL": {
      "trades": 7,
      "resolved": 3,
      "win_rate": 1.0,
      "avg_validation_rr": 1.0030211108515246
    },
    "XAGUSD": {
      "trades": 15,
      "resolved": 15,
      "win_rate": 0.6,
      "avg_validation_rr": -0.08698915168675043
    }
  }
}
