{
  "generated_utc": "2025-12-15T20:55:49.237821+00:00",
  "evaluated_trades": 65,
  "resolved_trades": 47,
  "wins": 31,
  "losses": 16,
  "ambiguous": 0,
  "win_rate": 0.6595744680851063,
  "avg_validation_rr": 0.6336460881468885,
  "max_drawdown_rr": 4.918105288346634,
  "rule_based_performance": {
    "trades": 65,
    "resolved": 47,
    "wins": 31,
    "losses": 16,
    "ambiguous": 0,
    "win_rate": 0.6595744680851063,
    "avg_validation_rr": 0.6336460881468885,
    "max_drawdown_rr": 4.918105288346634
  },
  "assets": {
    "BTCUSD": {
      "trades": 25,
      "resolved": 24,
      "win_rate": 0.75,
      "avg_validation_rr": 1.235812372784719
    },
    "EURUSD": {
      "trades": 10,
      "resolved": 10,
      "win_rate": 0.6,
      "avg_validation_rr": 0.01082902807672799
    },
    "GOLD_CFD": {
      "trades": 14,
      "resolved": 1,
      "win_rate": 0.0,
      "avg_validation_rr": -1.0
    },
    "USOIL": {
      "trades": 7,
      "resolved": 3,
      "win_rate": 1.0,
      "avg_validation_rr": 0.7250623739937726
    },
    "XAGUSD": {
      "trades": 9,
      "resolved": 9,
      "win_rate": 0.4444444444444444,
      "avg_validation_rr": -0.12906757851978737
    }
  }
}
