{
  "generated_utc": "2025-12-16T13:00:07.859618+00:00",
  "evaluated_trades": 123,
  "resolved_trades": 103,
  "wins": 58,
  "losses": 45,
  "ambiguous": 0,
  "win_rate": 0.5631067961165048,
  "avg_validation_rr": 0.11937294537882816,
  "max_drawdown_rr": 17.42810067113159,
  "rule_based_performance": {
    "trades": 123,
    "resolved": 103,
    "wins": 58,
    "losses": 45,
    "ambiguous": 0,
    "win_rate": 0.5631067961165048,
    "avg_validation_rr": 0.11937294537882816,
    "max_drawdown_rr": 17.42810067113159
  },
  "assets": {
    "BTCUSD": {
      "trades": 38,
      "resolved": 35,
      "win_rate": 0.42857142857142855,
      "avg_validation_rr": 0.3224755735235723
    },
    "EURUSD": {
      "trades": 31,
      "resolved": 31,
      "win_rate": 0.8709677419354839,
      "avg_validation_rr": 0.1086000751758329
    },
    "GOLD_CFD": {
      "trades": 22,
      "resolved": 9,
      "win_rate": 0.3333333333333333,
      "avg_validation_rr": -0.23129287148669184
    },
    "USOIL": {
      "trades": 8,
      "resolved": 4,
      "win_rate": 1.0,
      "avg_validation_rr": 1.5000004480286726
    },
    "XAGUSD": {
      "trades": 24,
      "resolved": 24,
      "win_rate": 0.375,
      "avg_validation_rr": -0.2615083324371257
    }
  }
}
