{
  "generated_utc": "2025-12-16T03:48:08.702263+00:00",
  "evaluated_trades": 91,
  "resolved_trades": 73,
  "wins": 38,
  "losses": 35,
  "ambiguous": 0,
  "win_rate": 0.5205479452054794,
  "avg_validation_rr": 0.3126625315769855,
  "max_drawdown_rr": 9.332827047862786,
  "rule_based_performance": {
    "trades": 91,
    "resolved": 73,
    "wins": 38,
    "losses": 35,
    "ambiguous": 0,
    "win_rate": 0.5205479452054794,
    "avg_validation_rr": 0.3126625315769855,
    "max_drawdown_rr": 9.332827047862786
  },
  "assets": {
    "BTCUSD": {
      "trades": 33,
      "resolved": 33,
      "win_rate": 0.7878787878787878,
      "avg_validation_rr": 0.9793132898316956
    },
    "EURUSD": {
      "trades": 16,
      "resolved": 16,
      "win_rate": 0.4375,
      "avg_validation_rr": -0.0037065235271991105
    },
    "GOLD_CFD": {
      "trades": 19,
      "resolved": 6,
      "win_rate": 0.0,
      "avg_validation_rr": -0.5665123469125478
    },
    "USOIL": {
      "trades": 7,
      "resolved": 3,
      "win_rate": 1.0,
      "avg_validation_rr": 1.0551348995281542
    },
    "XAGUSD": {
      "trades": 16,
      "resolved": 15,
      "win_rate": 0.13333333333333333,
      "avg_validation_rr": -0.6133333333333335
    }
  }
}
