{
  "generated_utc": "2025-12-19T12:42:00.370370+00:00",
  "evaluated_trades": 320,
  "resolved_trades": 155,
  "wins": 58,
  "losses": 97,
  "ambiguous": 0,
  "win_rate": 0.3741935483870968,
  "avg_validation_rr": -0.06723944841103896,
  "max_drawdown_rr": 32.35667368217535,
  "rule_based_performance": {
    "trades": 320,
    "resolved": 155,
    "wins": 58,
    "losses": 97,
    "ambiguous": 0,
    "win_rate": 0.3741935483870968,
    "avg_validation_rr": -0.06723944841103896,
    "max_drawdown_rr": 32.35667368217535
  },
  "assets": {
    "BTCUSD": {
      "trades": 72,
      "resolved": 26,
      "win_rate": 0.34615384615384615,
      "avg_validation_rr": -0.10796549269951994
    },
    "EURUSD": {
      "trades": 58,
      "resolved": 18,
      "win_rate": 0.16666666666666666,
      "avg_validation_rr": -0.16375232358156
    },
    "GOLD_CFD": {
      "trades": 52,
      "resolved": 28,
      "win_rate": 0.21428571428571427,
      "avg_validation_rr": -0.1220368960900937
    },
    "NVDA": {
      "trades": 7,
      "resolved": 7,
      "win_rate": 1.0,
      "avg_validation_rr": 1.252776070402028
    },
    "USOIL": {
      "trades": 34,
      "resolved": 22,
      "win_rate": 0.2727272727272727,
      "avg_validation_rr": -0.36692020923401464
    },
    "XAGUSD": {
      "trades": 97,
      "resolved": 54,
      "win_rate": 0.5,
      "avg_validation_rr": -0.036067123485160967
    }
  }
}
