{
  "generated_utc": "2025-12-19T00:45:42.723220+00:00",
  "evaluated_trades": 292,
  "resolved_trades": 149,
  "wins": 64,
  "losses": 85,
  "ambiguous": 0,
  "win_rate": 0.42953020134228187,
  "avg_validation_rr": 0.06657284034906126,
  "max_drawdown_rr": 8.514260065526258,
  "rule_based_performance": {
    "trades": 292,
    "resolved": 149,
    "wins": 64,
    "losses": 85,
    "ambiguous": 0,
    "win_rate": 0.42953020134228187,
    "avg_validation_rr": 0.06657284034906126,
    "max_drawdown_rr": 8.514260065526258
  },
  "assets": {
    "BTCUSD": {
      "trades": 66,
      "resolved": 23,
      "win_rate": 0.6956521739130435,
      "avg_validation_rr": 0.7945445806523076
    },
    "EURUSD": {
      "trades": 58,
      "resolved": 21,
      "win_rate": 0.19047619047619047,
      "avg_validation_rr": -0.10895282192410186
    },
    "GOLD_CFD": {
      "trades": 44,
      "resolved": 22,
      "win_rate": 0.2727272727272727,
      "avg_validation_rr": -0.005019752140242789
    },
    "NVDA": {
      "trades": 7,
      "resolved": 7,
      "win_rate": 1.0,
      "avg_validation_rr": 1.252776070402028
    },
    "USOIL": {
      "trades": 27,
      "resolved": 19,
      "win_rate": 0.7368421052631579,
      "avg_validation_rr": 0.3373388641458698
    },
    "XAGUSD": {
      "trades": 90,
      "resolved": 57,
      "win_rate": 0.2982456140350877,
      "avg_validation_rr": -0.37079998679100323
    }
  }
}
