{
  "generated_utc": "2025-12-16T03:13:14.610957+00:00",
  "evaluated_trades": 90,
  "resolved_trades": 73,
  "wins": 43,
  "losses": 30,
  "ambiguous": 0,
  "win_rate": 0.589041095890411,
  "avg_validation_rr": 0.329955548611211,
  "max_drawdown_rr": 7.958503421884114,
  "rule_based_performance": {
    "trades": 90,
    "resolved": 73,
    "wins": 43,
    "losses": 30,
    "ambiguous": 0,
    "win_rate": 0.589041095890411,
    "avg_validation_rr": 0.329955548611211,
    "max_drawdown_rr": 7.958503421884114
  },
  "assets": {
    "BTCUSD": {
      "trades": 33,
      "resolved": 33,
      "win_rate": 0.7575757575757576,
      "avg_validation_rr": 0.9691656384363692
    },
    "EURUSD": {
      "trades": 16,
      "resolved": 16,
      "win_rate": 0.8125,
      "avg_validation_rr": 0.0384169031016369
    },
    "GOLD_CFD": {
      "trades": 19,
      "resolved": 6,
      "win_rate": 0.0,
      "avg_validation_rr": -0.47676438566865914
    },
    "USOIL": {
      "trades": 7,
      "resolved": 3,
      "win_rate": 1.0,
      "avg_validation_rr": 1.0030211108515246
    },
    "XAGUSD": {
      "trades": 15,
      "resolved": 15,
      "win_rate": 0.13333333333333333,
      "avg_validation_rr": -0.5772572325300391
    }
  }
}
