{
  "generated_utc": "2025-12-16T07:40:14.517317+00:00",
  "evaluated_trades": 100,
  "resolved_trades": 80,
  "wins": 35,
  "losses": 45,
  "ambiguous": 0,
  "win_rate": 0.4375,
  "avg_validation_rr": 0.17755952510179943,
  "max_drawdown_rr": 15.232356997901114,
  "rule_based_performance": {
    "trades": 100,
    "resolved": 80,
    "wins": 35,
    "losses": 45,
    "ambiguous": 0,
    "win_rate": 0.4375,
    "avg_validation_rr": 0.17755952510179943,
    "max_drawdown_rr": 15.232356997901114
  },
  "assets": {
    "BTCUSD": {
      "trades": 35,
      "resolved": 33,
      "win_rate": 0.5757575757575758,
      "avg_validation_rr": 0.6799962021587934
    },
    "EURUSD": {
      "trades": 19,
      "resolved": 18,
      "win_rate": 0.3888888888888889,
      "avg_validation_rr": -0.005563922608735664
    },
    "GOLD_CFD": {
      "trades": 21,
      "resolved": 8,
      "win_rate": 0.125,
      "avg_validation_rr": -0.4602545437842449
    },
    "USOIL": {
      "trades": 7,
      "resolved": 3,
      "win_rate": 1.0,
      "avg_validation_rr": 0.9856434780716029
    },
    "XAGUSD": {
      "trades": 18,
      "resolved": 18,
      "win_rate": 0.2777777777777778,
      "avg_validation_rr": -0.41165867444887977
    }
  }
}
