{
  "generated_utc": "2025-12-18T09:44:37.582548+00:00",
  "evaluated_trades": 257,
  "resolved_trades": 165,
  "wins": 67,
  "losses": 98,
  "ambiguous": 0,
  "win_rate": 0.40606060606060607,
  "avg_validation_rr": 0.10772539101876101,
  "max_drawdown_rr": 17.22368582459254,
  "rule_based_performance": {
    "trades": 257,
    "resolved": 165,
    "wins": 67,
    "losses": 98,
    "ambiguous": 0,
    "win_rate": 0.40606060606060607,
    "avg_validation_rr": 0.10772539101876101,
    "max_drawdown_rr": 17.22368582459254
  },
  "assets": {
    "BTCUSD": {
      "trades": 60,
      "resolved": 27,
      "win_rate": 0.18518518518518517,
      "avg_validation_rr": -0.5360370900357156
    },
    "EURUSD": {
      "trades": 56,
      "resolved": 40,
      "win_rate": 0.1,
      "avg_validation_rr": -0.17735408643381187
    },
    "GOLD_CFD": {
      "trades": 40,
      "resolved": 21,
      "win_rate": 0.38095238095238093,
      "avg_validation_rr": 0.0009554845955495407
    },
    "NVDA": {
      "trades": 4,
      "resolved": 4,
      "win_rate": 0.5,
      "avg_validation_rr": 0.40249999999999553
    },
    "USOIL": {
      "trades": 23,
      "resolved": 16,
      "win_rate": 0.625,
      "avg_validation_rr": -0.01121437454781582
    },
    "XAGUSD": {
      "trades": 74,
      "resolved": 57,
      "win_rate": 0.6666666666666666,
      "avg_validation_rr": 0.6647582319766823
    }
  }
}
