{
  "generated_utc": "2025-12-17T03:51:23.064533+00:00",
  "evaluated_trades": 164,
  "resolved_trades": 134,
  "wins": 64,
  "losses": 70,
  "ambiguous": 0,
  "win_rate": 0.47761194029850745,
  "avg_validation_rr": 0.46397583757836713,
  "max_drawdown_rr": 4.0178843648069815,
  "rule_based_performance": {
    "trades": 164,
    "resolved": 134,
    "wins": 64,
    "losses": 70,
    "ambiguous": 0,
    "win_rate": 0.47761194029850745,
    "avg_validation_rr": 0.46397583757836713,
    "max_drawdown_rr": 4.0178843648069815
  },
  "assets": {
    "BTCUSD": {
      "trades": 45,
      "resolved": 33,
      "win_rate": 0.3333333333333333,
      "avg_validation_rr": -0.09064296085689202
    },
    "EURUSD": {
      "trades": 40,
      "resolved": 40,
      "win_rate": 0.125,
      "avg_validation_rr": -0.09556992232756223
    },
    "GOLD_CFD": {
      "trades": 24,
      "resolved": 11,
      "win_rate": 0.9090909090909091,
      "avg_validation_rr": 0.39334550263661505
    },
    "NVDA": {
      "trades": 4,
      "resolved": 4,
      "win_rate": 0.25,
      "avg_validation_rr": -0.2780254562964791
    },
    "USOIL": {
      "trades": 11,
      "resolved": 7,
      "win_rate": 0.5714285714285714,
      "avg_validation_rr": 0.8454603682288694
    },
    "XAGUSD": {
      "trades": 40,
      "resolved": 39,
      "win_rate": 0.8461538461538461,
      "avg_validation_rr": 1.5347142450118507
    }
  }
}
