{
  "generated_utc": "2025-12-17T21:22:23.300797+00:00",
  "evaluated_trades": 213,
  "resolved_trades": 164,
  "wins": 89,
  "losses": 75,
  "ambiguous": 0,
  "win_rate": 0.5426829268292683,
  "avg_validation_rr": 0.4002365049838061,
  "max_drawdown_rr": 5.0,
  "rule_based_performance": {
    "trades": 213,
    "resolved": 164,
    "wins": 89,
    "losses": 75,
    "ambiguous": 0,
    "win_rate": 0.5426829268292683,
    "avg_validation_rr": 0.4002365049838061,
    "max_drawdown_rr": 5.0
  },
  "assets": {
    "BTCUSD": {
      "trades": 55,
      "resolved": 37,
      "win_rate": 0.3783783783783784,
      "avg_validation_rr": -0.185089323474395
    },
    "EURUSD": {
      "trades": 47,
      "resolved": 42,
      "win_rate": 0.19047619047619047,
      "avg_validation_rr": -0.07660530381603008
    },
    "GOLD_CFD": {
      "trades": 30,
      "resolved": 16,
      "win_rate": 1.0,
      "avg_validation_rr": 0.7648636747222857
    },
    "NVDA": {
      "trades": 4,
      "resolved": 4,
      "win_rate": 0.5,
      "avg_validation_rr": 0.40249999999999553
    },
    "USOIL": {
      "trades": 16,
      "resolved": 9,
      "win_rate": 0.0,
      "avg_validation_rr": -0.963790826483748
    },
    "XAGUSD": {
      "trades": 61,
      "resolved": 56,
      "win_rate": 0.875,
      "avg_validation_rr": 1.2594788069458442
    }
  }
}
