{
  "generated_utc": "2025-12-18T12:08:27.463085+00:00",
  "evaluated_trades": 262,
  "resolved_trades": 166,
  "wins": 74,
  "losses": 92,
  "ambiguous": 0,
  "win_rate": 0.4457831325301205,
  "avg_validation_rr": 0.15361948788581178,
  "max_drawdown_rr": 15.515671198588048,
  "rule_based_performance": {
    "trades": 262,
    "resolved": 166,
    "wins": 74,
    "losses": 92,
    "ambiguous": 0,
    "win_rate": 0.4457831325301205,
    "avg_validation_rr": 0.15361948788581178,
    "max_drawdown_rr": 15.515671198588048
  },
  "assets": {
    "BTCUSD": {
      "trades": 60,
      "resolved": 25,
      "win_rate": 0.2,
      "avg_validation_rr": -0.5243856138041796
    },
    "EURUSD": {
      "trades": 56,
      "resolved": 39,
      "win_rate": 0.10256410256410256,
      "avg_validation_rr": -0.16815204971445302
    },
    "GOLD_CFD": {
      "trades": 40,
      "resolved": 20,
      "win_rate": 0.35,
      "avg_validation_rr": -0.004445071498801909
    },
    "NVDA": {
      "trades": 4,
      "resolved": 4,
      "win_rate": 0.5,
      "avg_validation_rr": 0.40249999999999553
    },
    "USOIL": {
      "trades": 24,
      "resolved": 17,
      "win_rate": 0.6470588235294118,
      "avg_validation_rr": 0.08266233904115598
    },
    "XAGUSD": {
      "trades": 78,
      "resolved": 61,
      "win_rate": 0.7377049180327869,
      "avg_validation_rr": 0.6924925727752346
    }
  }
}
