{
  "generated_utc": "2025-12-18T10:05:08.649316+00:00",
  "evaluated_trades": 258,
  "resolved_trades": 166,
  "wins": 65,
  "losses": 101,
  "ambiguous": 0,
  "win_rate": 0.39156626506024095,
  "avg_validation_rr": 0.06665573901205897,
  "max_drawdown_rr": 20.896748339487985,
  "rule_based_performance": {
    "trades": 258,
    "resolved": 166,
    "wins": 65,
    "losses": 101,
    "ambiguous": 0,
    "win_rate": 0.39156626506024095,
    "avg_validation_rr": 0.06665573901205897,
    "max_drawdown_rr": 20.896748339487985
  },
  "assets": {
    "BTCUSD": {
      "trades": 60,
      "resolved": 27,
      "win_rate": 0.18518518518518517,
      "avg_validation_rr": -0.5505072993839154
    },
    "EURUSD": {
      "trades": 56,
      "resolved": 40,
      "win_rate": 0.1,
      "avg_validation_rr": -0.16130933139933765
    },
    "GOLD_CFD": {
      "trades": 40,
      "resolved": 21,
      "win_rate": 0.3333333333333333,
      "avg_validation_rr": -0.013172223594654794
    },
    "NVDA": {
      "trades": 4,
      "resolved": 4,
      "win_rate": 0.5,
      "avg_validation_rr": 0.40249999999999553
    },
    "USOIL": {
      "trades": 23,
      "resolved": 16,
      "win_rate": 0.625,
      "avg_validation_rr": -0.01121437454781582
    },
    "XAGUSD": {
      "trades": 75,
      "resolved": 58,
      "win_rate": 0.6379310344827587,
      "avg_validation_rr": 0.5383960293723075
    }
  }
}
