{
  "generated_utc": "2025-12-16T11:54:52.383579+00:00",
  "evaluated_trades": 120,
  "resolved_trades": 100,
  "wins": 48,
  "losses": 52,
  "ambiguous": 0,
  "win_rate": 0.48,
  "avg_validation_rr": 0.056788403289685103,
  "max_drawdown_rr": 22.426242107702873,
  "rule_based_performance": {
    "trades": 120,
    "resolved": 100,
    "wins": 48,
    "losses": 52,
    "ambiguous": 0,
    "win_rate": 0.48,
    "avg_validation_rr": 0.056788403289685103,
    "max_drawdown_rr": 22.426242107702873
  },
  "assets": {
    "BTCUSD": {
      "trades": 38,
      "resolved": 35,
      "win_rate": 0.42857142857142855,
      "avg_validation_rr": 0.3140210150926537
    },
    "EURUSD": {
      "trades": 30,
      "resolved": 30,
      "win_rate": 0.8333333333333334,
      "avg_validation_rr": 0.05495214395079933
    },
    "GOLD_CFD": {
      "trades": 22,
      "resolved": 9,
      "win_rate": 0.0,
      "avg_validation_rr": -0.5503353678737993
    },
    "USOIL": {
      "trades": 7,
      "resolved": 3,
      "win_rate": 1.0,
      "avg_validation_rr": 2.0
    },
    "XAGUSD": {
      "trades": 23,
      "resolved": 23,
      "win_rate": 0.21739130434782608,
      "avg_validation_rr": -0.3481496176927893
    }
  }
}
