{
  "generated_utc": "2025-12-19T10:50:56.479043+00:00",
  "evaluated_trades": 318,
  "resolved_trades": 158,
  "wins": 82,
  "losses": 76,
  "ambiguous": 0,
  "win_rate": 0.5189873417721519,
  "avg_validation_rr": 0.08526915828261339,
  "max_drawdown_rr": 27.20668200505417,
  "rule_based_performance": {
    "trades": 318,
    "resolved": 158,
    "wins": 82,
    "losses": 76,
    "ambiguous": 0,
    "win_rate": 0.5189873417721519,
    "avg_validation_rr": 0.08526915828261339,
    "max_drawdown_rr": 27.20668200505417
  },
  "assets": {
    "BTCUSD": {
      "trades": 72,
      "resolved": 27,
      "win_rate": 0.3333333333333333,
      "avg_validation_rr": -0.09915257056141007
    },
    "EURUSD": {
      "trades": 58,
      "resolved": 18,
      "win_rate": 0.16666666666666666,
      "avg_validation_rr": -0.16966966128615876
    },
    "GOLD_CFD": {
      "trades": 51,
      "resolved": 27,
      "win_rate": 0.3333333333333333,
      "avg_validation_rr": -0.08869358354826862
    },
    "NVDA": {
      "trades": 7,
      "resolved": 7,
      "win_rate": 1.0,
      "avg_validation_rr": 1.252776070402028
    },
    "USOIL": {
      "trades": 34,
      "resolved": 23,
      "win_rate": 0.9130434782608695,
      "avg_validation_rr": 0.4181378039530564
    },
    "XAGUSD": {
      "trades": 96,
      "resolved": 56,
      "win_rate": 0.5892857142857143,
      "avg_validation_rr": 0.05735401944697506
    }
  }
}
