{
  "generated_utc": "2025-12-15T17:07:53.446106+00:00",
  "evaluated_trades": 52,
  "resolved_trades": 34,
  "wins": 19,
  "losses": 15,
  "ambiguous": 0,
  "win_rate": 0.5588235294117647,
  "avg_validation_rr": 0.45732908572436176,
  "max_drawdown_rr": 3.4089466785921836,
  "rule_based_performance": {
    "trades": 52,
    "resolved": 34,
    "wins": 19,
    "losses": 15,
    "ambiguous": 0,
    "win_rate": 0.5588235294117647,
    "avg_validation_rr": 0.45732908572436176,
    "max_drawdown_rr": 3.4089466785921836
  },
  "assets": {
    "BTCUSD": {
      "trades": 18,
      "resolved": 18,
      "win_rate": 0.6111111111111112,
      "avg_validation_rr": 0.9261111111111181
    },
    "EURUSD": {
      "trades": 6,
      "resolved": 6,
      "win_rate": 0.5,
      "avg_validation_rr": 0.0007236335756797644
    },
    "GOLD_CFD": {
      "trades": 14,
      "resolved": 1,
      "win_rate": 0.0,
      "avg_validation_rr": -1.0
    },
    "USOIL": {
      "trades": 7,
      "resolved": 3,
      "win_rate": 1.0,
      "avg_validation_rr": 0.9682745315022109
    },
    "XAGUSD": {
      "trades": 7,
      "resolved": 6,
      "win_rate": 0.3333333333333333,
      "avg_validation_rr": -0.5049960802220892
    }
  }
}
