{
  "generated_utc": "2025-12-19T02:19:49.345090+00:00",
  "evaluated_trades": 297,
  "resolved_trades": 148,
  "wins": 56,
  "losses": 92,
  "ambiguous": 0,
  "win_rate": 0.3783783783783784,
  "avg_validation_rr": -0.04031316966682997,
  "max_drawdown_rr": 13.227227653479751,
  "rule_based_performance": {
    "trades": 297,
    "resolved": 148,
    "wins": 56,
    "losses": 92,
    "ambiguous": 0,
    "win_rate": 0.3783783783783784,
    "avg_validation_rr": -0.04031316966682997,
    "max_drawdown_rr": 13.227227653479751
  },
  "assets": {
    "BTCUSD": {
      "trades": 68,
      "resolved": 25,
      "win_rate": 0.72,
      "avg_validation_rr": 0.7019978820116887
    },
    "EURUSD": {
      "trades": 58,
      "resolved": 19,
      "win_rate": 0.2631578947368421,
      "avg_validation_rr": -0.061684387162714814
    },
    "GOLD_CFD": {
      "trades": 45,
      "resolved": 21,
      "win_rate": 0.23809523809523808,
      "avg_validation_rr": -0.16714736024346827
    },
    "NVDA": {
      "trades": 7,
      "resolved": 7,
      "win_rate": 1.0,
      "avg_validation_rr": 1.252776070402028
    },
    "USOIL": {
      "trades": 28,
      "resolved": 20,
      "win_rate": 0.7,
      "avg_validation_rr": 0.27584396726288685
    },
    "XAGUSD": {
      "trades": 91,
      "resolved": 56,
      "win_rate": 0.125,
      "avg_validation_rr": -0.5914376799616173
    }
  }
}
