{
  "generated_utc": "2025-12-16T01:59:23.087371+00:00",
  "evaluated_trades": 86,
  "resolved_trades": 67,
  "wins": 45,
  "losses": 22,
  "ambiguous": 0,
  "win_rate": 0.6716417910447762,
  "avg_validation_rr": 0.49227790220147283,
  "max_drawdown_rr": 2.7693523349165403,
  "rule_based_performance": {
    "trades": 86,
    "resolved": 67,
    "wins": 45,
    "losses": 22,
    "ambiguous": 0,
    "win_rate": 0.6716417910447762,
    "avg_validation_rr": 0.49227790220147283,
    "max_drawdown_rr": 2.7693523349165403
  },
  "assets": {
    "BTCUSD": {
      "trades": 32,
      "resolved": 31,
      "win_rate": 0.7419354838709677,
      "avg_validation_rr": 1.007681908396923
    },
    "EURUSD": {
      "trades": 14,
      "resolved": 14,
      "win_rate": 0.42857142857142855,
      "avg_validation_rr": -0.008068279324306777
    },
    "GOLD_CFD": {
      "trades": 19,
      "resolved": 5,
      "win_rate": 0.8,
      "avg_validation_rr": -0.04095824898292934
    },
    "USOIL": {
      "trades": 7,
      "resolved": 3,
      "win_rate": 1.0,
      "avg_validation_rr": 0.8814141634762551
    },
    "XAGUSD": {
      "trades": 14,
      "resolved": 14,
      "win_rate": 0.6428571428571429,
      "avg_validation_rr": -0.04157250341283995
    }
  }
}
