{
  "generated_utc": "2025-12-14T22:28:30.194377+00:00",
  "evaluated_trades": 29,
  "resolved_trades": 12,
  "wins": 10,
  "losses": 2,
  "ambiguous": 0,
  "win_rate": 0.8333333333333334,
  "avg_validation_rr": 0.7586725662912013,
  "max_drawdown_rr": 1.8461584630149908,
  "rule_based_performance": {
    "trades": 29,
    "resolved": 12,
    "wins": 10,
    "losses": 2,
    "ambiguous": 0,
    "win_rate": 0.8333333333333334,
    "avg_validation_rr": 0.7586725662912013,
    "max_drawdown_rr": 1.8461584630149908
  },
  "assets": {
    "BTCUSD": {
      "trades": 12,
      "resolved": 12,
      "win_rate": 0.8333333333333334,
      "avg_validation_rr": 0.7586725662912013
    },
    "GOLD_CFD": {
      "trades": 13,
      "resolved": 0,
      "win_rate": null,
      "avg_validation_rr": null
    },
    "USOIL": {
      "trades": 4,
      "resolved": 0,
      "win_rate": null,
      "avg_validation_rr": null
    }
  }
}
