{
  "generated_utc": "2025-12-16T23:46:14.981549+00:00",
  "evaluated_trades": 153,
  "resolved_trades": 125,
  "wins": 58,
  "losses": 67,
  "ambiguous": 0,
  "win_rate": 0.464,
  "avg_validation_rr": 0.1528725304293621,
  "max_drawdown_rr": 12.52007510172029,
  "rule_based_performance": {
    "trades": 153,
    "resolved": 125,
    "wins": 58,
    "losses": 67,
    "ambiguous": 0,
    "win_rate": 0.464,
    "avg_validation_rr": 0.1528725304293621,
    "max_drawdown_rr": 12.52007510172029
  },
  "assets": {
    "BTCUSD": {
      "trades": 43,
      "resolved": 32,
      "win_rate": 0.40625,
      "avg_validation_rr": 0.008058249883296217
    },
    "EURUSD": {
      "trades": 39,
      "resolved": 39,
      "win_rate": 0.2564102564102564,
      "avg_validation_rr": -0.028390816388629378
    },
    "GOLD_CFD": {
      "trades": 23,
      "resolved": 10,
      "win_rate": 0.6,
      "avg_validation_rr": 0.06816530842134132
    },
    "NVDA": {
      "trades": 4,
      "resolved": 4,
      "win_rate": 0.25,
      "avg_validation_rr": -0.2780254562964791
    },
    "USOIL": {
      "trades": 9,
      "resolved": 5,
      "win_rate": 0.8,
      "avg_validation_rr": 1.477119332607907
    },
    "XAGUSD": {
      "trades": 35,
      "resolved": 35,
      "win_rate": 0.6857142857142857,
      "avg_validation_rr": 0.37152274927126555
    }
  }
}
