{
  "generated_utc": "2025-12-19T14:39:52.393164+00:00",
  "evaluated_trades": 324,
  "resolved_trades": 152,
  "wins": 74,
  "losses": 78,
  "ambiguous": 0,
  "win_rate": 0.4868421052631579,
  "avg_validation_rr": 0.005675537826004192,
  "max_drawdown_rr": 25.644096733084446,
  "rule_based_performance": {
    "trades": 324,
    "resolved": 152,
    "wins": 74,
    "losses": 78,
    "ambiguous": 0,
    "win_rate": 0.4868421052631579,
    "avg_validation_rr": 0.005675537826004192,
    "max_drawdown_rr": 25.644096733084446
  },
  "assets": {
    "BTCUSD": {
      "trades": 72,
      "resolved": 26,
      "win_rate": 0.38461538461538464,
      "avg_validation_rr": -0.12156528417190501
    },
    "EURUSD": {
      "trades": 59,
      "resolved": 17,
      "win_rate": 0.17647058823529413,
      "avg_validation_rr": -0.03856097374175671
    },
    "GOLD_CFD": {
      "trades": 53,
      "resolved": 27,
      "win_rate": 0.6666666666666666,
      "avg_validation_rr": 0.06006988362983221
    },
    "NVDA": {
      "trades": 7,
      "resolved": 5,
      "win_rate": 0.4,
      "avg_validation_rr": -0.26716757036958
    },
    "USOIL": {
      "trades": 34,
      "resolved": 22,
      "win_rate": 0.09090909090909091,
      "avg_validation_rr": -0.6218805199497703
    },
    "XAGUSD": {
      "trades": 99,
      "resolved": 55,
      "win_rate": 0.7090909090909091,
      "avg_validation_rr": 0.3286225113521711
    }
  }
}
