{
  "generated_utc": "2025-12-19T08:45:00.865061+00:00",
  "evaluated_trades": 313,
  "resolved_trades": 152,
  "wins": 60,
  "losses": 92,
  "ambiguous": 0,
  "win_rate": 0.39473684210526316,
  "avg_validation_rr": -0.07319469330173067,
  "max_drawdown_rr": 32.90316752166136,
  "rule_based_performance": {
    "trades": 313,
    "resolved": 152,
    "wins": 60,
    "losses": 92,
    "ambiguous": 0,
    "win_rate": 0.39473684210526316,
    "avg_validation_rr": -0.07319469330173067,
    "max_drawdown_rr": 32.90316752166136
  },
  "assets": {
    "BTCUSD": {
      "trades": 72,
      "resolved": 27,
      "win_rate": 0.2962962962962963,
      "avg_validation_rr": -0.1613963929560256
    },
    "EURUSD": {
      "trades": 58,
      "resolved": 18,
      "win_rate": 0.16666666666666666,
      "avg_validation_rr": -0.17520660259858617
    },
    "GOLD_CFD": {
      "trades": 48,
      "resolved": 23,
      "win_rate": 0.2608695652173913,
      "avg_validation_rr": -0.11509739841763168
    },
    "NVDA": {
      "trades": 7,
      "resolved": 7,
      "win_rate": 1.0,
      "avg_validation_rr": 1.252776070402028
    },
    "USOIL": {
      "trades": 33,
      "resolved": 21,
      "win_rate": 0.6666666666666666,
      "avg_validation_rr": 0.2711974628165985
    },
    "XAGUSD": {
      "trades": 95,
      "resolved": 56,
      "win_rate": 0.39285714285714285,
      "avg_validation_rr": -0.27556269595773314
    }
  }
}
