{
  "generated_utc": "2025-12-16T15:39:48.917817+00:00",
  "evaluated_trades": 129,
  "resolved_trades": 109,
  "wins": 70,
  "losses": 39,
  "ambiguous": 0,
  "win_rate": 0.6422018348623854,
  "avg_validation_rr": 0.2959084670223378,
  "max_drawdown_rr": 11.954316506796584,
  "rule_based_performance": {
    "trades": 129,
    "resolved": 109,
    "wins": 70,
    "losses": 39,
    "ambiguous": 0,
    "win_rate": 0.6422018348623854,
    "avg_validation_rr": 0.2959084670223378,
    "max_drawdown_rr": 11.954316506796584
  },
  "assets": {
    "BTCUSD": {
      "trades": 41,
      "resolved": 38,
      "win_rate": 0.42105263157894735,
      "avg_validation_rr": 0.3155540374009303
    },
    "EURUSD": {
      "trades": 31,
      "resolved": 31,
      "win_rate": 0.8709677419354839,
      "avg_validation_rr": 0.19825385502579296
    },
    "GOLD_CFD": {
      "trades": 22,
      "resolved": 9,
      "win_rate": 0.8888888888888888,
      "avg_validation_rr": 0.47611915770810914
    },
    "NVDA": {
      "trades": 1,
      "resolved": 1,
      "win_rate": 1.0,
      "avg_validation_rr": 0.5748098055790296
    },
    "USOIL": {
      "trades": 8,
      "resolved": 4,
      "win_rate": 1.0,
      "avg_validation_rr": 1.8599999999999997
    },
    "XAGUSD": {
      "trades": 26,
      "resolved": 26,
      "win_rate": 0.5384615384615384,
      "avg_validation_rr": 0.06989299051722644
    }
  }
}
