{
  "generated_utc": "2025-12-15T10:53:58.456580+00:00",
  "evaluated_trades": 35,
  "resolved_trades": 17,
  "wins": 5,
  "losses": 12,
  "ambiguous": 0,
  "win_rate": 0.29411764705882354,
  "avg_validation_rr": -0.3370586948558778,
  "max_drawdown_rr": 8.522087559705353,
  "rule_based_performance": {
    "trades": 35,
    "resolved": 17,
    "wins": 5,
    "losses": 12,
    "ambiguous": 0,
    "win_rate": 0.29411764705882354,
    "avg_validation_rr": -0.3370586948558778,
    "max_drawdown_rr": 8.522087559705353
  },
  "assets": {
    "BTCUSD": {
      "trades": 17,
      "resolved": 17,
      "win_rate": 0.29411764705882354,
      "avg_validation_rr": -0.3370586948558778
    },
    "GOLD_CFD": {
      "trades": 13,
      "resolved": 0,
      "win_rate": null,
      "avg_validation_rr": null
    },
    "USOIL": {
      "trades": 5,
      "resolved": 0,
      "win_rate": null,
      "avg_validation_rr": null
    }
  }
}
