{
  "generated_utc": "2025-12-16T10:53:06.563838+00:00",
  "evaluated_trades": 119,
  "resolved_trades": 98,
  "wins": 49,
  "losses": 49,
  "ambiguous": 0,
  "win_rate": 0.5,
  "avg_validation_rr": 0.07085906293948617,
  "max_drawdown_rr": 20.94159667355255,
  "rule_based_performance": {
    "trades": 119,
    "resolved": 98,
    "wins": 49,
    "losses": 49,
    "ambiguous": 0,
    "win_rate": 0.5,
    "avg_validation_rr": 0.07085906293948617,
    "max_drawdown_rr": 20.94159667355255
  },
  "assets": {
    "BTCUSD": {
      "trades": 38,
      "resolved": 35,
      "win_rate": 0.42857142857142855,
      "avg_validation_rr": 0.3183037634390148
    },
    "EURUSD": {
      "trades": 28,
      "resolved": 28,
      "win_rate": 0.8214285714285714,
      "avg_validation_rr": 0.05404588285647265
    },
    "GOLD_CFD": {
      "trades": 23,
      "resolved": 9,
      "win_rate": 0.0,
      "avg_validation_rr": -0.5068636539692605
    },
    "USOIL": {
      "trades": 7,
      "resolved": 3,
      "win_rate": 1.0,
      "avg_validation_rr": 2.0
    },
    "XAGUSD": {
      "trades": 23,
      "resolved": 23,
      "win_rate": 0.34782608695652173,
      "avg_validation_rr": -0.3107806689805983
    }
  }
}
