{
  "generated_utc": "2025-12-16T02:58:17.401350+00:00",
  "evaluated_trades": 90,
  "resolved_trades": 72,
  "wins": 43,
  "losses": 29,
  "ambiguous": 0,
  "win_rate": 0.5972222222222222,
  "avg_validation_rr": 0.38226470247359373,
  "max_drawdown_rr": 5.0248853447993405,
  "rule_based_performance": {
    "trades": 90,
    "resolved": 72,
    "wins": 43,
    "losses": 29,
    "ambiguous": 0,
    "win_rate": 0.5972222222222222,
    "avg_validation_rr": 0.38226470247359373,
    "max_drawdown_rr": 5.0248853447993405
  },
  "assets": {
    "BTCUSD": {
      "trades": 33,
      "resolved": 33,
      "win_rate": 0.7272727272727273,
      "avg_validation_rr": 0.9418905764230111
    },
    "EURUSD": {
      "trades": 16,
      "resolved": 15,
      "win_rate": 0.8,
      "avg_validation_rr": 0.030085507533674217
    },
    "GOLD_CFD": {
      "trades": 19,
      "resolved": 6,
      "win_rate": 0.0,
      "avg_validation_rr": -0.26774002341373887
    },
    "USOIL": {
      "trades": 7,
      "resolved": 3,
      "win_rate": 1.0,
      "avg_validation_rr": 1.0030211108515246
    },
    "XAGUSD": {
      "trades": 15,
      "resolved": 15,
      "win_rate": 0.26666666666666666,
      "avg_validation_rr": -0.3608824165958579
    }
  }
}
