{
  "generated_utc": "2025-12-18T18:00:27.479272+00:00",
  "evaluated_trades": 282,
  "resolved_trades": 156,
  "wins": 47,
  "losses": 109,
  "ambiguous": 0,
  "win_rate": 0.30128205128205127,
  "avg_validation_rr": -0.09087684317182354,
  "max_drawdown_rr": 40.32591880337703,
  "rule_based_performance": {
    "trades": 282,
    "resolved": 156,
    "wins": 47,
    "losses": 109,
    "ambiguous": 0,
    "win_rate": 0.30128205128205127,
    "avg_validation_rr": -0.09087684317182354,
    "max_drawdown_rr": 40.32591880337703
  },
  "assets": {
    "BTCUSD": {
      "trades": 65,
      "resolved": 26,
      "win_rate": 0.3076923076923077,
      "avg_validation_rr": -0.0335875842137801
    },
    "EURUSD": {
      "trades": 58,
      "resolved": 26,
      "win_rate": 0.11538461538461539,
      "avg_validation_rr": -0.19605707555149718
    },
    "GOLD_CFD": {
      "trades": 42,
      "resolved": 20,
      "win_rate": 0.3,
      "avg_validation_rr": -0.0531534425156005
    },
    "NVDA": {
      "trades": 7,
      "resolved": 7,
      "win_rate": 0.8571428571428571,
      "avg_validation_rr": 1.0198605695954701
    },
    "USOIL": {
      "trades": 26,
      "resolved": 18,
      "win_rate": 0.4444444444444444,
      "avg_validation_rr": -0.22833837506790278
    },
    "XAGUSD": {
      "trades": 84,
      "resolved": 59,
      "win_rate": 0.2711864406779661,
      "avg_validation_rr": -0.17240492824646267
    }
  }
}
