{
  "generated_utc": "2025-12-15T11:23:02.598458+00:00",
  "evaluated_trades": 37,
  "resolved_trades": 19,
  "wins": 5,
  "losses": 14,
  "ambiguous": 0,
  "win_rate": 0.2631578947368421,
  "avg_validation_rr": -0.27659641463641826,
  "max_drawdown_rr": 8.121026930034372,
  "rule_based_performance": {
    "trades": 37,
    "resolved": 19,
    "wins": 5,
    "losses": 14,
    "ambiguous": 0,
    "win_rate": 0.2631578947368421,
    "avg_validation_rr": -0.27659641463641826,
    "max_drawdown_rr": 8.121026930034372
  },
  "assets": {
    "BTCUSD": {
      "trades": 17,
      "resolved": 17,
      "win_rate": 0.29411764705882354,
      "avg_validation_rr": -0.3058921197806651
    },
    "EURUSD": {
      "trades": 1,
      "resolved": 0,
      "win_rate": null,
      "avg_validation_rr": null
    },
    "GOLD_CFD": {
      "trades": 13,
      "resolved": 0,
      "win_rate": null,
      "avg_validation_rr": null
    },
    "USOIL": {
      "trades": 5,
      "resolved": 1,
      "win_rate": 0.0,
      "avg_validation_rr": -0.050849152542370844
    },
    "XAGUSD": {
      "trades": 1,
      "resolved": 1,
      "win_rate": 0.0,
      "avg_validation_rr": -0.004316689278268286
    }
  }
}
