{
  "generated_utc": "2025-12-16T14:09:40.856518+00:00",
  "evaluated_trades": 124,
  "resolved_trades": 104,
  "wins": 68,
  "losses": 36,
  "ambiguous": 0,
  "win_rate": 0.6538461538461539,
  "avg_validation_rr": 0.2541344863572498,
  "max_drawdown_rr": 13.35993358436713,
  "rule_based_performance": {
    "trades": 124,
    "resolved": 104,
    "wins": 68,
    "losses": 36,
    "ambiguous": 0,
    "win_rate": 0.6538461538461539,
    "avg_validation_rr": 0.2541344863572498,
    "max_drawdown_rr": 13.35993358436713
  },
  "assets": {
    "BTCUSD": {
      "trades": 39,
      "resolved": 36,
      "win_rate": 0.4444444444444444,
      "avg_validation_rr": 0.3426106605740015
    },
    "EURUSD": {
      "trades": 31,
      "resolved": 31,
      "win_rate": 0.8709677419354839,
      "avg_validation_rr": 0.1641601640969353
    },
    "GOLD_CFD": {
      "trades": 22,
      "resolved": 9,
      "win_rate": 0.8888888888888888,
      "avg_validation_rr": 0.1866345814871514
    },
    "USOIL": {
      "trades": 8,
      "resolved": 4,
      "win_rate": 1.0,
      "avg_validation_rr": 1.6433691756272404
    },
    "XAGUSD": {
      "trades": 24,
      "resolved": 24,
      "win_rate": 0.5416666666666666,
      "avg_validation_rr": 0.0314104073996502
    }
  }
}
