{
  "generated_utc": "2025-12-18T15:24:41.207717+00:00",
  "evaluated_trades": 271,
  "resolved_trades": 151,
  "wins": 49,
  "losses": 102,
  "ambiguous": 0,
  "win_rate": 0.32450331125827814,
  "avg_validation_rr": -0.03003855115628354,
  "max_drawdown_rr": 35.202304908121654,
  "rule_based_performance": {
    "trades": 271,
    "resolved": 151,
    "wins": 49,
    "losses": 102,
    "ambiguous": 0,
    "win_rate": 0.32450331125827814,
    "avg_validation_rr": -0.03003855115628354,
    "max_drawdown_rr": 35.202304908121654
  },
  "assets": {
    "BTCUSD": {
      "trades": 62,
      "resolved": 24,
      "win_rate": 0.375,
      "avg_validation_rr": 0.03486194562547362
    },
    "EURUSD": {
      "trades": 57,
      "resolved": 30,
      "win_rate": 0.16666666666666666,
      "avg_validation_rr": -0.11346380286021399
    },
    "GOLD_CFD": {
      "trades": 42,
      "resolved": 19,
      "win_rate": 0.3157894736842105,
      "avg_validation_rr": -0.004853232667944686
    },
    "NVDA": {
      "trades": 5,
      "resolved": 4,
      "win_rate": 1.0,
      "avg_validation_rr": 1.8049999999999975
    },
    "USOIL": {
      "trades": 25,
      "resolved": 17,
      "win_rate": 0.4117647058823529,
      "avg_validation_rr": -0.26176208047599936
    },
    "XAGUSD": {
      "trades": 80,
      "resolved": 57,
      "win_rate": 0.3157894736842105,
      "avg_validation_rr": -0.08151626394773356
    }
  }
}
