{
  "generated_utc": "2025-12-18T00:24:17.086178+00:00",
  "evaluated_trades": 219,
  "resolved_trades": 156,
  "wins": 88,
  "losses": 68,
  "ambiguous": 0,
  "win_rate": 0.5641025641025641,
  "avg_validation_rr": 0.40357091593612526,
  "max_drawdown_rr": 4.354491406311801,
  "rule_based_performance": {
    "trades": 219,
    "resolved": 156,
    "wins": 88,
    "losses": 68,
    "ambiguous": 0,
    "win_rate": 0.5641025641025641,
    "avg_validation_rr": 0.40357091593612526,
    "max_drawdown_rr": 4.354491406311801
  },
  "assets": {
    "BTCUSD": {
      "trades": 55,
      "resolved": 31,
      "win_rate": 0.45161290322580644,
      "avg_validation_rr": 0.005349732418003084
    },
    "EURUSD": {
      "trades": 50,
      "resolved": 40,
      "win_rate": 0.2,
      "avg_validation_rr": -0.0674622785330189
    },
    "GOLD_CFD": {
      "trades": 32,
      "resolved": 18,
      "win_rate": 1.0,
      "avg_validation_rr": 0.6296263142768933
    },
    "NVDA": {
      "trades": 4,
      "resolved": 4,
      "win_rate": 0.5,
      "avg_validation_rr": 0.40249999999999553
    },
    "USOIL": {
      "trades": 16,
      "resolved": 9,
      "win_rate": 0.0,
      "avg_validation_rr": -0.965761535883942
    },
    "XAGUSD": {
      "trades": 62,
      "resolved": 54,
      "win_rate": 0.8518518518518519,
      "avg_validation_rr": 1.1340424534883262
    }
  }
}
