{
  "generated_utc": "2025-12-19T23:12:23.757006+00:00",
  "evaluated_trades": 329,
  "resolved_trades": 134,
  "wins": 78,
  "losses": 56,
  "ambiguous": 0,
  "win_rate": 0.582089552238806,
  "avg_validation_rr": 0.36215695938482584,
  "max_drawdown_rr": 5.545639776032836,
  "rule_based_performance": {
    "trades": 329,
    "resolved": 134,
    "wins": 78,
    "losses": 56,
    "ambiguous": 0,
    "win_rate": 0.582089552238806,
    "avg_validation_rr": 0.36215695938482584,
    "max_drawdown_rr": 5.545639776032836
  },
  "assets": {
    "BTCUSD": {
      "trades": 73,
      "resolved": 22,
      "win_rate": 0.2727272727272727,
      "avg_validation_rr": -0.20628265783703437
    },
    "EURUSD": {
      "trades": 61,
      "resolved": 19,
      "win_rate": 0.21052631578947367,
      "avg_validation_rr": -0.11060408389504044
    },
    "GOLD_CFD": {
      "trades": 53,
      "resolved": 25,
      "win_rate": 0.8,
      "avg_validation_rr": 0.13285782514577066
    },
    "NVDA": {
      "trades": 7,
      "resolved": 4,
      "win_rate": 0.25,
      "avg_validation_rr": -0.4698759031024214
    },
    "USOIL": {
      "trades": 34,
      "resolved": 21,
      "win_rate": 0.3333333333333333,
      "avg_validation_rr": -0.4039624006113435
    },
    "XAGUSD": {
      "trades": 101,
      "resolved": 43,
      "win_rate": 0.9302325581395349,
      "avg_validation_rr": 1.446744116757926
    }
  }
}
