{
  "generated_utc": "2025-12-18T15:33:46.693981+00:00",
  "evaluated_trades": 270,
  "resolved_trades": 151,
  "wins": 47,
  "losses": 104,
  "ambiguous": 0,
  "win_rate": 0.31125827814569534,
  "avg_validation_rr": -0.0402435611089391,
  "max_drawdown_rr": 36.0187334169894,
  "rule_based_performance": {
    "trades": 270,
    "resolved": 151,
    "wins": 47,
    "losses": 104,
    "ambiguous": 0,
    "win_rate": 0.31125827814569534,
    "avg_validation_rr": -0.0402435611089391,
    "max_drawdown_rr": 36.0187334169894
  },
  "assets": {
    "BTCUSD": {
      "trades": 62,
      "resolved": 24,
      "win_rate": 0.3333333333333333,
      "avg_validation_rr": 0.018303108557626513
    },
    "EURUSD": {
      "trades": 57,
      "resolved": 30,
      "win_rate": 0.13333333333333333,
      "avg_validation_rr": -0.16527500810345291
    },
    "GOLD_CFD": {
      "trades": 42,
      "resolved": 19,
      "win_rate": 0.3684210526315789,
      "avg_validation_rr": 0.04045344470876052
    },
    "NVDA": {
      "trades": 5,
      "resolved": 4,
      "win_rate": 1.0,
      "avg_validation_rr": 1.8049999999999975
    },
    "USOIL": {
      "trades": 24,
      "resolved": 17,
      "win_rate": 0.35294117647058826,
      "avg_validation_rr": -0.2994587392112398
    },
    "XAGUSD": {
      "trades": 80,
      "resolved": 57,
      "win_rate": 0.3157894736842105,
      "avg_validation_rr": -0.07816875390534415
    }
  }
}
