{
  "generated_utc": "2025-12-19T06:20:01.495955+00:00",
  "evaluated_trades": 306,
  "resolved_trades": 155,
  "wins": 49,
  "losses": 105,
  "ambiguous": 1,
  "win_rate": 0.3161290322580645,
  "avg_validation_rr": -0.18349143351701322,
  "max_drawdown_rr": 36.32368033403041,
  "rule_based_performance": {
    "trades": 306,
    "resolved": 155,
    "wins": 49,
    "losses": 105,
    "ambiguous": 1,
    "win_rate": 0.3161290322580645,
    "avg_validation_rr": -0.18349143351701322,
    "max_drawdown_rr": 36.32368033403041
  },
  "assets": {
    "BTCUSD": {
      "trades": 71,
      "resolved": 28,
      "win_rate": 0.2857142857142857,
      "avg_validation_rr": -0.18403482644183825
    },
    "EURUSD": {
      "trades": 58,
      "resolved": 19,
      "win_rate": 0.21052631578947367,
      "avg_validation_rr": -0.1075121896292827
    },
    "GOLD_CFD": {
      "trades": 46,
      "resolved": 23,
      "win_rate": 0.2608695652173913,
      "avg_validation_rr": -0.1108299231235157
    },
    "NVDA": {
      "trades": 7,
      "resolved": 7,
      "win_rate": 1.0,
      "avg_validation_rr": 1.252776070402028
    },
    "USOIL": {
      "trades": 31,
      "resolved": 21,
      "win_rate": 0.7619047619047619,
      "avg_validation_rr": 0.36123359738082766
    },
    "XAGUSD": {
      "trades": 93,
      "resolved": 57,
      "win_rate": 0.14035087719298245,
      "avg_validation_rr": -0.6149423729435075
    }
  }
}
