{
  "generated_utc": "2025-12-19T14:56:58.183633+00:00",
  "evaluated_trades": 324,
  "resolved_trades": 153,
  "wins": 64,
  "losses": 89,
  "ambiguous": 0,
  "win_rate": 0.41830065359477125,
  "avg_validation_rr": -0.03277331782902079,
  "max_drawdown_rr": 28.27302262311612,
  "rule_based_performance": {
    "trades": 324,
    "resolved": 153,
    "wins": 64,
    "losses": 89,
    "ambiguous": 0,
    "win_rate": 0.41830065359477125,
    "avg_validation_rr": -0.03277331782902079,
    "max_drawdown_rr": 28.27302262311612
  },
  "assets": {
    "BTCUSD": {
      "trades": 72,
      "resolved": 26,
      "win_rate": 0.34615384615384615,
      "avg_validation_rr": -0.0903506294543673
    },
    "EURUSD": {
      "trades": 59,
      "resolved": 18,
      "win_rate": 0.2222222222222222,
      "avg_validation_rr": -0.06717553787392784
    },
    "GOLD_CFD": {
      "trades": 53,
      "resolved": 28,
      "win_rate": 0.39285714285714285,
      "avg_validation_rr": -0.0279390011113597
    },
    "NVDA": {
      "trades": 7,
      "resolved": 5,
      "win_rate": 0.4,
      "avg_validation_rr": -0.26716757036958
    },
    "USOIL": {
      "trades": 34,
      "resolved": 22,
      "win_rate": 0.09090909090909091,
      "avg_validation_rr": -0.6218805199497703
    },
    "XAGUSD": {
      "trades": 99,
      "resolved": 54,
      "win_rate": 0.6666666666666666,
      "avg_validation_rr": 0.2656196248437961
    }
  }
}
