{
  "generated_utc": "2025-12-18T05:19:38.725792+00:00",
  "evaluated_trades": 242,
  "resolved_trades": 162,
  "wins": 83,
  "losses": 79,
  "ambiguous": 0,
  "win_rate": 0.5123456790123457,
  "avg_validation_rr": 0.2528805252784484,
  "max_drawdown_rr": 14.433318842993287,
  "rule_based_performance": {
    "trades": 242,
    "resolved": 162,
    "wins": 83,
    "losses": 79,
    "ambiguous": 0,
    "win_rate": 0.5123456790123457,
    "avg_validation_rr": 0.2528805252784484,
    "max_drawdown_rr": 14.433318842993287
  },
  "assets": {
    "BTCUSD": {
      "trades": 60,
      "resolved": 31,
      "win_rate": 0.3548387096774194,
      "avg_validation_rr": -0.29108157521785577
    },
    "EURUSD": {
      "trades": 55,
      "resolved": 41,
      "win_rate": 0.36585365853658536,
      "avg_validation_rr": -0.03881139943061707
    },
    "GOLD_CFD": {
      "trades": 35,
      "resolved": 18,
      "win_rate": 0.6666666666666666,
      "avg_validation_rr": 0.3832181283998606
    },
    "NVDA": {
      "trades": 4,
      "resolved": 4,
      "win_rate": 0.5,
      "avg_validation_rr": 0.40249999999999553
    },
    "USOIL": {
      "trades": 19,
      "resolved": 11,
      "win_rate": 0.09090909090909091,
      "avg_validation_rr": -0.7111828039242358
    },
    "XAGUSD": {
      "trades": 69,
      "resolved": 57,
      "win_rate": 0.7368421052631579,
      "avg_validation_rr": 0.8929215058857296
    }
  }
}
