{
  "generated_utc": "2025-12-16T15:23:15.284860+00:00",
  "evaluated_trades": 129,
  "resolved_trades": 109,
  "wins": 69,
  "losses": 40,
  "ambiguous": 0,
  "win_rate": 0.6330275229357798,
  "avg_validation_rr": 0.26305946386644713,
  "max_drawdown_rr": 12.14621046156218,
  "rule_based_performance": {
    "trades": 129,
    "resolved": 109,
    "wins": 69,
    "losses": 40,
    "ambiguous": 0,
    "win_rate": 0.6330275229357798,
    "avg_validation_rr": 0.26305946386644713,
    "max_drawdown_rr": 12.14621046156218
  },
  "assets": {
    "BTCUSD": {
      "trades": 41,
      "resolved": 38,
      "win_rate": 0.42105263157894735,
      "avg_validation_rr": 0.3155109797296431
    },
    "EURUSD": {
      "trades": 31,
      "resolved": 31,
      "win_rate": 0.8709677419354839,
      "avg_validation_rr": 0.21656342978389145
    },
    "GOLD_CFD": {
      "trades": 22,
      "resolved": 9,
      "win_rate": 0.8888888888888888,
      "avg_validation_rr": 0.41144404462796325
    },
    "NVDA": {
      "trades": 1,
      "resolved": 1,
      "win_rate": 1.0,
      "avg_validation_rr": 0.4170188785573318
    },
    "USOIL": {
      "trades": 8,
      "resolved": 4,
      "win_rate": 1.0,
      "avg_validation_rr": 1.7732979390680992
    },
    "XAGUSD": {
      "trades": 26,
      "resolved": 26,
      "win_rate": 0.5,
      "avg_validation_rr": -0.047792654925605374
    }
  }
}
