{
  "generated_utc": "2025-12-16T15:05:51.647083+00:00",
  "evaluated_trades": 129,
  "resolved_trades": 106,
  "wins": 68,
  "losses": 38,
  "ambiguous": 0,
  "win_rate": 0.6415094339622641,
  "avg_validation_rr": 0.32139713722023866,
  "max_drawdown_rr": 11.302174823512225,
  "rule_based_performance": {
    "trades": 129,
    "resolved": 106,
    "wins": 68,
    "losses": 38,
    "ambiguous": 0,
    "win_rate": 0.6415094339622641,
    "avg_validation_rr": 0.32139713722023866,
    "max_drawdown_rr": 11.302174823512225
  },
  "assets": {
    "BTCUSD": {
      "trades": 41,
      "resolved": 37,
      "win_rate": 0.43243243243243246,
      "avg_validation_rr": 0.3241089189467719
    },
    "EURUSD": {
      "trades": 31,
      "resolved": 31,
      "win_rate": 0.8709677419354839,
      "avg_validation_rr": 0.3062172096338515
    },
    "GOLD_CFD": {
      "trades": 22,
      "resolved": 9,
      "win_rate": 0.8888888888888888,
      "avg_validation_rr": 0.4917324739577322
    },
    "NVDA": {
      "trades": 1,
      "resolved": 0,
      "win_rate": null,
      "avg_validation_rr": null
    },
    "USOIL": {
      "trades": 8,
      "resolved": 4,
      "win_rate": 1.0,
      "avg_validation_rr": 1.6702517921146942
    },
    "XAGUSD": {
      "trades": 26,
      "resolved": 25,
      "win_rate": 0.52,
      "avg_validation_rr": 0.0590693444634792
    }
  }
}
