{
  "generated_utc": "2025-12-16T10:01:59.970979+00:00",
  "evaluated_trades": 115,
  "resolved_trades": 94,
  "wins": 47,
  "losses": 47,
  "ambiguous": 0,
  "win_rate": 0.5,
  "avg_validation_rr": 0.1240515038570948,
  "max_drawdown_rr": 15.699112449624693,
  "rule_based_performance": {
    "trades": 115,
    "resolved": 94,
    "wins": 47,
    "losses": 47,
    "ambiguous": 0,
    "win_rate": 0.5,
    "avg_validation_rr": 0.1240515038570948,
    "max_drawdown_rr": 15.699112449624693
  },
  "assets": {
    "BTCUSD": {
      "trades": 38,
      "resolved": 35,
      "win_rate": 0.4857142857142857,
      "avg_validation_rr": 0.5561809991265777
    },
    "EURUSD": {
      "trades": 27,
      "resolved": 26,
      "win_rate": 0.8846153846153846,
      "avg_validation_rr": 0.04399900254852869
    },
    "GOLD_CFD": {
      "trades": 22,
      "resolved": 9,
      "win_rate": 0.0,
      "avg_validation_rr": -0.5749029726821516
    },
    "USOIL": {
      "trades": 7,
      "resolved": 3,
      "win_rate": 1.0,
      "avg_validation_rr": 1.8150640347785238
    },
    "XAGUSD": {
      "trades": 21,
      "resolved": 21,
      "win_rate": 0.19047619047619047,
      "avg_validation_rr": -0.43907300111053627
    }
  }
}
