{
  "generated_utc": "2025-12-17T00:19:13.528232+00:00",
  "evaluated_trades": 153,
  "resolved_trades": 125,
  "wins": 63,
  "losses": 62,
  "ambiguous": 0,
  "win_rate": 0.504,
  "avg_validation_rr": 0.22832258186162863,
  "max_drawdown_rr": 10.292272704253936,
  "rule_based_performance": {
    "trades": 153,
    "resolved": 125,
    "wins": 63,
    "losses": 62,
    "ambiguous": 0,
    "win_rate": 0.504,
    "avg_validation_rr": 0.22832258186162863,
    "max_drawdown_rr": 10.292272704253936
  },
  "assets": {
    "BTCUSD": {
      "trades": 43,
      "resolved": 32,
      "win_rate": 0.375,
      "avg_validation_rr": -0.0166148180018338
    },
    "EURUSD": {
      "trades": 39,
      "resolved": 39,
      "win_rate": 0.20512820512820512,
      "avg_validation_rr": -0.05273501519332207
    },
    "GOLD_CFD": {
      "trades": 23,
      "resolved": 10,
      "win_rate": 0.9,
      "avg_validation_rr": 0.19854941038211138
    },
    "NVDA": {
      "trades": 4,
      "resolved": 4,
      "win_rate": 0.25,
      "avg_validation_rr": -0.2780254562964791
    },
    "USOIL": {
      "trades": 9,
      "resolved": 5,
      "win_rate": 0.8,
      "avg_validation_rr": 1.4227116430903155
    },
    "XAGUSD": {
      "trades": 35,
      "resolved": 35,
      "win_rate": 0.8285714285714286,
      "avg_validation_rr": 0.6611917716347157
    }
  }
}
