{
  "generated_utc": "2025-12-16T09:08:54.790310+00:00",
  "evaluated_trades": 111,
  "resolved_trades": 88,
  "wins": 41,
  "losses": 47,
  "ambiguous": 0,
  "win_rate": 0.4659090909090909,
  "avg_validation_rr": 0.1521560474621656,
  "max_drawdown_rr": 15.739899756228558,
  "rule_based_performance": {
    "trades": 111,
    "resolved": 88,
    "wins": 41,
    "losses": 47,
    "ambiguous": 0,
    "win_rate": 0.4659090909090909,
    "avg_validation_rr": 0.1521560474621656,
    "max_drawdown_rr": 15.739899756228558
  },
  "assets": {
    "BTCUSD": {
      "trades": 37,
      "resolved": 33,
      "win_rate": 0.48484848484848486,
      "avg_validation_rr": 0.5786516867183549
    },
    "EURUSD": {
      "trades": 25,
      "resolved": 24,
      "win_rate": 0.6666666666666666,
      "avg_validation_rr": 0.019866748539596458
    },
    "GOLD_CFD": {
      "trades": 22,
      "resolved": 9,
      "win_rate": 0.0,
      "avg_validation_rr": -0.4881351365710682
    },
    "USOIL": {
      "trades": 7,
      "resolved": 3,
      "win_rate": 1.0,
      "avg_validation_rr": 1.7563153565973444
    },
    "XAGUSD": {
      "trades": 20,
      "resolved": 19,
      "win_rate": 0.3157894736842105,
      "avg_validation_rr": -0.37148975213883534
    }
  }
}
