{
  "generated_utc": "2025-12-17T01:53:37.285368+00:00",
  "evaluated_trades": 159,
  "resolved_trades": 127,
  "wins": 66,
  "losses": 61,
  "ambiguous": 0,
  "win_rate": 0.5196850393700787,
  "avg_validation_rr": 0.5238080489009624,
  "max_drawdown_rr": 3.9633796339666745,
  "rule_based_performance": {
    "trades": 159,
    "resolved": 127,
    "wins": 66,
    "losses": 61,
    "ambiguous": 0,
    "win_rate": 0.5196850393700787,
    "avg_validation_rr": 0.5238080489009624,
    "max_drawdown_rr": 3.9633796339666745
  },
  "assets": {
    "BTCUSD": {
      "trades": 45,
      "resolved": 32,
      "win_rate": 0.34375,
      "avg_validation_rr": -0.04382327921673717
    },
    "EURUSD": {
      "trades": 39,
      "resolved": 39,
      "win_rate": 0.20512820512820512,
      "avg_validation_rr": -0.05476369842706023
    },
    "GOLD_CFD": {
      "trades": 23,
      "resolved": 10,
      "win_rate": 0.9,
      "avg_validation_rr": 0.4377237355540493
    },
    "NVDA": {
      "trades": 4,
      "resolved": 4,
      "win_rate": 0.25,
      "avg_validation_rr": -0.2780254562964791
    },
    "USOIL": {
      "trades": 11,
      "resolved": 6,
      "win_rate": 0.8333333333333334,
      "avg_validation_rr": 1.136102642276422
    },
    "XAGUSD": {
      "trades": 37,
      "resolved": 36,
      "win_rate": 0.8888888888888888,
      "avg_validation_rr": 1.6661111111111124
    }
  }
}
