{
  "generated_utc": "2025-12-18T04:49:19.236655+00:00",
  "evaluated_trades": 241,
  "resolved_trades": 163,
  "wins": 65,
  "losses": 97,
  "ambiguous": 1,
  "win_rate": 0.3987730061349693,
  "avg_validation_rr": 0.1658215148712689,
  "max_drawdown_rr": 16.484307101466314,
  "rule_based_performance": {
    "trades": 241,
    "resolved": 163,
    "wins": 65,
    "losses": 97,
    "ambiguous": 1,
    "win_rate": 0.3987730061349693,
    "avg_validation_rr": 0.1658215148712689,
    "max_drawdown_rr": 16.484307101466314
  },
  "assets": {
    "BTCUSD": {
      "trades": 60,
      "resolved": 31,
      "win_rate": 0.1935483870967742,
      "avg_validation_rr": -0.405157533654816
    },
    "EURUSD": {
      "trades": 55,
      "resolved": 42,
      "win_rate": 0.11904761904761904,
      "avg_validation_rr": -0.07118140232474998
    },
    "GOLD_CFD": {
      "trades": 35,
      "resolved": 18,
      "win_rate": 0.5555555555555556,
      "avg_validation_rr": 0.24437996663440056
    },
    "NVDA": {
      "trades": 4,
      "resolved": 4,
      "win_rate": 0.5,
      "avg_validation_rr": 0.40249999999999553
    },
    "USOIL": {
      "trades": 18,
      "resolved": 11,
      "win_rate": 0.09090909090909091,
      "avg_validation_rr": -0.7111828039242358
    },
    "XAGUSD": {
      "trades": 69,
      "resolved": 57,
      "win_rate": 0.7192982456140351,
      "avg_validation_rr": 0.7788172071702285
    }
  }
}
