{
  "generated_utc": "2025-12-15T16:27:46.718892+00:00",
  "evaluated_trades": 51,
  "resolved_trades": 32,
  "wins": 19,
  "losses": 13,
  "ambiguous": 0,
  "win_rate": 0.59375,
  "avg_validation_rr": 0.5255185379688536,
  "max_drawdown_rr": 2.4777038448660775,
  "rule_based_performance": {
    "trades": 51,
    "resolved": 32,
    "wins": 19,
    "losses": 13,
    "ambiguous": 0,
    "win_rate": 0.59375,
    "avg_validation_rr": 0.5255185379688536,
    "max_drawdown_rr": 2.4777038448660775
  },
  "assets": {
    "BTCUSD": {
      "trades": 18,
      "resolved": 18,
      "win_rate": 0.6111111111111112,
      "avg_validation_rr": 0.9616926488639397
    },
    "EURUSD": {
      "trades": 6,
      "resolved": 5,
      "win_rate": 0.8,
      "avg_validation_rr": 0.030133885391288872
    },
    "GOLD_CFD": {
      "trades": 14,
      "resolved": 1,
      "win_rate": 0.0,
      "avg_validation_rr": -1.0
    },
    "USOIL": {
      "trades": 7,
      "resolved": 3,
      "win_rate": 1.0,
      "avg_validation_rr": 0.6729398991066259
    },
    "XAGUSD": {
      "trades": 6,
      "resolved": 5,
      "win_rate": 0.2,
      "avg_validation_rr": -0.3326727177647834
    }
  }
}
