{
  "generated_utc": "2025-12-17T06:44:56.024366+00:00",
  "evaluated_trades": 167,
  "resolved_trades": 137,
  "wins": 65,
  "losses": 72,
  "ambiguous": 0,
  "win_rate": 0.4744525547445255,
  "avg_validation_rr": 0.39600013218551533,
  "max_drawdown_rr": 4.269010043041604,
  "rule_based_performance": {
    "trades": 167,
    "resolved": 137,
    "wins": 65,
    "losses": 72,
    "ambiguous": 0,
    "win_rate": 0.4744525547445255,
    "avg_validation_rr": 0.39600013218551533,
    "max_drawdown_rr": 4.269010043041604
  },
  "assets": {
    "BTCUSD": {
      "trades": 45,
      "resolved": 32,
      "win_rate": 0.3125,
      "avg_validation_rr": -0.23308387489255125
    },
    "EURUSD": {
      "trades": 40,
      "resolved": 40,
      "win_rate": 0.1,
      "avg_validation_rr": -0.20719110233384166
    },
    "GOLD_CFD": {
      "trades": 24,
      "resolved": 11,
      "win_rate": 0.9090909090909091,
      "avg_validation_rr": 0.5786186251251348
    },
    "NVDA": {
      "trades": 4,
      "resolved": 4,
      "win_rate": 0.25,
      "avg_validation_rr": -0.2780254562964791
    },
    "USOIL": {
      "trades": 12,
      "resolved": 8,
      "win_rate": 0.5,
      "avg_validation_rr": 0.4573627499097072
    },
    "XAGUSD": {
      "trades": 42,
      "resolved": 42,
      "win_rate": 0.8571428571428571,
      "avg_validation_rr": 1.4544462178300637
    }
  }
}
