{
  "generated_utc": "2025-12-15T12:38:18.985255+00:00",
  "evaluated_trades": 40,
  "resolved_trades": 22,
  "wins": 11,
  "losses": 11,
  "ambiguous": 0,
  "win_rate": 0.5,
  "avg_validation_rr": -0.1480313790127569,
  "max_drawdown_rr": 7.239302921937664,
  "rule_based_performance": {
    "trades": 40,
    "resolved": 22,
    "wins": 11,
    "losses": 11,
    "ambiguous": 0,
    "win_rate": 0.5,
    "avg_validation_rr": -0.1480313790127569,
    "max_drawdown_rr": 7.239302921937664
  },
  "assets": {
    "BTCUSD": {
      "trades": 17,
      "resolved": 17,
      "win_rate": 0.35294117647058826,
      "avg_validation_rr": -0.24455754596274637
    },
    "EURUSD": {
      "trades": 1,
      "resolved": 1,
      "win_rate": 1.0,
      "avg_validation_rr": 0.06725579336296617
    },
    "GOLD_CFD": {
      "trades": 14,
      "resolved": 1,
      "win_rate": 1.0,
      "avg_validation_rr": 0.1438806312265268
    },
    "USOIL": {
      "trades": 5,
      "resolved": 1,
      "win_rate": 1.0,
      "avg_validation_rr": 0.2542372881355924
    },
    "XAGUSD": {
      "trades": 3,
      "resolved": 2,
      "win_rate": 1.0,
      "avg_validation_rr": 0.2177071151804755
    }
  }
}
