{
  "generated_utc": "2025-12-19T13:25:08.127569+00:00",
  "evaluated_trades": 321,
  "resolved_trades": 153,
  "wins": 60,
  "losses": 93,
  "ambiguous": 0,
  "win_rate": 0.39215686274509803,
  "avg_validation_rr": -0.05035803319612901,
  "max_drawdown_rr": 31.123875929298485,
  "rule_based_performance": {
    "trades": 321,
    "resolved": 153,
    "wins": 60,
    "losses": 93,
    "ambiguous": 0,
    "win_rate": 0.39215686274509803,
    "avg_validation_rr": -0.05035803319612901,
    "max_drawdown_rr": 31.123875929298485
  },
  "assets": {
    "BTCUSD": {
      "trades": 72,
      "resolved": 26,
      "win_rate": 0.34615384615384615,
      "avg_validation_rr": -0.1133324869093359
    },
    "EURUSD": {
      "trades": 58,
      "resolved": 17,
      "win_rate": 0.11764705882352941,
      "avg_validation_rr": -0.21712945359329594
    },
    "GOLD_CFD": {
      "trades": 52,
      "resolved": 27,
      "win_rate": 0.4444444444444444,
      "avg_validation_rr": 0.016886587661508405
    },
    "NVDA": {
      "trades": 7,
      "resolved": 7,
      "win_rate": 1.0,
      "avg_validation_rr": 1.252776070402028
    },
    "USOIL": {
      "trades": 34,
      "resolved": 22,
      "win_rate": 0.09090909090909091,
      "avg_validation_rr": -0.5062599558342034
    },
    "XAGUSD": {
      "trades": 98,
      "resolved": 54,
      "win_rate": 0.5185185185185185,
      "avg_validation_rr": 0.015655832599973697
    }
  }
}
