{
  "generated_utc": "2025-12-16T04:48:17.021499+00:00",
  "evaluated_trades": 92,
  "resolved_trades": 73,
  "wins": 42,
  "losses": 31,
  "ambiguous": 0,
  "win_rate": 0.5753424657534246,
  "avg_validation_rr": 0.32497407059295186,
  "max_drawdown_rr": 7.4216729527379215,
  "rule_based_performance": {
    "trades": 92,
    "resolved": 73,
    "wins": 42,
    "losses": 31,
    "ambiguous": 0,
    "win_rate": 0.5753424657534246,
    "avg_validation_rr": 0.32497407059295186,
    "max_drawdown_rr": 7.4216729527379215
  },
  "assets": {
    "BTCUSD": {
      "trades": 33,
      "resolved": 32,
      "win_rate": 0.84375,
      "avg_validation_rr": 0.9779518054075778
    },
    "EURUSD": {
      "trades": 17,
      "resolved": 16,
      "win_rate": 0.5625,
      "avg_validation_rr": 0.012887553629607773
    },
    "GOLD_CFD": {
      "trades": 19,
      "resolved": 6,
      "win_rate": 0.0,
      "avg_validation_rr": -0.48520458184924503
    },
    "USOIL": {
      "trades": 7,
      "resolved": 3,
      "win_rate": 1.0,
      "avg_validation_rr": 1.1072504254468725
    },
    "XAGUSD": {
      "trades": 16,
      "resolved": 16,
      "win_rate": 0.1875,
      "avg_validation_rr": -0.5117547039422421
    }
  }
}
