{
  "generated_utc": "2025-12-16T21:29:40.269486+00:00",
  "evaluated_trades": 153,
  "resolved_trades": 129,
  "wins": 56,
  "losses": 73,
  "ambiguous": 0,
  "win_rate": 0.43410852713178294,
  "avg_validation_rr": 0.10728882428256986,
  "max_drawdown_rr": 16.9783276003403,
  "rule_based_performance": {
    "trades": 153,
    "resolved": 129,
    "wins": 56,
    "losses": 73,
    "ambiguous": 0,
    "win_rate": 0.43410852713178294,
    "avg_validation_rr": 0.10728882428256986,
    "max_drawdown_rr": 16.9783276003403
  },
  "assets": {
    "BTCUSD": {
      "trades": 43,
      "resolved": 36,
      "win_rate": 0.4444444444444444,
      "avg_validation_rr": 0.1958181173173152
    },
    "EURUSD": {
      "trades": 39,
      "resolved": 39,
      "win_rate": 0.20512820512820512,
      "avg_validation_rr": -0.04732519323673204
    },
    "GOLD_CFD": {
      "trades": 23,
      "resolved": 10,
      "win_rate": 0.3,
      "avg_validation_rr": -0.051110700312454696
    },
    "NVDA": {
      "trades": 4,
      "resolved": 4,
      "win_rate": 0.25,
      "avg_validation_rr": -0.2780254562964791
    },
    "USOIL": {
      "trades": 9,
      "resolved": 5,
      "win_rate": 1.0,
      "avg_validation_rr": 1.513389916575988
    },
    "XAGUSD": {
      "trades": 35,
      "resolved": 35,
      "win_rate": 0.6571428571428571,
      "avg_validation_rr": 0.07693565401974958
    }
  }
}
