{
  "generated_utc": "2025-12-17T10:02:26.742311+00:00",
  "evaluated_trades": 175,
  "resolved_trades": 141,
  "wins": 66,
  "losses": 75,
  "ambiguous": 0,
  "win_rate": 0.46808510638297873,
  "avg_validation_rr": 0.2878860632809178,
  "max_drawdown_rr": 5.0,
  "rule_based_performance": {
    "trades": 175,
    "resolved": 141,
    "wins": 66,
    "losses": 75,
    "ambiguous": 0,
    "win_rate": 0.46808510638297873,
    "avg_validation_rr": 0.2878860632809178,
    "max_drawdown_rr": 5.0
  },
  "assets": {
    "BTCUSD": {
      "trades": 46,
      "resolved": 30,
      "win_rate": 0.3333333333333333,
      "avg_validation_rr": -0.3770534218325113
    },
    "EURUSD": {
      "trades": 41,
      "resolved": 41,
      "win_rate": 0.12195121951219512,
      "avg_validation_rr": -0.23136762348812295
    },
    "GOLD_CFD": {
      "trades": 25,
      "resolved": 12,
      "win_rate": 0.8333333333333334,
      "avg_validation_rr": 0.29781823196598806
    },
    "NVDA": {
      "trades": 4,
      "resolved": 4,
      "win_rate": 0.25,
      "avg_validation_rr": -0.2780254562964791
    },
    "USOIL": {
      "trades": 13,
      "resolved": 9,
      "win_rate": 0.3333333333333333,
      "avg_validation_rr": -0.06459708024580182
    },
    "XAGUSD": {
      "trades": 46,
      "resolved": 45,
      "win_rate": 0.8222222222222222,
      "avg_validation_rr": 1.3224281534312015
    }
  }
}
