{
  "generated_utc": "2025-12-15T19:08:28.637961+00:00",
  "evaluated_trades": 63,
  "resolved_trades": 44,
  "wins": 22,
  "losses": 22,
  "ambiguous": 0,
  "win_rate": 0.5,
  "avg_validation_rr": 0.36189174938830754,
  "max_drawdown_rr": 4.659971126609809,
  "rule_based_performance": {
    "trades": 63,
    "resolved": 44,
    "wins": 22,
    "losses": 22,
    "ambiguous": 0,
    "win_rate": 0.5,
    "avg_validation_rr": 0.36189174938830754,
    "max_drawdown_rr": 4.659971126609809
  },
  "assets": {
    "BTCUSD": {
      "trades": 24,
      "resolved": 23,
      "win_rate": 0.5652173913043478,
      "avg_validation_rr": 0.6993275508932821
    },
    "EURUSD": {
      "trades": 10,
      "resolved": 9,
      "win_rate": 0.2222222222222222,
      "avg_validation_rr": -0.037334996522242245
    },
    "GOLD_CFD": {
      "trades": 14,
      "resolved": 1,
      "win_rate": 0.0,
      "avg_validation_rr": -1.0
    },
    "USOIL": {
      "trades": 7,
      "resolved": 3,
      "win_rate": 1.0,
      "avg_validation_rr": 0.9161590055834803
    },
    "XAGUSD": {
      "trades": 8,
      "resolved": 8,
      "win_rate": 0.5,
      "avg_validation_rr": -0.19671984318877697
    }
  }
}
