{
  "generated_utc": "2025-12-17T03:14:25.325992+00:00",
  "evaluated_trades": 162,
  "resolved_trades": 132,
  "wins": 63,
  "losses": 69,
  "ambiguous": 0,
  "win_rate": 0.4772727272727273,
  "avg_validation_rr": 0.4716468795744769,
  "max_drawdown_rr": 4.019587637645735,
  "rule_based_performance": {
    "trades": 162,
    "resolved": 132,
    "wins": 63,
    "losses": 69,
    "ambiguous": 0,
    "win_rate": 0.4772727272727273,
    "avg_validation_rr": 0.4716468795744769,
    "max_drawdown_rr": 4.019587637645735
  },
  "assets": {
    "BTCUSD": {
      "trades": 45,
      "resolved": 33,
      "win_rate": 0.36363636363636365,
      "avg_validation_rr": -0.048161859938923225
    },
    "EURUSD": {
      "trades": 40,
      "resolved": 40,
      "win_rate": 0.1,
      "avg_validation_rr": -0.09693115623007174
    },
    "GOLD_CFD": {
      "trades": 24,
      "resolved": 10,
      "win_rate": 0.9,
      "avg_validation_rr": 0.30240094921796
    },
    "NVDA": {
      "trades": 4,
      "resolved": 4,
      "win_rate": 0.25,
      "avg_validation_rr": -0.2780254562964791
    },
    "USOIL": {
      "trades": 11,
      "resolved": 7,
      "win_rate": 0.5714285714285714,
      "avg_validation_rr": 0.8505930276415636
    },
    "XAGUSD": {
      "trades": 38,
      "resolved": 38,
      "win_rate": 0.868421052631579,
      "avg_validation_rr": 1.575208338698254
    }
  }
}
