{
  "generated_utc": "2025-12-17T15:44:19.007746+00:00",
  "evaluated_trades": 187,
  "resolved_trades": 153,
  "wins": 85,
  "losses": 67,
  "ambiguous": 1,
  "win_rate": 0.5555555555555556,
  "avg_validation_rr": 0.3536471671520887,
  "max_drawdown_rr": 12.60014904471091,
  "rule_based_performance": {
    "trades": 187,
    "resolved": 153,
    "wins": 85,
    "losses": 67,
    "ambiguous": 1,
    "win_rate": 0.5555555555555556,
    "avg_validation_rr": 0.3536471671520887,
    "max_drawdown_rr": 12.60014904471091
  },
  "assets": {
    "BTCUSD": {
      "trades": 48,
      "resolved": 31,
      "win_rate": 0.1935483870967742,
      "avg_validation_rr": -0.3709677419354837
    },
    "EURUSD": {
      "trades": 42,
      "resolved": 42,
      "win_rate": 0.5238095238095238,
      "avg_validation_rr": 0.0072467348062829244
    },
    "GOLD_CFD": {
      "trades": 27,
      "resolved": 14,
      "win_rate": 0.9285714285714286,
      "avg_validation_rr": 0.7379809216780361
    },
    "NVDA": {
      "trades": 4,
      "resolved": 4,
      "win_rate": 0.5,
      "avg_validation_rr": 0.40249999999999553
    },
    "USOIL": {
      "trades": 14,
      "resolved": 10,
      "win_rate": 0.4,
      "avg_validation_rr": -0.07410294850583121
    },
    "XAGUSD": {
      "trades": 52,
      "resolved": 52,
      "win_rate": 0.7307692307692307,
      "avg_validation_rr": 1.0404413518071443
    }
  }
}
