{
  "generated_utc": "2025-12-18T06:05:24.918614+00:00",
  "evaluated_trades": 244,
  "resolved_trades": 162,
  "wins": 83,
  "losses": 79,
  "ambiguous": 0,
  "win_rate": 0.5123456790123457,
  "avg_validation_rr": 0.21255175033647622,
  "max_drawdown_rr": 13.664938852999278,
  "rule_based_performance": {
    "trades": 244,
    "resolved": 162,
    "wins": 83,
    "losses": 79,
    "ambiguous": 0,
    "win_rate": 0.5123456790123457,
    "avg_validation_rr": 0.21255175033647622,
    "max_drawdown_rr": 13.664938852999278
  },
  "assets": {
    "BTCUSD": {
      "trades": 60,
      "resolved": 30,
      "win_rate": 0.4,
      "avg_validation_rr": -0.21544592358398582
    },
    "EURUSD": {
      "trades": 56,
      "resolved": 42,
      "win_rate": 0.40476190476190477,
      "avg_validation_rr": -0.021229290236330016
    },
    "GOLD_CFD": {
      "trades": 36,
      "resolved": 18,
      "win_rate": 0.5,
      "avg_validation_rr": 0.26266561326737475
    },
    "NVDA": {
      "trades": 4,
      "resolved": 4,
      "win_rate": 0.5,
      "avg_validation_rr": 0.40249999999999553
    },
    "USOIL": {
      "trades": 19,
      "resolved": 12,
      "win_rate": 0.25,
      "avg_validation_rr": -0.6518965681596813
    },
    "XAGUSD": {
      "trades": 69,
      "resolved": 56,
      "win_rate": 0.7142857142857143,
      "avg_validation_rr": 0.772735164840322
    }
  }
}
