{
  "generated_utc": "2025-12-16T10:18:12.420561+00:00",
  "evaluated_trades": 116,
  "resolved_trades": 95,
  "wins": 45,
  "losses": 50,
  "ambiguous": 0,
  "win_rate": 0.47368421052631576,
  "avg_validation_rr": 0.11647279014326546,
  "max_drawdown_rr": 16.310372222263688,
  "rule_based_performance": {
    "trades": 116,
    "resolved": 95,
    "wins": 45,
    "losses": 50,
    "ambiguous": 0,
    "win_rate": 0.47368421052631576,
    "avg_validation_rr": 0.11647279014326546,
    "max_drawdown_rr": 16.310372222263688
  },
  "assets": {
    "BTCUSD": {
      "trades": 38,
      "resolved": 35,
      "win_rate": 0.45714285714285713,
      "avg_validation_rr": 0.5144264144964252
    },
    "EURUSD": {
      "trades": 27,
      "resolved": 27,
      "win_rate": 0.8148148148148148,
      "avg_validation_rr": 0.05428288559149833
    },
    "GOLD_CFD": {
      "trades": 22,
      "resolved": 9,
      "win_rate": 0.0,
      "avg_validation_rr": -0.5611536231982415
    },
    "USOIL": {
      "trades": 7,
      "resolved": 3,
      "win_rate": 1.0,
      "avg_validation_rr": 1.8150640347785238
    },
    "XAGUSD": {
      "trades": 22,
      "resolved": 21,
      "win_rate": 0.19047619047619047,
      "avg_validation_rr": -0.41906937382316756
    }
  }
}
