{
  "generated_utc": "2025-12-17T12:43:52.143216+00:00",
  "evaluated_trades": 184,
  "resolved_trades": 149,
  "wins": 68,
  "losses": 81,
  "ambiguous": 0,
  "win_rate": 0.4563758389261745,
  "avg_validation_rr": 0.23481646598059022,
  "max_drawdown_rr": 5.895123603964308,
  "rule_based_performance": {
    "trades": 184,
    "resolved": 149,
    "wins": 68,
    "losses": 81,
    "ambiguous": 0,
    "win_rate": 0.4563758389261745,
    "avg_validation_rr": 0.23481646598059022,
    "max_drawdown_rr": 5.895123603964308
  },
  "assets": {
    "BTCUSD": {
      "trades": 48,
      "resolved": 31,
      "win_rate": 0.16129032258064516,
      "avg_validation_rr": -0.5509910943258322
    },
    "EURUSD": {
      "trades": 42,
      "resolved": 42,
      "win_rate": 0.11904761904761904,
      "avg_validation_rr": -0.24756050897352969
    },
    "GOLD_CFD": {
      "trades": 27,
      "resolved": 14,
      "win_rate": 0.7857142857142857,
      "avg_validation_rr": 0.22181363184823621
    },
    "NVDA": {
      "trades": 4,
      "resolved": 4,
      "win_rate": 0.25,
      "avg_validation_rr": -0.2780254562964791
    },
    "USOIL": {
      "trades": 14,
      "resolved": 10,
      "win_rate": 0.4,
      "avg_validation_rr": -0.05698977487043862
    },
    "XAGUSD": {
      "trades": 49,
      "resolved": 48,
      "win_rate": 0.875,
      "avg_validation_rr": 1.2717193220856664
    }
  }
}
