{
  "generated_utc": "2025-12-17T16:06:55.783652+00:00",
  "evaluated_trades": 189,
  "resolved_trades": 154,
  "wins": 83,
  "losses": 71,
  "ambiguous": 0,
  "win_rate": 0.538961038961039,
  "avg_validation_rr": 0.3150967668972792,
  "max_drawdown_rr": 15.38018627631552,
  "rule_based_performance": {
    "trades": 189,
    "resolved": 154,
    "wins": 83,
    "losses": 71,
    "ambiguous": 0,
    "win_rate": 0.538961038961039,
    "avg_validation_rr": 0.3150967668972792,
    "max_drawdown_rr": 15.38018627631552
  },
  "assets": {
    "BTCUSD": {
      "trades": 49,
      "resolved": 31,
      "win_rate": 0.1935483870967742,
      "avg_validation_rr": -0.3709677419354837
    },
    "EURUSD": {
      "trades": 42,
      "resolved": 42,
      "win_rate": 0.5476190476190477,
      "avg_validation_rr": 0.008908303414829783
    },
    "GOLD_CFD": {
      "trades": 27,
      "resolved": 14,
      "win_rate": 0.9285714285714286,
      "avg_validation_rr": 0.5031267434696535
    },
    "NVDA": {
      "trades": 4,
      "resolved": 4,
      "win_rate": 0.5,
      "avg_validation_rr": 0.40249999999999553
    },
    "USOIL": {
      "trades": 14,
      "resolved": 10,
      "win_rate": 0.4,
      "avg_validation_rr": -0.12007674077253358
    },
    "XAGUSD": {
      "trades": 53,
      "resolved": 53,
      "win_rate": 0.660377358490566,
      "avg_validation_rr": 0.9848631388284593
    }
  }
}
