{
  "generated_utc": "2025-12-19T04:16:59.510865+00:00",
  "evaluated_trades": 301,
  "resolved_trades": 150,
  "wins": 42,
  "losses": 108,
  "ambiguous": 0,
  "win_rate": 0.28,
  "avg_validation_rr": -0.2325277461097241,
  "max_drawdown_rr": 42.188029847495095,
  "rule_based_performance": {
    "trades": 301,
    "resolved": 150,
    "wins": 42,
    "losses": 108,
    "ambiguous": 0,
    "win_rate": 0.28,
    "avg_validation_rr": -0.2325277461097241,
    "max_drawdown_rr": 42.188029847495095
  },
  "assets": {
    "BTCUSD": {
      "trades": 70,
      "resolved": 26,
      "win_rate": 0.23076923076923078,
      "avg_validation_rr": -0.21617548883080454
    },
    "EURUSD": {
      "trades": 58,
      "resolved": 19,
      "win_rate": 0.21052631578947367,
      "avg_validation_rr": -0.10688440555834101
    },
    "GOLD_CFD": {
      "trades": 46,
      "resolved": 22,
      "win_rate": 0.13636363636363635,
      "avg_validation_rr": -0.2781625363745304
    },
    "NVDA": {
      "trades": 7,
      "resolved": 7,
      "win_rate": 1.0,
      "avg_validation_rr": 1.252776070402028
    },
    "USOIL": {
      "trades": 28,
      "resolved": 19,
      "win_rate": 0.7368421052631579,
      "avg_validation_rr": 0.3308145823795218
    },
    "XAGUSD": {
      "trades": 92,
      "resolved": 57,
      "win_rate": 0.14035087719298245,
      "avg_validation_rr": -0.6344408641935906
    }
  }
}
