{
  "generated_utc": "2025-12-15T14:38:20.111752+00:00",
  "evaluated_trades": 41,
  "resolved_trades": 23,
  "wins": 12,
  "losses": 11,
  "ambiguous": 0,
  "win_rate": 0.5217391304347826,
  "avg_validation_rr": -0.009528687750610857,
  "max_drawdown_rr": 5.8338287588163285,
  "rule_based_performance": {
    "trades": 41,
    "resolved": 23,
    "wins": 12,
    "losses": 11,
    "ambiguous": 0,
    "win_rate": 0.5217391304347826,
    "avg_validation_rr": -0.009528687750610857,
    "max_drawdown_rr": 5.8338287588163285
  },
  "assets": {
    "BTCUSD": {
      "trades": 17,
      "resolved": 17,
      "win_rate": 0.5294117647058824,
      "avg_validation_rr": 0.0032817707655977755
    },
    "EURUSD": {
      "trades": 1,
      "resolved": 1,
      "win_rate": 1.0,
      "avg_validation_rr": 0.05193168854608325
    },
    "GOLD_CFD": {
      "trades": 14,
      "resolved": 1,
      "win_rate": 0.0,
      "avg_validation_rr": -0.41063886825783175
    },
    "USOIL": {
      "trades": 6,
      "resolved": 1,
      "win_rate": 1.0,
      "avg_validation_rr": 0.28813559322034366
    },
    "XAGUSD": {
      "trades": 3,
      "resolved": 3,
      "win_rate": 0.3333333333333333,
      "avg_validation_rr": -0.06812611159593569
    }
  }
}
