{
  "generated_utc": "2025-12-15T13:38:20.761579+00:00",
  "evaluated_trades": 40,
  "resolved_trades": 23,
  "wins": 12,
  "losses": 11,
  "ambiguous": 0,
  "win_rate": 0.5217391304347826,
  "avg_validation_rr": -0.07772657823341442,
  "max_drawdown_rr": 6.24998357696219,
  "rule_based_performance": {
    "trades": 40,
    "resolved": 23,
    "wins": 12,
    "losses": 11,
    "ambiguous": 0,
    "win_rate": 0.5217391304347826,
    "avg_validation_rr": -0.07772657823341442,
    "max_drawdown_rr": 6.24998357696219
  },
  "assets": {
    "BTCUSD": {
      "trades": 17,
      "resolved": 17,
      "win_rate": 0.47058823529411764,
      "avg_validation_rr": -0.1464955178601272
    },
    "EURUSD": {
      "trades": 1,
      "resolved": 1,
      "win_rate": 1.0,
      "avg_validation_rr": 0.09960668130969168
    },
    "GOLD_CFD": {
      "trades": 14,
      "resolved": 1,
      "win_rate": 0.0,
      "avg_validation_rr": -0.022535859209956356
    },
    "USOIL": {
      "trades": 5,
      "resolved": 1,
      "win_rate": 1.0,
      "avg_validation_rr": 0.08474745762712212
    },
    "XAGUSD": {
      "trades": 3,
      "resolved": 3,
      "win_rate": 0.6666666666666666,
      "avg_validation_rr": 0.1802980748422578
    }
  }
}
