{
  "generated_utc": "2025-12-15T15:12:54.492380+00:00",
  "evaluated_trades": 43,
  "resolved_trades": 23,
  "wins": 12,
  "losses": 11,
  "ambiguous": 0,
  "win_rate": 0.5217391304347826,
  "avg_validation_rr": 0.45548353500433797,
  "max_drawdown_rr": 5.0,
  "rule_based_performance": {
    "trades": 43,
    "resolved": 23,
    "wins": 12,
    "losses": 11,
    "ambiguous": 0,
    "win_rate": 0.5217391304347826,
    "avg_validation_rr": 0.45548353500433797,
    "max_drawdown_rr": 5.0
  },
  "assets": {
    "BTCUSD": {
      "trades": 18,
      "resolved": 17,
      "win_rate": 0.5294117647058824,
      "avg_validation_rr": 0.6511764705882424
    },
    "EURUSD": {
      "trades": 2,
      "resolved": 1,
      "win_rate": 1.0,
      "avg_validation_rr": 0.18218657948954076
    },
    "GOLD_CFD": {
      "trades": 14,
      "resolved": 1,
      "win_rate": 0.0,
      "avg_validation_rr": -0.41183463067487697
    },
    "USOIL": {
      "trades": 6,
      "resolved": 1,
      "win_rate": 1.0,
      "avg_validation_rr": 0.28813559322034366
    },
    "XAGUSD": {
      "trades": 3,
      "resolved": 3,
      "win_rate": 0.3333333333333333,
      "avg_validation_rr": -0.2174554123117848
    }
  }
}
