{
  "generated_utc": "2025-12-16T04:08:54.768362+00:00",
  "evaluated_trades": 92,
  "resolved_trades": 73,
  "wins": 38,
  "losses": 35,
  "ambiguous": 0,
  "win_rate": 0.5205479452054794,
  "avg_validation_rr": 0.28887815201687944,
  "max_drawdown_rr": 9.37674022080034,
  "rule_based_performance": {
    "trades": 92,
    "resolved": 73,
    "wins": 38,
    "losses": 35,
    "ambiguous": 0,
    "win_rate": 0.5205479452054794,
    "avg_validation_rr": 0.28887815201687944,
    "max_drawdown_rr": 9.37674022080034
  },
  "assets": {
    "BTCUSD": {
      "trades": 33,
      "resolved": 32,
      "win_rate": 0.78125,
      "avg_validation_rr": 0.9244456455322717
    },
    "EURUSD": {
      "trades": 16,
      "resolved": 16,
      "win_rate": 0.4375,
      "avg_validation_rr": -0.0005153548431901557
    },
    "GOLD_CFD": {
      "trades": 19,
      "resolved": 6,
      "win_rate": 0.0,
      "avg_validation_rr": -0.5215471214495252
    },
    "USOIL": {
      "trades": 7,
      "resolved": 3,
      "win_rate": 1.0,
      "avg_validation_rr": 1.0898814788774682
    },
    "XAGUSD": {
      "trades": 17,
      "resolved": 16,
      "win_rate": 0.1875,
      "avg_validation_rr": -0.5391419743902943
    }
  }
}
