{
  "generated_utc": "2025-12-19T05:59:37.345900+00:00",
  "evaluated_trades": 304,
  "resolved_trades": 154,
  "wins": 48,
  "losses": 106,
  "ambiguous": 0,
  "win_rate": 0.3116883116883117,
  "avg_validation_rr": -0.18185385740955126,
  "max_drawdown_rr": 35.70337978225402,
  "rule_based_performance": {
    "trades": 304,
    "resolved": 154,
    "wins": 48,
    "losses": 106,
    "ambiguous": 0,
    "win_rate": 0.3116883116883117,
    "avg_validation_rr": -0.18185385740955126,
    "max_drawdown_rr": 35.70337978225402
  },
  "assets": {
    "BTCUSD": {
      "trades": 71,
      "resolved": 27,
      "win_rate": 0.2222222222222222,
      "avg_validation_rr": -0.2121877705040568
    },
    "EURUSD": {
      "trades": 58,
      "resolved": 19,
      "win_rate": 0.21052631578947367,
      "avg_validation_rr": -0.11944008697736923
    },
    "GOLD_CFD": {
      "trades": 46,
      "resolved": 23,
      "win_rate": 0.2608695652173913,
      "avg_validation_rr": -0.0837838207295046
    },
    "NVDA": {
      "trades": 7,
      "resolved": 7,
      "win_rate": 1.0,
      "avg_validation_rr": 1.252776070402028
    },
    "USOIL": {
      "trades": 30,
      "resolved": 21,
      "win_rate": 0.8095238095238095,
      "avg_validation_rr": 0.3866874763073744
    },
    "XAGUSD": {
      "trades": 92,
      "resolved": 57,
      "win_rate": 0.14035087719298245,
      "avg_validation_rr": -0.6135070912873999
    }
  }
}
