{
  "generated_utc": "2025-12-17T07:03:29.907060+00:00",
  "evaluated_trades": 167,
  "resolved_trades": 137,
  "wins": 65,
  "losses": 72,
  "ambiguous": 0,
  "win_rate": 0.4744525547445255,
  "avg_validation_rr": 0.36250234780357077,
  "max_drawdown_rr": 4.322810258249646,
  "rule_based_performance": {
    "trades": 167,
    "resolved": 137,
    "wins": 65,
    "losses": 72,
    "ambiguous": 0,
    "win_rate": 0.4744525547445255,
    "avg_validation_rr": 0.36250234780357077,
    "max_drawdown_rr": 4.322810258249646
  },
  "assets": {
    "BTCUSD": {
      "trades": 45,
      "resolved": 32,
      "win_rate": 0.3125,
      "avg_validation_rr": -0.23145915073104234
    },
    "EURUSD": {
      "trades": 40,
      "resolved": 40,
      "win_rate": 0.1,
      "avg_validation_rr": -0.3024774755099463
    },
    "GOLD_CFD": {
      "trades": 24,
      "resolved": 11,
      "win_rate": 0.9090909090909091,
      "avg_validation_rr": 0.5059028011090762
    },
    "NVDA": {
      "trades": 4,
      "resolved": 4,
      "win_rate": 0.25,
      "avg_validation_rr": -0.2780254562964791
    },
    "USOIL": {
      "trades": 12,
      "resolved": 8,
      "win_rate": 0.5,
      "avg_validation_rr": 0.4372189192020415
    },
    "XAGUSD": {
      "trades": 42,
      "resolved": 42,
      "win_rate": 0.8571428571428571,
      "avg_validation_rr": 1.4575722179107178
    }
  }
}
