{
  "generated_utc": "2025-12-14T14:53:12.852822+00:00",
  "evaluated_trades": 23,
  "resolved_trades": 6,
  "wins": 4,
  "losses": 2,
  "ambiguous": 0,
  "win_rate": 0.6666666666666666,
  "avg_validation_rr": 0.7736232332676032,
  "max_drawdown_rr": 0.21542818099543126,
  "rule_based_performance": {
    "trades": 23,
    "resolved": 6,
    "wins": 4,
    "losses": 2,
    "ambiguous": 0,
    "win_rate": 0.6666666666666666,
    "avg_validation_rr": 0.7736232332676032,
    "max_drawdown_rr": 0.21542818099543126
  },
  "assets": {
    "BTCUSD": {
      "trades": 6,
      "resolved": 6,
      "win_rate": 0.6666666666666666,
      "avg_validation_rr": 0.7736232332676032
    },
    "GOLD_CFD": {
      "trades": 13,
      "resolved": 0,
      "win_rate": null,
      "avg_validation_rr": null
    },
    "USOIL": {
      "trades": 4,
      "resolved": 0,
      "win_rate": null,
      "avg_validation_rr": null
    }
  }
}
