{
  "generated_utc": "2025-12-17T13:03:51.378101+00:00",
  "evaluated_trades": 185,
  "resolved_trades": 150,
  "wins": 64,
  "losses": 86,
  "ambiguous": 0,
  "win_rate": 0.4266666666666667,
  "avg_validation_rr": 0.2382782022077473,
  "max_drawdown_rr": 6.7003565425962535,
  "rule_based_performance": {
    "trades": 185,
    "resolved": 150,
    "wins": 64,
    "losses": 86,
    "ambiguous": 0,
    "win_rate": 0.4266666666666667,
    "avg_validation_rr": 0.2382782022077473,
    "max_drawdown_rr": 6.7003565425962535
  },
  "assets": {
    "BTCUSD": {
      "trades": 48,
      "resolved": 31,
      "win_rate": 0.1935483870967742,
      "avg_validation_rr": -0.5456081086482583
    },
    "EURUSD": {
      "trades": 42,
      "resolved": 42,
      "win_rate": 0.11904761904761904,
      "avg_validation_rr": -0.1914002193683475
    },
    "GOLD_CFD": {
      "trades": 27,
      "resolved": 14,
      "win_rate": 0.6428571428571429,
      "avg_validation_rr": 0.1963351853024799
    },
    "NVDA": {
      "trades": 4,
      "resolved": 4,
      "win_rate": 0.25,
      "avg_validation_rr": -0.2780254562964791
    },
    "USOIL": {
      "trades": 14,
      "resolved": 10,
      "win_rate": 0.4,
      "avg_validation_rr": -0.05698977487043862
    },
    "XAGUSD": {
      "trades": 50,
      "resolved": 49,
      "win_rate": 0.7959183673469388,
      "avg_validation_rr": 1.2168917937221282
    }
  }
}
