{
  "generated_utc": "2025-12-19T00:03:13.638776+00:00",
  "evaluated_trades": 292,
  "resolved_trades": 151,
  "wins": 74,
  "losses": 77,
  "ambiguous": 0,
  "win_rate": 0.4900662251655629,
  "avg_validation_rr": 0.07434913576354973,
  "max_drawdown_rr": 8.358338377537113,
  "rule_based_performance": {
    "trades": 292,
    "resolved": 151,
    "wins": 74,
    "losses": 77,
    "ambiguous": 0,
    "win_rate": 0.4900662251655629,
    "avg_validation_rr": 0.07434913576354973,
    "max_drawdown_rr": 8.358338377537113
  },
  "assets": {
    "BTCUSD": {
      "trades": 66,
      "resolved": 23,
      "win_rate": 0.6956521739130435,
      "avg_validation_rr": 0.7820514555024505
    },
    "EURUSD": {
      "trades": 58,
      "resolved": 22,
      "win_rate": 0.18181818181818182,
      "avg_validation_rr": -0.10220643995234217
    },
    "GOLD_CFD": {
      "trades": 44,
      "resolved": 22,
      "win_rate": 0.6818181818181818,
      "avg_validation_rr": 0.08568686477658577
    },
    "NVDA": {
      "trades": 7,
      "resolved": 7,
      "win_rate": 1.0,
      "avg_validation_rr": 1.252776070402028
    },
    "USOIL": {
      "trades": 27,
      "resolved": 19,
      "win_rate": 0.7368421052631579,
      "avg_validation_rr": 0.22104878247074908
    },
    "XAGUSD": {
      "trades": 90,
      "resolved": 58,
      "win_rate": 0.3103448275862069,
      "avg_validation_rr": -0.3339033221060714
    }
  }
}
