{
  "generated_utc": "2025-12-16T20:53:14.701547+00:00",
  "evaluated_trades": 152,
  "resolved_trades": 128,
  "wins": 82,
  "losses": 45,
  "ambiguous": 1,
  "win_rate": 0.640625,
  "avg_validation_rr": 0.20170772495660466,
  "max_drawdown_rr": 15.659634167758263,
  "rule_based_performance": {
    "trades": 152,
    "resolved": 128,
    "wins": 82,
    "losses": 45,
    "ambiguous": 1,
    "win_rate": 0.640625,
    "avg_validation_rr": 0.20170772495660466,
    "max_drawdown_rr": 15.659634167758263
  },
  "assets": {
    "BTCUSD": {
      "trades": 43,
      "resolved": 36,
      "win_rate": 0.4444444444444444,
      "avg_validation_rr": 0.2362935846070894
    },
    "EURUSD": {
      "trades": 39,
      "resolved": 39,
      "win_rate": 0.7692307692307693,
      "avg_validation_rr": 0.03246968062310984
    },
    "GOLD_CFD": {
      "trades": 23,
      "resolved": 10,
      "win_rate": 0.8,
      "avg_validation_rr": 0.1375144985113891
    },
    "NVDA": {
      "trades": 4,
      "resolved": 4,
      "win_rate": 0.25,
      "avg_validation_rr": -0.2780254562964791
    },
    "USOIL": {
      "trades": 9,
      "resolved": 5,
      "win_rate": 1.0,
      "avg_validation_rr": 1.5061356546971332
    },
    "XAGUSD": {
      "trades": 34,
      "resolved": 34,
      "win_rate": 0.6470588235294118,
      "avg_validation_rr": 0.2427053167904487
    }
  }
}
