{
  "generated_utc": "2025-12-19T07:59:21.477585+00:00",
  "evaluated_trades": 310,
  "resolved_trades": 152,
  "wins": 42,
  "losses": 110,
  "ambiguous": 0,
  "win_rate": 0.27631578947368424,
  "avg_validation_rr": -0.2323738749513897,
  "max_drawdown_rr": 42.54082899261121,
  "rule_based_performance": {
    "trades": 310,
    "resolved": 152,
    "wins": 42,
    "losses": 110,
    "ambiguous": 0,
    "win_rate": 0.27631578947368424,
    "avg_validation_rr": -0.2323738749513897,
    "max_drawdown_rr": 42.54082899261121
  },
  "assets": {
    "BTCUSD": {
      "trades": 72,
      "resolved": 26,
      "win_rate": 0.19230769230769232,
      "avg_validation_rr": -0.3653846153846161
    },
    "EURUSD": {
      "trades": 58,
      "resolved": 18,
      "win_rate": 0.16666666666666666,
      "avg_validation_rr": -0.1973543678483096
    },
    "GOLD_CFD": {
      "trades": 47,
      "resolved": 24,
      "win_rate": 0.20833333333333334,
      "avg_validation_rr": -0.1480320180867862
    },
    "NVDA": {
      "trades": 7,
      "resolved": 7,
      "win_rate": 1.0,
      "avg_validation_rr": 1.252776070402028
    },
    "USOIL": {
      "trades": 31,
      "resolved": 20,
      "win_rate": 0.7,
      "avg_validation_rr": 0.318998839260172
    },
    "XAGUSD": {
      "trades": 95,
      "resolved": 57,
      "win_rate": 0.14035087719298245,
      "avg_validation_rr": -0.5941244072855509
    }
  }
}
