{
  "generated_utc": "2025-12-16T06:18:09.873106+00:00",
  "evaluated_trades": 95,
  "resolved_trades": 75,
  "wins": 32,
  "losses": 43,
  "ambiguous": 0,
  "win_rate": 0.4266666666666667,
  "avg_validation_rr": 0.21719400395122945,
  "max_drawdown_rr": 14.555787528123577,
  "rule_based_performance": {
    "trades": 95,
    "resolved": 75,
    "wins": 32,
    "losses": 43,
    "ambiguous": 0,
    "win_rate": 0.4266666666666667,
    "avg_validation_rr": 0.21719400395122945,
    "max_drawdown_rr": 14.555787528123577
  },
  "assets": {
    "BTCUSD": {
      "trades": 34,
      "resolved": 33,
      "win_rate": 0.5454545454545454,
      "avg_validation_rr": 0.7411833241025588
    },
    "EURUSD": {
      "trades": 17,
      "resolved": 17,
      "win_rate": 0.47058823529411764,
      "avg_validation_rr": 0.00056617401284776
    },
    "GOLD_CFD": {
      "trades": 20,
      "resolved": 6,
      "win_rate": 0.0,
      "avg_validation_rr": -0.6221994977389691
    },
    "USOIL": {
      "trades": 7,
      "resolved": 3,
      "win_rate": 1.0,
      "avg_validation_rr": 1.2809781104671882
    },
    "XAGUSD": {
      "trades": 17,
      "resolved": 16,
      "win_rate": 0.1875,
      "avg_validation_rr": -0.5180538563892746
    }
  }
}
