{
  "generated_utc": "2025-12-17T00:56:33.831867+00:00",
  "evaluated_trades": 154,
  "resolved_trades": 124,
  "wins": 63,
  "losses": 61,
  "ambiguous": 0,
  "win_rate": 0.5080645161290323,
  "avg_validation_rr": 0.2274399975453663,
  "max_drawdown_rr": 9.862305912272632,
  "rule_based_performance": {
    "trades": 154,
    "resolved": 124,
    "wins": 63,
    "losses": 61,
    "ambiguous": 0,
    "win_rate": 0.5080645161290323,
    "avg_validation_rr": 0.2274399975453663,
    "max_drawdown_rr": 9.862305912272632
  },
  "assets": {
    "BTCUSD": {
      "trades": 43,
      "resolved": 31,
      "win_rate": 0.3548387096774194,
      "avg_validation_rr": -0.057557964613229415
    },
    "EURUSD": {
      "trades": 39,
      "resolved": 39,
      "win_rate": 0.23076923076923078,
      "avg_validation_rr": -0.0317719551115113
    },
    "GOLD_CFD": {
      "trades": 23,
      "resolved": 10,
      "win_rate": 0.9,
      "avg_validation_rr": 0.23132566753265915
    },
    "NVDA": {
      "trades": 4,
      "resolved": 4,
      "win_rate": 0.25,
      "avg_validation_rr": -0.2780254562964791
    },
    "USOIL": {
      "trades": 10,
      "resolved": 5,
      "win_rate": 0.8,
      "avg_validation_rr": 1.2879999999999998
    },
    "XAGUSD": {
      "trades": 35,
      "resolved": 35,
      "win_rate": 0.8285714285714286,
      "avg_validation_rr": 0.6738516570812514
    }
  }
}
