{
  "generated_utc": "2025-12-17T02:33:25.943222+00:00",
  "evaluated_trades": 159,
  "resolved_trades": 130,
  "wins": 64,
  "losses": 66,
  "ambiguous": 0,
  "win_rate": 0.49230769230769234,
  "avg_validation_rr": 0.4832395941856463,
  "max_drawdown_rr": 4.006813091355049,
  "rule_based_performance": {
    "trades": 159,
    "resolved": 130,
    "wins": 64,
    "losses": 66,
    "ambiguous": 0,
    "win_rate": 0.49230769230769234,
    "avg_validation_rr": 0.4832395941856463,
    "max_drawdown_rr": 4.006813091355049
  },
  "assets": {
    "BTCUSD": {
      "trades": 45,
      "resolved": 33,
      "win_rate": 0.36363636363636365,
      "avg_validation_rr": -0.07731290989566911
    },
    "EURUSD": {
      "trades": 39,
      "resolved": 39,
      "win_rate": 0.10256410256410256,
      "avg_validation_rr": -0.08925131340038363
    },
    "GOLD_CFD": {
      "trades": 23,
      "resolved": 10,
      "win_rate": 0.9,
      "avg_validation_rr": 0.3740635665621378
    },
    "NVDA": {
      "trades": 4,
      "resolved": 4,
      "win_rate": 0.25,
      "avg_validation_rr": -0.2780254562964791
    },
    "USOIL": {
      "trades": 11,
      "resolved": 7,
      "win_rate": 0.7142857142857143,
      "avg_validation_rr": 0.8711282856098673
    },
    "XAGUSD": {
      "trades": 37,
      "resolved": 37,
      "win_rate": 0.8918918918918919,
      "avg_validation_rr": 1.62504980144869
    }
  }
}
