{
  "generated_utc": "2025-12-15T21:52:39.494644+00:00",
  "evaluated_trades": 74,
  "resolved_trades": 55,
  "wins": 34,
  "losses": 21,
  "ambiguous": 0,
  "win_rate": 0.6181818181818182,
  "avg_validation_rr": 0.5885185197345747,
  "max_drawdown_rr": 2.105476338370849,
  "rule_based_performance": {
    "trades": 74,
    "resolved": 55,
    "wins": 34,
    "losses": 21,
    "ambiguous": 0,
    "win_rate": 0.6181818181818182,
    "avg_validation_rr": 0.5885185197345747,
    "max_drawdown_rr": 2.105476338370849
  },
  "assets": {
    "BTCUSD": {
      "trades": 27,
      "resolved": 27,
      "win_rate": 0.6666666666666666,
      "avg_validation_rr": 1.0613567734544231
    },
    "EURUSD": {
      "trades": 12,
      "resolved": 11,
      "win_rate": 0.5454545454545454,
      "avg_validation_rr": 0.005743890314567014
    },
    "GOLD_CFD": {
      "trades": 16,
      "resolved": 3,
      "win_rate": 0.0,
      "avg_validation_rr": -0.35066000743385445
    },
    "USOIL": {
      "trades": 7,
      "resolved": 3,
      "win_rate": 1.0,
      "avg_validation_rr": 0.9161590055834803
    },
    "XAGUSD": {
      "trades": 12,
      "resolved": 11,
      "win_rate": 0.6363636363636364,
      "avg_validation_rr": 0.17747326492937104
    }
  }
}
