{
  "generated_utc": "2025-12-18T10:24:44.127781+00:00",
  "evaluated_trades": 259,
  "resolved_trades": 167,
  "wins": 67,
  "losses": 100,
  "ambiguous": 0,
  "win_rate": 0.40119760479041916,
  "avg_validation_rr": 0.07553098452526277,
  "max_drawdown_rr": 19.96578067002554,
  "rule_based_performance": {
    "trades": 259,
    "resolved": 167,
    "wins": 67,
    "losses": 100,
    "ambiguous": 0,
    "win_rate": 0.40119760479041916,
    "avg_validation_rr": 0.07553098452526277,
    "max_drawdown_rr": 19.96578067002554
  },
  "assets": {
    "BTCUSD": {
      "trades": 60,
      "resolved": 27,
      "win_rate": 0.18518518518518517,
      "avg_validation_rr": -0.5680285145282628
    },
    "EURUSD": {
      "trades": 56,
      "resolved": 40,
      "win_rate": 0.1,
      "avg_validation_rr": -0.18284467852847378
    },
    "GOLD_CFD": {
      "trades": 40,
      "resolved": 21,
      "win_rate": 0.38095238095238093,
      "avg_validation_rr": 0.03120828094714674
    },
    "NVDA": {
      "trades": 4,
      "resolved": 4,
      "win_rate": 0.5,
      "avg_validation_rr": 0.40249999999999553
    },
    "USOIL": {
      "trades": 24,
      "resolved": 16,
      "win_rate": 0.5625,
      "avg_validation_rr": -0.08238901476836344
    },
    "XAGUSD": {
      "trades": 75,
      "resolved": 59,
      "win_rate": 0.6610169491525424,
      "avg_validation_rr": 0.5816454539919438
    }
  }
}
