{
  "generated_utc": "2025-12-14T19:48:51.166881+00:00",
  "evaluated_trades": 29,
  "resolved_trades": 11,
  "wins": 9,
  "losses": 2,
  "ambiguous": 0,
  "win_rate": 0.8181818181818182,
  "avg_validation_rr": 0.6582819592729723,
  "max_drawdown_rr": 1.2665533428391722,
  "rule_based_performance": {
    "trades": 29,
    "resolved": 11,
    "wins": 9,
    "losses": 2,
    "ambiguous": 0,
    "win_rate": 0.8181818181818182,
    "avg_validation_rr": 0.6582819592729723,
    "max_drawdown_rr": 1.2665533428391722
  },
  "assets": {
    "BTCUSD": {
      "trades": 12,
      "resolved": 11,
      "win_rate": 0.8181818181818182,
      "avg_validation_rr": 0.6582819592729723
    },
    "GOLD_CFD": {
      "trades": 13,
      "resolved": 0,
      "win_rate": null,
      "avg_validation_rr": null
    },
    "USOIL": {
      "trades": 4,
      "resolved": 0,
      "win_rate": null,
      "avg_validation_rr": null
    }
  }
}
