{
  "generated_utc": "2025-12-16T14:45:38.308195+00:00",
  "evaluated_trades": 126,
  "resolved_trades": 105,
  "wins": 68,
  "losses": 37,
  "ambiguous": 0,
  "win_rate": 0.6476190476190476,
  "avg_validation_rr": 0.3200725618807928,
  "max_drawdown_rr": 11.877690644408393,
  "rule_based_performance": {
    "trades": 126,
    "resolved": 105,
    "wins": 68,
    "losses": 37,
    "ambiguous": 0,
    "win_rate": 0.6476190476190476,
    "avg_validation_rr": 0.3200725618807928,
    "max_drawdown_rr": 11.877690644408393
  },
  "assets": {
    "BTCUSD": {
      "trades": 40,
      "resolved": 37,
      "win_rate": 0.43243243243243246,
      "avg_validation_rr": 0.3307287806316346
    },
    "EURUSD": {
      "trades": 31,
      "resolved": 31,
      "win_rate": 0.8709677419354839,
      "avg_validation_rr": 0.2171947944307123
    },
    "GOLD_CFD": {
      "trades": 22,
      "resolved": 9,
      "win_rate": 0.8888888888888888,
      "avg_validation_rr": 0.4704488442511124
    },
    "USOIL": {
      "trades": 8,
      "resolved": 4,
      "win_rate": 1.0,
      "avg_validation_rr": 1.6702517921146942
    },
    "XAGUSD": {
      "trades": 25,
      "resolved": 24,
      "win_rate": 0.5416666666666666,
      "avg_validation_rr": 0.1551070300017456
    }
  }
}
