{
  "generated_utc": "2025-12-16T15:03:19.552486+00:00",
  "evaluated_trades": 130,
  "resolved_trades": 106,
  "wins": 68,
  "losses": 38,
  "ambiguous": 0,
  "win_rate": 0.6415094339622641,
  "avg_validation_rr": 0.3240115320985095,
  "max_drawdown_rr": 11.590950884469294,
  "rule_based_performance": {
    "trades": 130,
    "resolved": 106,
    "wins": 68,
    "losses": 38,
    "ambiguous": 0,
    "win_rate": 0.6415094339622641,
    "avg_validation_rr": 0.3240115320985095,
    "max_drawdown_rr": 11.590950884469294
  },
  "assets": {
    "BTCUSD": {
      "trades": 41,
      "resolved": 37,
      "win_rate": 0.43243243243243246,
      "avg_validation_rr": 0.3265087030803779
    },
    "EURUSD": {
      "trades": 32,
      "resolved": 31,
      "win_rate": 0.8709677419354839,
      "avg_validation_rr": 0.2651785075898526
    },
    "GOLD_CFD": {
      "trades": 22,
      "resolved": 9,
      "win_rate": 0.8888888888888888,
      "avg_validation_rr": 0.47669793414184425
    },
    "NVDA": {
      "trades": 1,
      "resolved": 0,
      "win_rate": null,
      "avg_validation_rr": null
    },
    "USOIL": {
      "trades": 8,
      "resolved": 4,
      "win_rate": 1.0,
      "avg_validation_rr": 1.7419363799283127
    },
    "XAGUSD": {
      "trades": 26,
      "resolved": 25,
      "win_rate": 0.52,
      "avg_validation_rr": 0.11143358904771038
    }
  }
}
