{
  "generated_utc": "2025-12-18T10:54:45.800871+00:00",
  "evaluated_trades": 260,
  "resolved_trades": 169,
  "wins": 71,
  "losses": 98,
  "ambiguous": 0,
  "win_rate": 0.42011834319526625,
  "avg_validation_rr": 0.11202922287084688,
  "max_drawdown_rr": 18.054207688537325,
  "rule_based_performance": {
    "trades": 260,
    "resolved": 169,
    "wins": 71,
    "losses": 98,
    "ambiguous": 0,
    "win_rate": 0.42011834319526625,
    "avg_validation_rr": 0.11202922287084688,
    "max_drawdown_rr": 18.054207688537325
  },
  "assets": {
    "BTCUSD": {
      "trades": 60,
      "resolved": 27,
      "win_rate": 0.18518518518518517,
      "avg_validation_rr": -0.5654583055840797
    },
    "EURUSD": {
      "trades": 56,
      "resolved": 40,
      "win_rate": 0.125,
      "avg_validation_rr": -0.1470931009138821
    },
    "GOLD_CFD": {
      "trades": 40,
      "resolved": 21,
      "win_rate": 0.38095238095238093,
      "avg_validation_rr": 0.045485401787534956
    },
    "NVDA": {
      "trades": 4,
      "resolved": 4,
      "win_rate": 0.5,
      "avg_validation_rr": 0.40249999999999553
    },
    "USOIL": {
      "trades": 24,
      "resolved": 17,
      "win_rate": 0.6470588235294118,
      "avg_validation_rr": 0.09208438334092549
    },
    "XAGUSD": {
      "trades": 76,
      "resolved": 60,
      "win_rate": 0.6666666666666666,
      "avg_validation_rr": 0.5992234833027434
    }
  }
}
