{
  "generated_utc": "2025-12-16T12:23:15.869343+00:00",
  "evaluated_trades": 120,
  "resolved_trades": 100,
  "wins": 57,
  "losses": 43,
  "ambiguous": 0,
  "win_rate": 0.57,
  "avg_validation_rr": 0.10448808465124693,
  "max_drawdown_rr": 18.8950008579057,
  "rule_based_performance": {
    "trades": 120,
    "resolved": 100,
    "wins": 57,
    "losses": 43,
    "ambiguous": 0,
    "win_rate": 0.57,
    "avg_validation_rr": 0.10448808465124693,
    "max_drawdown_rr": 18.8950008579057
  },
  "assets": {
    "BTCUSD": {
      "trades": 38,
      "resolved": 35,
      "win_rate": 0.42857142857142855,
      "avg_validation_rr": 0.3263816632205793
    },
    "EURUSD": {
      "trades": 30,
      "resolved": 30,
      "win_rate": 0.9333333333333333,
      "avg_validation_rr": 0.08422393767691418
    },
    "GOLD_CFD": {
      "trades": 22,
      "resolved": 9,
      "win_rate": 0.3333333333333333,
      "avg_validation_rr": -0.3139212201177244
    },
    "USOIL": {
      "trades": 7,
      "resolved": 3,
      "win_rate": 1.0,
      "avg_validation_rr": 2.0
    },
    "XAGUSD": {
      "trades": 23,
      "resolved": 23,
      "win_rate": 0.34782608695652173,
      "avg_validation_rr": -0.29025986508015167
    }
  }
}
