{
  "generated_utc": "2025-12-18T08:08:49.732490+00:00",
  "evaluated_trades": 254,
  "resolved_trades": 162,
  "wins": 71,
  "losses": 90,
  "ambiguous": 1,
  "win_rate": 0.4382716049382716,
  "avg_validation_rr": 0.2329439948994955,
  "max_drawdown_rr": 6.397416256196969,
  "rule_based_performance": {
    "trades": 254,
    "resolved": 162,
    "wins": 71,
    "losses": 90,
    "ambiguous": 1,
    "win_rate": 0.4382716049382716,
    "avg_validation_rr": 0.2329439948994955,
    "max_drawdown_rr": 6.397416256196969
  },
  "assets": {
    "BTCUSD": {
      "trades": 60,
      "resolved": 27,
      "win_rate": 0.18518518518518517,
      "avg_validation_rr": -0.4399736320018167
    },
    "EURUSD": {
      "trades": 56,
      "resolved": 40,
      "win_rate": 0.125,
      "avg_validation_rr": -0.09794102801476824
    },
    "GOLD_CFD": {
      "trades": 40,
      "resolved": 21,
      "win_rate": 0.38095238095238093,
      "avg_validation_rr": 0.16893963244754417
    },
    "NVDA": {
      "trades": 4,
      "resolved": 4,
      "win_rate": 0.5,
      "avg_validation_rr": 0.40249999999999553
    },
    "USOIL": {
      "trades": 22,
      "resolved": 14,
      "win_rate": 0.21428571428571427,
      "avg_validation_rr": -0.40556394925914513
    },
    "XAGUSD": {
      "trades": 72,
      "resolved": 56,
      "win_rate": 0.8571428571428571,
      "avg_validation_rr": 0.9652503458319227
    }
  }
}
