{
  "generated_utc": "2025-12-17T17:29:15.339835+00:00",
  "evaluated_trades": 195,
  "resolved_trades": 154,
  "wins": 85,
  "losses": 69,
  "ambiguous": 0,
  "win_rate": 0.551948051948052,
  "avg_validation_rr": 0.37876569747337163,
  "max_drawdown_rr": 7.53468099344682,
  "rule_based_performance": {
    "trades": 195,
    "resolved": 154,
    "wins": 85,
    "losses": 69,
    "ambiguous": 0,
    "win_rate": 0.551948051948052,
    "avg_validation_rr": 0.37876569747337163,
    "max_drawdown_rr": 7.53468099344682
  },
  "assets": {
    "BTCUSD": {
      "trades": 51,
      "resolved": 34,
      "win_rate": 0.23529411764705882,
      "avg_validation_rr": -0.33442198437416315
    },
    "EURUSD": {
      "trades": 42,
      "resolved": 41,
      "win_rate": 0.4634146341463415,
      "avg_validation_rr": -0.0023482664992516386
    },
    "GOLD_CFD": {
      "trades": 27,
      "resolved": 13,
      "win_rate": 1.0,
      "avg_validation_rr": 0.7401913113383323
    },
    "NVDA": {
      "trades": 4,
      "resolved": 4,
      "win_rate": 0.5,
      "avg_validation_rr": 0.40249999999999553
    },
    "USOIL": {
      "trades": 15,
      "resolved": 9,
      "win_rate": 0.4444444444444444,
      "avg_validation_rr": -0.01447832613517519
    },
    "XAGUSD": {
      "trades": 56,
      "resolved": 53,
      "win_rate": 0.7358490566037735,
      "avg_validation_rr": 1.1074407866775164
    }
  }
}
