{
  "generated_utc": "2025-12-15T12:22:33.038030+00:00",
  "evaluated_trades": 39,
  "resolved_trades": 22,
  "wins": 11,
  "losses": 11,
  "ambiguous": 0,
  "win_rate": 0.5,
  "avg_validation_rr": -0.14130544508880918,
  "max_drawdown_rr": 6.8675290691143775,
  "rule_based_performance": {
    "trades": 39,
    "resolved": 22,
    "wins": 11,
    "losses": 11,
    "ambiguous": 0,
    "win_rate": 0.5,
    "avg_validation_rr": -0.14130544508880918,
    "max_drawdown_rr": 6.8675290691143775
  },
  "assets": {
    "BTCUSD": {
      "trades": 17,
      "resolved": 17,
      "win_rate": 0.4117647058823529,
      "avg_validation_rr": -0.20970814808322766
    },
    "EURUSD": {
      "trades": 1,
      "resolved": 1,
      "win_rate": 1.0,
      "avg_validation_rr": 0.053634366859061845
    },
    "GOLD_CFD": {
      "trades": 14,
      "resolved": 1,
      "win_rate": 1.0,
      "avg_validation_rr": 0.07440522201382778
    },
    "USOIL": {
      "trades": 5,
      "resolved": 1,
      "win_rate": 1.0,
      "avg_validation_rr": 0.2542372881355924
    },
    "XAGUSD": {
      "trades": 2,
      "resolved": 2,
      "win_rate": 0.5,
      "avg_validation_rr": 0.037020924226292815
    }
  }
}
