{
  "generated_utc": "2025-12-18T17:05:05.116382+00:00",
  "evaluated_trades": 274,
  "resolved_trades": 153,
  "wins": 60,
  "losses": 93,
  "ambiguous": 0,
  "win_rate": 0.39215686274509803,
  "avg_validation_rr": 0.033445166469629396,
  "max_drawdown_rr": 25.579797430397814,
  "rule_based_performance": {
    "trades": 274,
    "resolved": 153,
    "wins": 60,
    "losses": 93,
    "ambiguous": 0,
    "win_rate": 0.39215686274509803,
    "avg_validation_rr": 0.033445166469629396,
    "max_drawdown_rr": 25.579797430397814
  },
  "assets": {
    "BTCUSD": {
      "trades": 62,
      "resolved": 24,
      "win_rate": 0.3333333333333333,
      "avg_validation_rr": -0.022133095626346504
    },
    "EURUSD": {
      "trades": 57,
      "resolved": 27,
      "win_rate": 0.18518518518518517,
      "avg_validation_rr": -0.1182490989275984
    },
    "GOLD_CFD": {
      "trades": 42,
      "resolved": 20,
      "win_rate": 0.95,
      "avg_validation_rr": 0.5977608282476907
    },
    "NVDA": {
      "trades": 6,
      "resolved": 6,
      "win_rate": 0.6666666666666666,
      "avg_validation_rr": 1.0804652537887491
    },
    "USOIL": {
      "trades": 25,
      "resolved": 18,
      "win_rate": 0.3333333333333333,
      "avg_validation_rr": -0.21161724391944609
    },
    "XAGUSD": {
      "trades": 82,
      "resolved": 58,
      "win_rate": 0.3103448275862069,
      "avg_validation_rr": -0.09979081484837088
    }
  }
}
