{
  "generated_utc": "2025-12-21T18:27:51.063679+00:00",
  "evaluated_trades": 331,
  "resolved_trades": 50,
  "wins": 11,
  "losses": 39,
  "ambiguous": 0,
  "win_rate": 0.22,
  "avg_validation_rr": -0.27673468873799106,
  "max_drawdown_rr": 18.139827933430965,
  "rule_based_performance": {
    "trades": 331,
    "resolved": 50,
    "wins": 11,
    "losses": 39,
    "ambiguous": 0,
    "win_rate": 0.22,
    "avg_validation_rr": -0.27673468873799106,
    "max_drawdown_rr": 18.139827933430965
  },
  "assets": {
    "BTCUSD": {
      "trades": 75,
      "resolved": 3,
      "win_rate": 0.3333333333333333,
      "avg_validation_rr": -0.1402366785931536
    },
    "EURUSD": {
      "trades": 61,
      "resolved": 19,
      "win_rate": 0.15789473684210525,
      "avg_validation_rr": -0.13891884939876006
    },
    "GOLD_CFD": {
      "trades": 53,
      "resolved": 1,
      "win_rate": 1.0,
      "avg_validation_rr": 0.11938170946795561
    },
    "NVDA": {
      "trades": 7,
      "resolved": 4,
      "win_rate": 0.25,
      "avg_validation_rr": -0.4698759031024214
    },
    "USOIL": {
      "trades": 34,
      "resolved": 20,
      "win_rate": 0.1,
      "avg_validation_rr": -0.6198253233125458
    },
    "XAGUSD": {
      "trades": 101,
      "resolved": 3,
      "win_rate": 1.0,
      "avg_validation_rr": 1.126687368882999
    }
  }
}
