{
  "generated_utc": "2025-12-16T11:26:27.101918+00:00",
  "evaluated_trades": 120,
  "resolved_trades": 99,
  "wins": 37,
  "losses": 62,
  "ambiguous": 0,
  "win_rate": 0.37373737373737376,
  "avg_validation_rr": 0.023217432983896058,
  "max_drawdown_rr": 25.10761701771478,
  "rule_based_performance": {
    "trades": 120,
    "resolved": 99,
    "wins": 37,
    "losses": 62,
    "ambiguous": 0,
    "win_rate": 0.37373737373737376,
    "avg_validation_rr": 0.023217432983896058,
    "max_drawdown_rr": 25.10761701771478
  },
  "assets": {
    "BTCUSD": {
      "trades": 38,
      "resolved": 35,
      "win_rate": 0.42857142857142855,
      "avg_validation_rr": 0.3126970632616779
    },
    "EURUSD": {
      "trades": 30,
      "resolved": 29,
      "win_rate": 0.5517241379310345,
      "avg_validation_rr": 0.009664763678480903
    },
    "GOLD_CFD": {
      "trades": 22,
      "resolved": 9,
      "win_rate": 0.0,
      "avg_validation_rr": -0.5703789396050081
    },
    "USOIL": {
      "trades": 7,
      "resolved": 3,
      "win_rate": 1.0,
      "avg_validation_rr": 2.0
    },
    "XAGUSD": {
      "trades": 23,
      "resolved": 23,
      "win_rate": 0.13043478260869565,
      "avg_validation_rr": -0.425771262564517
    }
  }
}
