{
  "generated_utc": "2025-12-14T15:59:55.163439+00:00",
  "evaluated_trades": 24,
  "resolved_trades": 7,
  "wins": 5,
  "losses": 2,
  "ambiguous": 0,
  "win_rate": 0.7142857142857143,
  "avg_validation_rr": 0.6854532835694922,
  "max_drawdown_rr": 0.4171277891271892,
  "rule_based_performance": {
    "trades": 24,
    "resolved": 7,
    "wins": 5,
    "losses": 2,
    "ambiguous": 0,
    "win_rate": 0.7142857142857143,
    "avg_validation_rr": 0.6854532835694922,
    "max_drawdown_rr": 0.4171277891271892
  },
  "assets": {
    "BTCUSD": {
      "trades": 7,
      "resolved": 7,
      "win_rate": 0.7142857142857143,
      "avg_validation_rr": 0.6854532835694922
    },
    "GOLD_CFD": {
      "trades": 13,
      "resolved": 0,
      "win_rate": null,
      "avg_validation_rr": null
    },
    "USOIL": {
      "trades": 4,
      "resolved": 0,
      "win_rate": null,
      "avg_validation_rr": null
    }
  }
}
