{
  "generated_utc": "2025-12-16T19:28:27.418108+00:00",
  "evaluated_trades": 147,
  "resolved_trades": 122,
  "wins": 65,
  "losses": 56,
  "ambiguous": 1,
  "win_rate": 0.5327868852459017,
  "avg_validation_rr": 0.20484478207462273,
  "max_drawdown_rr": 16.155792729507574,
  "rule_based_performance": {
    "trades": 147,
    "resolved": 122,
    "wins": 65,
    "losses": 56,
    "ambiguous": 1,
    "win_rate": 0.5327868852459017,
    "avg_validation_rr": 0.20484478207462273,
    "max_drawdown_rr": 16.155792729507574
  },
  "assets": {
    "BTCUSD": {
      "trades": 43,
      "resolved": 37,
      "win_rate": 0.4594594594594595,
      "avg_validation_rr": 0.324644459206688
    },
    "EURUSD": {
      "trades": 37,
      "resolved": 37,
      "win_rate": 0.3783783783783784,
      "avg_validation_rr": -0.020499189994319156
    },
    "GOLD_CFD": {
      "trades": 22,
      "resolved": 9,
      "win_rate": 0.7777777777777778,
      "avg_validation_rr": 0.10460299912543096
    },
    "NVDA": {
      "trades": 4,
      "resolved": 3,
      "win_rate": 0.6666666666666666,
      "avg_validation_rr": -0.13036210589727107
    },
    "USOIL": {
      "trades": 8,
      "resolved": 4,
      "win_rate": 1.0,
      "avg_validation_rr": 1.8599999999999997
    },
    "XAGUSD": {
      "trades": 33,
      "resolved": 32,
      "win_rate": 0.65625,
      "avg_validation_rr": 0.1796046180565395
    }
  }
}
